user_id,name,email,signup_date,city,state
ad759c67-2f99-4d76-b2f6-fd054bea6a79,Sara Correia,miguelazevedo@example.org,2023-10-05,Alves,MS
37c4f56b-cd6f-4da1-b7a9-ba3f5b793d12,Srta. Ísis Moreira,ssiqueira@example.org,2025-07-08,Brito,SC
fb6668f5-1a6d-4ab0-8211-f6d979747d22,Maria Sophia Câmara,jcastro@example.net,2023-11-30,Melo da Prata,CE
0d8179c5-c63e-48cd-b3a0-9c571c3af6f9,Maria Julia Pacheco,marcos-vinicius00@example.org,2024-12-15,Gomes de Guerra,PR
a66a4243-e5d6-4b90-b6b9-95f431db0151,Joaquim Rezende,barroslarissa@example.com,2024-10-07,da Conceição,RO
4412664f-9e6b-4655-ad59-f27b90882136,Ana Luiza Cunha,leaoerick@example.net,2025-06-20,Gomes,GO
836322a3-fc12-4140-8043-73e9116d22a0,Léo Almeida,vitor-gabrielda-luz@example.org,2024-11-25,Fogaça,CE
d8a32d7c-e6eb-4fee-9676-38ce954bda23,Fernanda da Cunha,luararocha@example.com,2024-07-15,Silva,AL
06cc2202-7128-4440-bc1d-023b97f22710,Dr. Rafael Brito,giovannamartins@example.com,2024-01-12,Ramos,AL
9694e152-5109-46f1-a658-e24d3ea7a98c,Giovanna Pereira,eleao@example.com,2025-06-01,da Rosa de Duarte,RN
02393160-5c83-4263-a2fd-1bec755f94fd,Juan Costa,olivermonteiro@example.net,2024-03-23,Carvalho da Praia,AP
a3c1d6e1-480b-46c5-896a-56cdf32992aa,Clara Barros,cardosoaylla@example.org,2025-05-15,da Luz,PA
4e49a5f6-087f-4f02-8432-f83b0d0fb581,Pedro Miguel Abreu,yalves@example.com,2024-12-22,Souza de Sousa,PR
7b14bbe9-431d-4483-8bd1-46164493ba9c,Francisco Fonseca,isabellacorreia@example.com,2024-12-08,Lopes da Mata,PI
073a2ba9-5f43-45b8-8b3d-a930d6c281a0,Dr. Benjamin da Costa,hnovaes@example.org,2023-09-29,Mendes Verde,RS
375e13df-fcea-4d33-855b-09e2cba01cab,Luiz Fernando Pereira,oliviada-paz@example.org,2024-08-11,Silva,TO
0f671745-9bdf-437c-9757-86a05f6e1e89,Nicole Moreira,mariah18@example.org,2023-12-12,Alves de da Costa,MG
340cbbc5-bff6-49eb-b84a-9bf00938edc8,Aurora Correia,mathias80@example.org,2024-06-06,Brito,SP
e43d9ccb-55b6-4f58-a66f-2cd52e5f5316,Davi Lucca Ramos,pimentavinicius@example.org,2024-01-19,Garcia,RJ
b623f6b3-974d-4186-9103-ca160e10b357,Alexandre Câmara,carolina02@example.net,2025-03-13,Cardoso Verde,AC
9b0a3e97-fc57-4457-a84d-7a4f1e32f8a6,Sra. Ana Carolina Aragão,henry00@example.com,2025-08-20,Castro,SP
97923088-d5dc-4e59-b5de-a5b8ae0008fd,Antony Santos,oguerra@example.org,2024-12-01,da Luz Grande,TO
eadaf38d-d4fc-4a9e-b1d7-434c8d645105,Lavínia das Neves,santostheo@example.com,2024-12-31,Andrade da Praia,RO
f18f7aca-e99b-4a58-b775-a4d47e97830a,Dra. Maria Cecília Rocha,ottovasconcelos@example.org,2024-10-18,Cavalcanti da Prata,PI
a6f637ae-5a54-4517-b039-9a26e0026307,Bruno da Costa,fcaldeira@example.com,2025-02-03,da Costa,RN
e17d80ad-b2d8-4542-bcb4-b4e3678931db,Natália Fogaça,barbosaana-sophia@example.com,2023-10-29,Porto,AM
5cb899f2-0fb6-4c7e-b77f-e73ca5b370a5,Maria Flor Andrade,ribeirogustavo@example.net,2024-09-17,Marques de da Costa,AL
14976d1d-1bc0-4256-a679-530491953f26,Arthur Gabriel Montenegro,hadassamoreira@example.org,2025-01-30,Novais dos Dourados,TO
609713aa-ccd1-42e2-ae1b-9fc622692af1,Ana Vitória Ribeiro,pedrolopes@example.com,2025-02-01,Rios de Vargas,MA
5cd06f5c-8256-4682-85c4-f9507bbddaf0,Thomas Souza,cunhapietro@example.net,2024-12-26,Brito do Amparo,AM
279cc6b2-fed9-4f17-bc59-1b99fe3fe960,Dr. Gael Montenegro,arthur46@example.com,2024-03-26,Rezende da Mata,SE
8da442a6-29c0-400b-b47e-f830774b28e5,Lavínia Moura,zda-cunha@example.org,2025-05-08,Leão,SC
242f45cd-2908-4f26-8215-60495effeb86,Lucca Vargas,isis91@example.net,2024-07-04,Garcia Alegre,MT
227e1dc1-b89f-405d-bb38-6afc8c5f8c80,Allana da Conceição,isis08@example.com,2024-07-22,Mendonça,RN
fd5b9f48-9a60-498e-a5ca-261eb4104dce,Sra. Larissa Cavalcanti,evelynteixeira@example.net,2024-03-31,da Cruz,SE
83a6d832-740f-4bcd-a16b-cc13b1e4836c,Rafaela Borges,machadoana-luiza@example.com,2025-06-26,Rodrigues,CE
4bef8c26-a0a4-4613-bd9f-e956538c4400,Lucas Brito,uguerra@example.com,2024-10-06,Camargo,MA
fa7b0c4e-d1d2-4ef8-b1e6-1571722345b6,Ana Vitória Fonseca,cirinomiguel@example.org,2024-09-21,da Paz do Amparo,RR
cacde4f0-2f5f-41cb-82d9-c49f0ef9f999,Sarah Dias,gustavoferreira@example.org,2023-10-24,Silva Grande,GO
e15cdd3c-342d-4603-a399-e5f210d4543f,Brenda Costela,jade35@example.org,2023-10-30,Sampaio das Flores,RJ
77932233-b190-4ed2-b9ab-a7edaa096e77,Luana da Paz,pastormarina@example.net,2025-03-25,Nogueira,DF
e43efd7b-5937-4b5c-ba18-3b23ff266df7,Maria Fernanda Fogaça,novaiscarolina@example.com,2025-03-28,Sales do Oeste,GO
9d82c0af-779d-4489-91dc-13166e1d8b81,Dr. Oliver da Cruz,xsouza@example.net,2024-01-02,Carvalho,RJ
abe0cf74-e386-44dc-94ae-45a20422d890,Marcos Vinicius Cardoso,,2025-07-22,Rocha do Galho,MT
6f23a0f1-2fa9-4b41-ae05-aa9149d368d0,Theo da Rosa,,2024-06-30,Cardoso da Mata,AP
e5dd3623-2e37-4b8d-83bf-1c278c01ccc9,Caleb Silva,das-nevesjosue@example.org,2024-03-25,Dias da Praia,BA
392b22be-38a9-495c-9a88-e7d1ab5cff2a,João Felipe da Cruz,qribeiro@example.net,2023-12-14,Monteiro,MS
fc65acfc-29a9-4e0e-a191-ea98c8b704fc,Henry Gabriel Albuquerque,melobrayan@example.net,2025-06-24,Vargas de Caldeira,MT
7d1a720b-6db6-43e9-a980-5cedf8d73f45,Ian Farias,bfarias@example.net,2024-09-15,da Cruz,TO
7277345d-0573-4788-8e87-317571252a5b,Srta. Juliana Aparecida,teixeiraamanda@example.com,2023-12-20,Cavalcante,RS
3c9494b2-27a2-455b-8fcf-5f8be08c5002,Isabella Gomes,sophie76@example.org,2024-07-17,Fonseca,RN
bfcc3755-9192-447e-b258-ab721de2fc19,Heloisa Cunha,luiz-miguellima@example.org,2025-02-13,Silveira,AL
f9f24e9a-5655-45e1-b9fb-3948c51415a8,Stella Mendonça,eloa41@example.org,2024-02-01,Dias,RO
1d3372d5-536f-4fe3-bbb5-424e04215a3f,Ester Gonçalves,riosmaria-liz@example.org,2024-06-19,Garcia de Melo,BA
d4818203-14f0-4233-9da0-ac4541d8d202,Bernardo Guerra,joanacampos@example.net,2024-09-24,Novais,TO
400c4f76-f2f8-45bd-a694-ad722500dc2c,Dra. Letícia Monteiro,marinafernandes@example.com,2024-05-21,Casa Grande,BA
bf906ae2-8a0d-4cc3-b82b-a87460956d9e,Joaquim Moura,,2025-06-12,Pereira,AC
8e439aa0-b11d-438f-b0a5-64b1de8cee02,Sr. João Gabriel Pinto,machadoagatha@example.com,2024-10-11,Camargo das Flores,PE
5bf37783-ab1d-4a00-be4f-698dc13d458d,Benicio Santos,isousa@example.net,2024-06-21,Nascimento da Mata,SE
383b3179-f9fd-427a-b851-cba78de2613a,Lavínia Lopes,bernardopereira@example.net,2025-06-21,Câmara da Mata,AC
09c31b51-fdd9-4850-8b38-4d3d4b23c50e,Daniel Novais,rafaellima@example.org,2025-01-02,Dias das Flores,RS
c4a818ff-933f-4275-8b5e-80161882af17,Vinícius Silveira,benjamin08@example.org,2024-04-17,Castro dos Dourados,MG
9674e026-78e2-41f6-bcab-b822766a5bfc,Eduarda Albuquerque,luisa87@example.net,2024-02-05,Silva dos Dourados,PE
2f7acccf-2dfc-48ef-86ef-ff1aef4cc43a,Vinícius Azevedo,beniciomartins@example.org,2023-12-20,Nascimento Alegre,RS
2f3bac3e-04c6-43db-b6cc-d1797ece7cbf,José da Cruz,lbrito@example.com,2024-05-20,Aparecida do Oeste,RJ
09ca267f-89a4-453c-bea5-6f2edb0ebf1f,Eduarda Castro,vicenteda-luz@example.net,2024-09-05,Araújo,AP
6ac45ce4-36a8-4a1a-b6a3-0d3495f2cc33,Yasmin Barros,pimentaaugusto@example.com,2024-04-19,Moura,PE
c6859504-4c3f-4a11-87e4-d20730e023d5,Bella Pereira,garciaravi@example.org,2024-08-20,Andrade,AP
481e4b1c-d9c7-4f6f-afd1-42e593c1d67e,Theodoro Freitas,maysaramos@example.com,2024-08-21,Camargo,MA
5465b20f-95e7-42f0-ae2b-c652255dc4af,Eloah Abreu,dfernandes@example.org,2024-01-30,Castro,AC
0890daf3-9c6d-45b5-aeb1-4ec9abf81e8e,Catarina Silveira,carvalhomaria-julia@example.net,2024-11-23,Martins,MA
85b2f63d-401c-4598-8fbc-b57ead93ecd5,Noah Costa,yuri73@example.org,2025-01-25,Freitas,DF
f6f82b6d-73d6-48aa-9f96-4cace38657e7,Henrique Siqueira,mirellaleao@example.com,2025-06-12,Peixoto do Campo,TO
678f95bf-7211-4d4f-95fa-1e3f2d02c131,Lavínia Garcia,,2024-03-04,Pires,PB
49767290-cccb-46d7-8d6f-ac3228c73594,Ester Fernandes,evelynpimenta@example.org,2025-05-18,Fogaça,PR
bca1046c-4671-4e12-904e-3e55afb4acac,Rael Campos,maitesouza@example.org,2025-05-10,Pimenta,MT
9281dc62-caff-40b2-9d09-6e1989d6d135,Thales das Neves,igorcamargo@example.net,2025-01-07,Azevedo,AP
0ab968fb-5d60-441c-9ee4-302073e853cf,Pedro Lucas da Paz,maria-vitoriasilveira@example.org,2024-10-07,Monteiro do Sul,SC
e4729d6b-10e2-47a0-a307-8dd705ca0f77,Alexia Abreu,gaelsa@example.net,2024-05-06,da Mota,SP
dd8902b9-c899-4904-b716-8111cd270ad7,Theo Pacheco,barbosaravi-lucca@example.com,2024-01-08,da Cunha,RJ
5d1572d0-478c-4f45-bc0f-e7867bf1f705,Léo Dias,benjaminmonteiro@example.net,2023-11-29,Macedo,PE
92f6ba52-87f5-4988-8934-517b1630c326,Fernanda Jesus,matteogoncalves@example.org,2024-03-29,Rios da Praia,MS
aeb3003a-95e2-43ec-9003-8e3200d5dcab,Eloá Carvalho,joao-felipe47@example.com,2023-10-19,Rezende,GO
2a9d2de7-308c-4f75-a722-ef5fa494a24a,Sr. Caio Santos,pjesus@example.org,2024-05-18,Carvalho dos Dourados,RN
167ffbe2-b735-4a3e-a2a5-efed7fab3c7d,João Miguel Pimenta,vicente41@example.com,2024-08-09,Souza Verde,MT
5987c6a2-dd85-43a2-a1b8-9ee86534db0b,Dr. Mathias Farias,cmendes@example.net,2024-04-06,da Mata do Galho,MG
4381ba50-9ad9-4462-9fe7-82fb2f2ef57e,Gustavo da Luz,vinicius58@example.org,2024-04-13,Moreira da Prata,PA
97320758-d4d0-449f-9041-72ab536f1e7c,Nicolas Casa Grande,yduarte@example.net,2024-05-17,da Conceição,SC
6594c6bd-0f26-4ef6-82ed-de74ef3e03e6,Eloá Moura,qalves@example.com,2024-07-14,Vasconcelos de Goiás,CE
d98d12d5-c29b-4e49-90e9-19b9fa1b1eea,Alícia Pimenta,hnovaes@example.com,2025-09-22,Gomes da Praia,MG
9d2c75a3-cfbb-46ac-b7c9-4f45807f0d4b,José Guerra,,2023-09-27,Vasconcelos das Pedras,PI
24df4559-437e-4923-9e7b-cce35107228b,Theo da Mota,dcastro@example.org,2024-02-29,Pinto da Praia,PA
6468e310-0637-4971-8437-32c8bc2cae69,Brenda Sousa,ilima@example.com,2024-10-15,Santos,BA
c643b9cc-b087-40de-9e63-ccba31ba7e07,Brayan Pereira,anna-liz27@example.org,2025-09-08,Sousa,AC
e07c4274-86a2-48f7-9749-bf539fd6075e,Davi Lucca Montenegro,siqueiraantony@example.com,2025-04-10,Correia Alegre,RJ
ba633c09-7767-4d4a-b513-a9e18c8eb2bb,Augusto Casa Grande,vieirabernardo@example.org,2024-07-27,Siqueira,AM
0d557d36-8ea4-4671-b629-48e073d7be83,Erick Casa Grande,ncasa-grande@example.com,2024-11-02,Vargas Grande,SC
7b743d9a-225a-478f-8097-9a2d6b085f86,Noah Barros,qcarvalho@example.net,2025-08-08,da Cunha,AC
8498c9b9-4d30-4425-9e78-d45e63dabe17,Luiza Rocha,davi-luizleao@example.net,2024-06-30,Lopes Grande,MG
4b0686d1-74c6-40e6-a3dd-f4ca7382da24,Bruno Vasconcelos,theodoro16@example.net,2024-09-07,Moraes,BA
8413684a-b838-4d6b-8e16-4be8d28c2900,Daniel Macedo,amandamoreira@example.net,2024-02-22,Pires de Albuquerque,RN
fb7c775b-ce9e-4420-91fb-9f942f68bb59,Sr. Leonardo Abreu,pedro-lucas21@example.com,2024-08-07,Duarte,RN
9021039d-8bcf-441a-a03f-e159be71e8bf,Srta. Maysa Nogueira,fonsecafelipe@example.com,2024-06-01,da Cruz,SE
e2aa28f9-83f6-43c3-9459-8a45f28f561b,Maya Silveira,caldeiramilena@example.net,2025-02-03,Correia,ES
4f56535d-5c06-4e13-8569-8c2821acf825,Dr. Davi Lucca Vasconcelos,eduardo35@example.com,2024-09-06,Nascimento,RJ
ee50a35c-983e-4bc0-b99e-dc31a349ba9a,Dr. Caleb Barbosa,vfarias@example.org,2023-12-21,Cardoso,AM
7149eb7b-c535-4783-8304-cc5fac7bc808,Sr. Pedro Silva,pintobruno@example.com,2024-02-10,Araújo do Sul,PR
ae267107-5607-478a-8216-383604585382,Nicolas Cardoso,fernanda85@example.net,2025-03-10,Lopes,AP
d6865dde-6849-4d71-80d1-7afdf016d0f1,Ravi Barbosa,mariana59@example.org,2025-03-25,Sousa,RS
e967773b-15b2-44bb-acbe-f3fa9c5a2ae2,Gael Cunha,fdas-neves@example.net,2025-06-26,Santos das Flores,RS
d4144ede-0e48-418a-a580-99b00fb6f7ae,Maria Alice Albuquerque,noahpires@example.com,2023-10-29,Macedo,SC
b888c5ae-2139-4b24-b7db-a51926a2535b,Isis Ferreira,,2025-02-19,Duarte,GO
ccaf95ff-2ce8-4efe-9991-c1591ce8a932,Raquel Alves,rafaelcasa-grande@example.com,2025-06-19,Mendes,RS
,Manuela Moraes,pastorsarah@example.org,2025-01-12,Pires de Pinto,RO
fe3d3d04-457d-441a-9e2c-96ea6db110a6,Helena Macedo,vitor-gabrielcirino@example.com,2023-11-30,Casa Grande de da Cruz,ES
695349ed-d1a8-45d1-9b85-8ec8b4cfbcc5,Dr. Vinicius Abreu,jnunes@example.com,2024-06-30,Moraes de Goiás,GO
8930f407-6301-4bfd-843f-fbccc0d0a78e,Sr. Davi Lucca Machado,umachado@example.com,2025-08-01,Sampaio,ES
cd77d9fe-9218-4489-86f5-eeb236fdc382,Dr. Davi Lopes,pachecobenicio@example.org,2024-02-27,Vasconcelos de Mendes,AM
6988caa0-cd3c-4fd6-9005-a058466de6c8,Lavínia Azevedo,dferreira@example.com,2024-07-21,Pimenta,PI
c8c2347f-81ef-41af-92f8-89388340919c,Laura da Cruz,emilly14@example.org,2023-12-08,Leão,GO
d559d163-25da-4f2d-9954-6c83f05baa22,Henry Gabriel Albuquerque,andrepeixoto@example.net,2024-03-26,Aparecida,BA
d7762d4d-6370-44c8-b1a2-2f043f8d8e56,Cecilia Almeida,eduardoramos@example.com,2024-09-07,Monteiro de Camargo,RJ
f6c64388-a46c-4e4b-8d39-df44716b5182,Miguel Pinto,arthur-gabrielnascimento@example.net,2024-04-07,Monteiro da Praia,PR
4debce8d-3ae6-4c18-aa0f-45773157b5bb,Isadora Cunha,,2024-11-24,Camargo,AC
940ea336-d712-48f9-b049-1df98a02daf8,Sabrina Leão,rael46@example.com,2024-09-11,Costa,MA
85704a3b-b41e-42f9-abbe-b377390a03d0,Juan Ferreira,dcamargo@example.net,2024-03-31,Cavalcante do Norte,MG
70d7aa7e-f4c8-43ec-8acd-a8a2a124f6f7,Liam Pires,pintostella@example.org,2024-01-16,Nogueira,AM
787f955e-1be8-4262-938c-672def29491d,Fernando Porto,mendoncaana-sophia@example.com,2025-02-28,Correia,PI
db98156d-1318-46e1-92b8-6237a65d037d,Thomas Andrade,meloaylla@example.net,2025-08-31,Borges da Praia,AL
49a8bbf1-b5d0-474b-99ca-499cd59499ab,Aylla Brito,cirinonicole@example.com,2024-05-15,Sousa de Minas,PB
1d41f2eb-0b56-4264-8aec-9f73d360b8fc,Ravy Garcia,davi-miguelcassiano@example.net,2024-07-17,Casa Grande da Mata,AP
f88ec230-73c4-4160-a822-60b3ccd6fde4,Melissa Costela,giovanna96@example.com,2024-11-17,Pinto,ES
0ef1f8b9-e4b2-41aa-9d48-9faf5aebcccb,Mariane Azevedo,riosliz@example.com,2025-04-09,Siqueira,AC
277dac7b-f105-40eb-8965-1f5ace6cdaf8,Melina Sá,britoisabel@example.com,2024-09-05,Brito do Campo,PE
99a8ab62-2762-4310-87a3-904e1a4ac18e,Julia Jesus,gustavo29@example.net,2024-07-29,Sampaio de da Rocha,GO
a8030897-7e03-4e47-bef6-76c01edbee4b,Olívia Novaes,castromaria-helena@example.net,2024-09-06,da Rocha Grande,RJ
550b95ca-9082-437c-9d4c-590d13cf7bd3,Benício Oliveira,araujoisadora@example.com,2024-11-27,Santos do Galho,RS
6b16df4d-282a-4752-8b49-15fa80bdfad7,Srta. Maria Julia Costa,ana-beatrizrodrigues@example.com,2025-02-01,da Paz das Pedras,AL
edd45c0b-11d7-4b72-9dbd-40abb2837d68,Stephany Borges,henry-gabriel86@example.org,2024-06-25,Pacheco do Galho,AL
51d3f8b2-eba3-4ee0-a60c-b5c66632a57c,Kamilly Fernandes,henrybarbosa@example.net,2025-04-24,Monteiro,SP
a8497816-557e-45a3-9847-5fbeefe5f91a,Clarice Sá,oliviasa@example.net,2024-09-26,Moreira do Amparo,SP
4961b15f-3635-40d0-9ef6-ffc9a7de83fd,João Pedro Vasconcelos,lda-costa@example.net,2024-10-02,da Cruz de Minas,ES
80c64482-15dd-4862-9923-4ea25c85a70c,Cauê Lima,dda-cruz@example.org,2024-04-20,Jesus,PA
4371f433-38b2-4e92-8479-2a13ae98691d,Dr. João Miguel Monteiro,usampaio@example.net,2025-02-17,Rocha do Amparo,SP
b4a902aa-9da8-41ce-ad74-acd2b9302d67,Davi Pinto,icampos@example.org,2024-05-10,Cirino,AM
86300acc-af03-4b69-bc37-0a76184283a6,Bella Andrade,brios@example.com,2025-08-17,da Rosa,CE
b60ceee4-584f-4b2b-814d-347aa861392f,Benjamim da Costa,mmonteiro@example.com,2025-05-01,Cardoso,AP
777863e6-c22f-49a9-b949-f13fb92e909c,Rafaela Vargas,joao35@example.net,2024-05-21,das Neves da Praia,PI
168fb196-e5eb-488d-ad1c-d7ea2c4e49f7,Sr. Marcelo da Cunha,nascimentobento@example.net,2024-06-09,Moreira,SP
d79e7a1c-55fe-4284-bc23-3cd595008904,Manuella Rios,fda-rocha@example.com,2024-05-23,Aragão,AC
6b898544-bd2b-49e7-b7fc-bd85c3e494cc,Yago Cavalcanti,vianacecilia@example.org,2025-03-08,Barbosa de Lopes,RR
4bffc0f5-c2c9-445d-8dc9-2d6233c8a3ac,Carlos Eduardo Sampaio,yda-luz@example.com,2024-01-15,Pastor da Praia,ES
c9d2fa5c-bb83-4c60-8952-989a8a44f13d,Bernardo Correia,brenocampos@example.net,2024-03-01,Peixoto da Serra,RR
b5832474-a5ef-41a2-b5dc-915da37e7987,Ana Liz Lima,kpires@example.com,2025-06-12,Lopes,SC
f041de75-e869-4177-90e8-4186627c0ac1,Aurora Silveira,nsiqueira@example.net,2024-04-29,Camargo de Ribeiro,BA
aa58af7a-3ada-4e2e-b642-84a825bf8eec,Sr. Murilo Viana,carolineoliveira@example.org,2025-03-03,Albuquerque das Pedras,RR
11efba6c-2b7e-4359-8542-64f93bbb211b,João Felipe Pastor,ferreiraanna-liz@example.org,2024-11-07,Gonçalves,MG
6e0fe14c-a357-48e6-a5ef-458640edf07d,Igor da Conceição,pastorian@example.org,2025-06-25,Machado do Galho,RS
a9d5646f-56e5-41c7-8f9b-88e5ff226aa2,Dra. Emanuelly Cassiano,gjesus@example.net,2024-08-16,da Luz Grande,MA
42dc430b-8ce3-4835-8f40-21b97aa9d594,Hellena Almeida,psiqueira@example.net,2024-01-10,Araújo,RJ
6987dc5b-7ff2-4784-8d2c-c34e05b2f9c1,Julia Lopes,calebe00@example.net,2025-03-19,Costa de Goiás,AL
945d2413-9f31-4f32-aa1c-3359db5e064b,Vitor Hugo Jesus,ana-carolina93@example.org,2024-05-03,Moraes,SC
7f8faa4f-b8df-4b37-9889-36eeae10a84f,Alice da Costa,scavalcante@example.com,2025-09-01,Almeida Paulista,TO
881324f4-cd43-41bc-b937-2df65c041093,Léo da Paz,santoshellena@example.org,2024-01-28,Camargo da Serra,MS
2e8a50e4-1d31-4ee3-929b-19e7e6c0d1fd,Sr. Otto Mendonça,nathanda-conceicao@example.com,2024-05-11,Araújo,DF
249f0282-66d3-40a9-bf82-be0960b40355,Srta. Raquel Rodrigues,juanandrade@example.net,2023-10-21,Fogaça do Campo,SE
7fecf2d6-b4dc-40a2-81a8-65c411d6607b,Henrique Siqueira,mayaribeiro@example.net,2023-11-23,Correia Alegre,PE
86b70bdb-2191-4d07-882b-6c7fffd228c0,Isabella da Rocha,ninajesus@example.net,2024-04-10,Cirino da Prata,TO
c252b731-ee15-4dbe-861d-8b57bbd283f2,Sr. Gael Henrique Fogaça,ana-carolina97@example.net,2025-09-10,Pacheco,RS
1fddd7f9-cf20-465f-a105-37504133d28f,Théo Moraes,peixotomaya@example.org,2023-11-12,Moura,RN
5c6ff880-48b4-433e-aa14-5676f00236b8,Srta. Alice Cavalcante,pnovaes@example.com,2025-06-11,Cunha do Sul,GO
6f1d8ac5-1189-47a2-962b-52e4222c92ab,Sra. Maria Clara Machado,catarina11@example.net,2024-08-04,Moraes de Camargo,PI
4446c9b1-7bf2-41ba-9aa7-2451d7ddd803,Lucas Duarte,lorena32@example.net,2024-03-12,Carvalho de Goiás,MT
c349102f-ed43-41b5-9146-6f713795bc26,Theo Martins,da-matahenry-gabriel@example.net,2025-05-31,da Cruz da Mata,RS
a63482fe-0526-4aa8-bc50-2c8d96a8afc3,Ana Cecília Moreira,lucas67@example.net,2025-05-12,Albuquerque,PR
9216d11a-3b07-4496-b78d-93321a1776d8,João Araújo,paulo51@example.net,2024-10-16,Aparecida da Serra,BA
ad51c9ce-fb29-4180-b7a8-5188399fdc6b,Danilo da Mata,camarasophia@example.net,2025-04-22,da Rocha de Pinto,PR
9c61ebda-65c4-4b62-b0ac-4674187dc5d4,Amanda Correia,hellena38@example.org,2024-09-22,Carvalho,GO
50d5335d-5e17-4d79-afdb-28439422b1db,Brenda Fonseca,,2024-09-14,Araújo,AC
3a842908-e40d-402c-9746-3453f37921b2,Srta. Gabrielly Gonçalves,araujobrenda@example.org,2024-03-03,Aparecida de Pimenta,MG
,Yago Fonseca,jcirino@example.com,2024-08-15,Monteiro Verde,SC
97b9a3ae-4cff-4861-ada1-719f211d1a7d,Lorenzo Vasconcelos,catarinaramos@example.org,2023-10-03,Sá do Norte,PI
8a9620e0-23ee-4706-b100-820ce95e8323,Nina Siqueira,faragao@example.org,2024-03-12,Alves de Albuquerque,SE
63e6bf78-e632-42bb-b21c-cf3ec3d7fdd1,Nicole Vargas,da-cunhavitor-hugo@example.net,2025-02-03,Cassiano,SE
def5cb09-257c-4997-86ca-78f38673a863,Davi Lucas Moura,joao-vitorbrito@example.com,2023-10-31,Cirino de Camargo,MS
cf573549-533e-47f3-921f-29e631e6d0d6,Carolina Caldeira,bryanfonseca@example.com,2025-07-02,Alves,TO
d034b49b-5c33-457d-acbf-78e8975af091,Noah Barros,da-costanoah@example.org,2025-06-26,da Mata Paulista,MA
4c6c9347-34c5-4cee-908e-36d4e7c6d385,Manuella Pimenta,caldeirazoe@example.net,2025-06-27,Correia,MS
08079ec9-74c8-4b33-8987-eea3cd839564,Sr. José Miguel Nogueira,viniciusdas-neves@example.com,2025-09-22,Costa de Minas,MA
d45ad5f6-fe08-4040-b7cf-12a6ff47db53,Emanuel Silveira,alicenovaes@example.org,2024-01-24,Siqueira das Pedras,RN
51909dc4-5972-4785-91be-12848ee95a4c,Allana Barros,benjamin77@example.org,2025-04-30,Cunha,SP
c03f5bd1-76b6-441a-a1f7-5092d9a81273,Dra. Raquel Viana,almeidalara@example.net,2025-07-08,Fogaça da Mata,RO
9fe64eb6-862f-4809-b806-bd9b88069e57,Maitê Costa,frezende@example.com,2024-10-20,Macedo de Marques,RN
df60139e-2334-47a9-b4e6-165f711a48ca,Léo Pires,cvasconcelos@example.org,2023-12-10,Cavalcante das Flores,RN
bdba667d-eb6e-4bf0-9d66-7bab692431cc,Mateus Rios,ana-laura96@example.org,2024-06-23,Aparecida de Novaes,AM
929398d3-805d-45ce-940c-5cb49557e4ba,Emanuelly Moura,luiz-miguel98@example.com,2024-04-12,Costela,GO
4b3f4acb-dd4a-41fc-8d28-3b9083a02da7,Marcelo Barbosa,afonseca@example.net,2025-04-19,Fogaça Verde,MA
26e8ae84-db89-4025-879f-22aa7bc7c579,Maria Isis Nascimento,gcaldeira@example.org,2025-09-09,Almeida,GO
a55685f5-24bf-4b90-bc5a-df455ee57b4d,Maria Laura Viana,antoniomendes@example.com,2024-08-08,Rocha Verde,AM
76e43a68-05b0-4402-a5d6-e4b248d8dbcc,Liam Fogaça,bruna52@example.org,2024-06-25,Montenegro do Amparo,GO
ef399fa7-e162-4a00-8c4c-017bea8f4f6b,Yago Correia,almeidamariana@example.org,2024-10-21,Andrade,RS
4d67cf2f-fa52-4b4b-b56e-29ad51621903,Maysa Camargo,ana-laurateixeira@example.com,2025-08-11,da Mota de Campos,AC
dbaab203-bb83-40b7-8f26-240a293ff693,Laura Rezende,joanasales@example.org,2024-09-14,Martins,MG
fc9ea939-21b7-4ee7-a0fe-6fd4aed7660d,Thales Costela,esampaio@example.net,2025-05-12,Caldeira do Campo,TO
d113bd70-fbf1-46f6-960f-dc29a709d136,Ester Vieira,mariada-paz@example.org,2024-12-24,Jesus,CE
63743594-42a5-4f11-b2e8-f2f36732508d,Sarah Pinto,moraesian@example.net,2024-02-27,Porto,DF
90c97abf-1a27-4733-b36e-4f6793fa48db,Luiz Henrique Cunha,ealbuquerque@example.net,2024-04-09,Teixeira de Novais,MT
22917cf8-c123-4e7a-bed5-8f065c35cf53,Mathias Barros,rmacedo@example.org,2024-01-28,Sousa,AP
550fbab0-81ef-424b-a2ea-4bdccc61acb5,Amanda Montenegro,fda-mata@example.org,2024-08-28,Camargo de da Costa,PR
59bfcc10-0e05-43aa-aa8f-cbe44066a3b1,Laís Castro,,2025-02-22,da Rosa,TO
778e2a30-f467-4577-8c27-b73926772c47,Luiz Miguel Leão,camilamoura@example.com,2024-01-05,da Cruz,PB
34dbaeaa-47cc-486e-8c75-e7c8f64a720e,Sara Cardoso,leosales@example.com,2025-02-19,Costela,AP
f5739e03-166a-4fa7-bdb3-96eb5dd9f312,Carolina Leão,carvalhokamilly@example.org,2024-01-30,Campos,PI
48f6a707-59f0-4e1c-adf9-a566f3f528cd,Francisco Pereira,ana-luiza28@example.com,2025-04-12,Lima de Vieira,MS
eff0e609-ed08-46a3-874d-3a9c3f3cce6e,Gustavo Henrique Sales,pporto@example.org,2023-10-11,da Costa,MG
29980a4a-b707-43e1-8ada-ece4b451ee59,Sophie Camargo,da-pazisis@example.com,2024-11-06,Araújo,MS
90c35188-65c3-46d7-b5e6-d3da93315ce4,Sr. Leandro Oliveira,carlos-eduardo29@example.org,2024-02-17,Pacheco do Galho,RJ
cd5adc46-a7b8-45e6-8980-03314738d2c4,Giovanna Macedo,davi-luizcasa-grande@example.org,2025-04-13,Ferreira,MA
22ec4e67-ce76-4093-a27c-d8610707ca56,Srta. Antonella Aragão,fernandonogueira@example.org,2024-02-14,Costela Paulista,RS
60c9dd02-bc80-4755-9ded-1d433c995b36,Gael Henrique Aragão,brunosiqueira@example.net,2024-10-21,Albuquerque de Siqueira,BA
6ac3c3c2-9e01-4413-92b9-db12c752e77d,Luigi Novaes,barbosaluiz-felipe@example.com,2025-01-02,Abreu,RN
84aeb8c7-a369-407b-8d61-a3c08af8b929,Vitor Hugo Cavalcante,gustavovargas@example.com,2024-02-05,Aragão,PA
6c64c0a2-5d97-40a6-a3ed-aa4eb40c12f3,Mariana Macedo,davilopes@example.com,2025-04-12,Castro,AC
87bf2fb9-d301-44c2-a86c-87fa2610d6f1,Manuela Oliveira,ofonseca@example.com,2025-03-19,Souza,PI
77df77b9-f2cd-4d20-ad44-d175c990a90b,Gabriel Melo,vicente13@example.net,2024-06-27,Cardoso de Teixeira,AM
49eb901d-2b7e-4102-926c-6705ee216f02,Lucas Gabriel Araújo,gabrielazevedo@example.net,2025-09-14,Pacheco,PR
7ca6817a-4f24-4480-b8ed-fa30646c6d32,Sr. Noah Correia,diasdavi-luiz@example.org,2025-01-06,Peixoto,AP
4cd3b1f5-2328-4131-b327-8e99df61f934,Bryan Albuquerque,lsousa@example.net,2024-11-27,Rezende,MS
ca1d408b-d8e7-4175-9e24-bfa0e30c0395,Maria Fernanda Câmara,mouragabrielly@example.net,2023-11-09,Gomes da Serra,MT
15f4a41f-25b2-487b-960d-113b99e2bdff,Nicolas Novais,nascimentohenry-gabriel@example.com,2024-03-06,Costa,RS
b4c97f20-646a-4469-bd05-7f1fe7f4fad6,Pedro Dias,nmontenegro@example.net,2025-07-20,Farias,SE
20a8e40a-8c40-42e3-a3d9-618770e9ca6f,José Costela,aurorasiqueira@example.org,2024-06-23,Siqueira,ES
0b7e616b-06c3-4470-8de4-ec7ff81af26e,Apollo Pereira,eborges@example.net,2025-07-14,Rios,GO
ee05026d-a599-4208-8fcf-838abecbb289,Valentim da Costa,helenada-rosa@example.org,2023-10-05,Albuquerque de Cirino,GO
31c9c9ac-2593-4105-82fa-116fe34582ee,Dra. Milena da Rosa,nicolassales@example.net,2023-10-09,da Costa de das Neves,RS
63a1eb74-3ab5-4980-8d55-322be98333af,Mariah da Rocha,arthur63@example.org,2025-08-13,Cavalcante do Norte,RR
73773c13-b6e5-44b0-8efd-52b19d8cefb5,Maria Clara Oliveira,bianca81@example.net,2025-03-31,Albuquerque,BA
2227cb3d-a130-48d9-9ac1-a48d97ba8a70,Kaique Andrade,tjesus@example.com,2024-07-26,da Luz de da Rocha,PE
4f14c56b-5984-41f9-9bb4-174b6ec34656,Gabriela Moreira,duarteleo@example.com,2025-09-15,Sales de Caldeira,RJ
32a8fc36-9493-41b0-843d-36c829ed45b4,Sofia Silva,josuesantos@example.net,2025-05-22,Costa,PA
52c6c55e-854b-4e29-8cb3-110a37ed62d5,Larissa Ferreira,anthony-gabriel28@example.net,2024-07-29,da Rocha do Amparo,RO
290b7f24-b78d-4a3b-8fc6-c7241d8c82e1,Isaque Aragão,leticia19@example.com,2024-02-11,Costela,RS
2fe81ce0-8a7a-4f88-8ca5-d5991d1188cc,Maria Isis Câmara,xborges@example.net,2024-04-04,Vieira,AP
56b1010b-587a-49a0-aba2-c500e17e8975,Dr. Pedro Lucas Barros,ibarbosa@example.com,2025-06-17,Nascimento de Abreu,RR
ec39dc75-b7cf-48be-9abb-0c09a41337a0,Luiz Fernando Nascimento,ana-sophiabarbosa@example.com,2025-01-13,Almeida,SE
0fa911f5-0e9f-4548-8daa-203c87812b36,Ana Lívia Costela,asampaio@example.org,2025-02-07,da Costa,RR
f0d12aae-93b9-494b-9205-43397aa5aa8b,Srta. Luiza Cunha,,2025-01-10,Carvalho,PI
95590c3f-add9-4e78-a945-6b2c02eaec55,Davi Luiz Montenegro,gabriel89@example.net,2024-03-15,Fogaça do Norte,SC
5c545181-11f5-4f69-9e36-5eed8db8ab09,Henry Gabriel Dias,rlopes@example.net,2024-04-15,da Conceição do Sul,RR
bf77ee94-5101-4306-b099-56d3a34bd243,Melissa Ferreira,lavinia89@example.net,2024-01-26,Pires das Pedras,RR
5c2e2cf8-1f0c-427b-93cd-8468904443d2,Anthony da Rosa,urodrigues@example.org,2024-11-27,Machado,ES
d9c6b21e-1432-43a5-9b60-e345d66cab07,Agatha Novais,gpimenta@example.org,2025-03-24,Souza,MS
c4c339c6-159b-4fcf-9949-ddde298e516d,Igor Rios,maria-julia14@example.net,2025-04-14,Monteiro,RS
9f4047c5-9398-4164-b65e-da547e7d1d53,Daniela da Rosa,aylada-rocha@example.org,2025-09-03,Barbosa,PE
72ba493d-e00b-45d7-b192-4672b67d6d4a,Joana Abreu,dsa@example.net,2024-02-10,Costa,RJ
a8553407-48b7-49ba-8144-5e21e127d5b0,Marina Sampaio,hbarbosa@example.net,2024-03-20,da Rosa,SP
2ac2b5e5-fefa-45cc-b2f3-605517764cce,João Pedro Fogaça,castroalicia@example.org,2025-02-07,Porto,CE
973b27c0-143b-428b-9b09-9b01a6d3ecf5,Dr. José Pedro Teixeira,costabenjamin@example.org,2024-11-13,Casa Grande,RJ
2d8d8886-c71a-4825-ae4b-0e226e2a50ab,Arthur da Mata,dda-rosa@example.com,2025-01-29,Lima do Galho,PA
5fbf3ffd-2748-4fb2-985f-8790bac019da,Levi Nascimento,henry17@example.org,2025-05-31,Borges,RN
817568d1-fc55-4037-a0ae-17280b09870b,Esther Andrade,varagao@example.com,2024-01-19,Nunes,TO
d250b3da-b0b6-4182-8d7e-475b7e73b2d3,Eduardo da Rosa,vitoriasampaio@example.org,2023-12-12,Nogueira Paulista,PB
bf0fcaf9-e20c-4263-870f-92786d89c586,Dra. Ana Júlia da Conceição,luiz-gustavocampos@example.com,2025-02-21,Casa Grande da Prata,AL
2bf2c931-744f-485b-b06d-fd3f55dfafe1,Ana Cecília Montenegro,luiz-henriqueandrade@example.org,2024-08-13,Marques do Campo,PR
26217b01-4b07-4d1d-b837-95e72c61c073,Sra. Bárbara Caldeira,joseda-costa@example.org,2024-11-05,Pinto,RS
6fb86720-e93b-46ad-8a6b-2e62d0e78fb1,Augusto Borges,heitor93@example.net,2025-08-24,Nunes,RO
b5a5738c-5dd1-4148-afb6-09c4acf5d857,Dr. Vitor Mendes,montenegrolaura@example.net,2024-04-20,da Conceição de Goiás,MG
2de6dce3-10d3-479a-8340-b4823a693c11,Benjamin Barros,lorenacosta@example.com,2025-08-10,Vieira,AL
41798859-6749-43fe-a422-d84344f2c87a,Agatha Ferreira,cavalcantemaria-eduarda@example.org,2025-04-23,Farias do Norte,PR
b0a6df64-ae5a-4763-b42c-2dcdc26c2483,Rhavi Porto,maria-ceciliarocha@example.org,2024-07-25,Porto,MG
947755d9-5acd-4c31-9fa7-6c48f09441ef,Sr. Pedro Henrique Santos,luisapimenta@example.com,2024-01-22,Oliveira das Pedras,PI
942ea74b-620f-4a30-bbcd-e16970927e65,Mathias Rodrigues,rafaelaporto@example.net,2023-12-23,da Paz Paulista,MT
8a2e11ea-c5c5-4896-9f48-22dcbae33086,João Lucas Costela,pimentaisis@example.com,2023-10-20,Siqueira,AM
4885b256-809e-4233-80bf-a109cd301193,João Miguel Gonçalves,isaqueda-luz@example.org,2024-12-09,Montenegro,MS
19ecf1c6-f03a-4b61-a371-57491d18ae91,Bruno Alves,camaraayla@example.net,2024-07-25,Moura de da Conceição,RN
8ab95b7c-d742-4415-ab9e-f8d78aa10c34,Stella Rodrigues,joaquimaparecida@example.com,2025-07-21,Cassiano,DF
0d184547-cb54-4f3b-8942-5254a545ec65,Maria Clara Vieira,beatrizmonteiro@example.net,2025-06-11,Sá,TO
3c713a6a-89ba-4d81-8f0c-fd9afdb24cb7,Enzo Sá,caue78@example.net,2024-04-02,Araújo do Sul,RS
,Fernanda Silveira,vianamirella@example.net,2024-03-02,Gomes,AC
2cb0df2a-47d8-4a2d-a6ef-03dda239fa61,Thomas Ribeiro,caldeirasofia@example.net,2024-09-26,Cardoso do Galho,RS
6d11bf5d-bc76-4a50-8436-0832408c11aa,Ana Carolina das Neves,sophiaferreira@example.org,2023-11-03,Rodrigues,RR
fb0ed3d7-9c6c-42df-b931-227be2953af7,João Pedro da Mota,xsilveira@example.net,2024-10-08,Sales,TO
8dc5030b-dcbd-40d6-ac2f-f6275f7aaa52,Stephany Fogaça,wda-rocha@example.org,2024-09-16,Alves,AP
491096af-9274-4042-be72-6872bd7b2561,Maria Fernanda Pinto,ana-laura73@example.org,2024-06-06,Sampaio,TO
d4fd466c-1f9b-4d4c-9727-2a80cdf35733,Cauê Brito,diasana@example.org,2024-01-17,Pimenta,AP
879bc328-7ea1-4e19-80f9-44a936dae9b2,Sr. Emanuel Cassiano,maria-liz27@example.net,2024-03-17,Sousa,MG
b15c631b-65bb-46ee-aa63-8fdac9fce14b,Samuel Andrade,pcamargo@example.com,2025-05-25,Caldeira,RR
c8f15923-aefb-4dc9-aae3-5cdb6f1650a4,Ana Clara Ferreira,sousamariana@example.net,2024-10-31,Teixeira da Serra,TO
585d5694-9536-4993-8957-3cd66e87f749,Nathan Sampaio,fonsecasabrina@example.org,2024-11-26,Pinto,PR
2e0c4fd9-b0bd-417d-9566-5a7f84814018,Oliver Martins,leaoana-julia@example.com,2025-04-14,Cavalcanti Alegre,ES
c6feca9a-05b2-4fcb-880b-ceb40a9bc1e6,Benicio Santos,stellafonseca@example.net,2025-03-28,Silva do Galho,RN
9ab83858-70fe-4588-a703-7ce3846cfd1e,Ana Julia Castro,jose-pedromonteiro@example.org,2023-10-04,Aparecida de Minas,SP
52977757-0e93-44a0-8e9d-2b7118e0d863,Manuella das Neves,casa-grandebrenda@example.org,2023-12-21,Leão,SC
76d78cc2-4610-426a-a0ef-50b5e44b5c5b,Pedro Lucas da Mata,,2024-06-12,Caldeira da Praia,PE
3ebc56a2-c635-484a-835e-1d24614f0b4f,Kevin Andrade,zcasa-grande@example.net,2025-09-17,da Paz do Amparo,MT
03c35884-1f79-45e8-8082-fd712e8f03c2,Alice da Luz,liam32@example.net,2024-09-11,da Luz do Oeste,DF
08df32d6-4fea-43a9-aed7-8e95c685ec3a,Maria Helena Viana,augustosantos@example.org,2025-06-23,Silveira do Campo,RS
63c0b342-6458-4e20-8e3b-3921d6e62dbb,Henry Gabriel da Conceição,montenegrolorena@example.com,2025-02-16,Rodrigues da Mata,RS
e8a8d96f-553f-4cf9-aadd-50e320b48364,Luiz Henrique Câmara,cavalcantigabriel@example.org,2024-04-11,Correia,TO
a03f1a61-92d8-499f-8877-e32719d07cdc,João Rocha,meloana-clara@example.com,2025-05-13,Aparecida de Minas,MS
fb54b60a-d34d-4682-9069-7342ace6d802,Ana Vitória Campos,isabelarocha@example.net,2024-09-12,Gonçalves do Amparo,SP
0b991b26-f19b-4eae-9272-165551abd013,Theo Teixeira,lorenzoazevedo@example.org,2024-08-21,Oliveira do Campo,PI
46eca291-3b0c-4a8e-85e7-084914193316,Carolina Câmara,zcirino@example.org,2024-01-29,Abreu,MA
5e510220-68fe-4d7c-873a-06b9aef2d0a6,Isaac Rodrigues,hellenacavalcante@example.org,2025-06-29,Farias de Garcia,RO
a176b1cd-b029-430f-85ca-2d3ca4b1ac94,Luna Peixoto,sousagael-henrique@example.net,2025-05-15,da Cruz de Campos,MT
177f0161-8b82-4f21-89d4-024b955a7d19,Josué Viana,theomendes@example.org,2024-07-10,Rodrigues de Minas,MS
,Dr. Davi Miguel Lima,qda-cruz@example.com,2025-03-14,Fernandes do Campo,DF
7728e7b9-d4cf-4283-845c-2071c3751ecc,Maria da Costa,pintobryan@example.org,2024-10-01,Vargas,CE
514c8637-836d-4756-8e9c-bfd0ef13401f,Sra. Maria Vitória Garcia,ynunes@example.com,2025-01-06,Viana,AL
5de8a362-714a-41d0-9e0a-3ff4d61c391e,Nicole Ribeiro,maria-eduardacassiano@example.com,2025-06-04,Melo,AL
54caefc4-a9b4-4f96-907b-3934676ce713,Nina Abreu,sarah22@example.org,2025-09-07,Montenegro de Goiás,PA
1e3c042f-c5b5-418b-861e-450d792b1a73,Vinícius Marques,gabriela89@example.net,2025-01-08,Sousa,MG
1105a90d-5e50-4576-80d0-04ae8128173b,Dante Cunha,manuellaaragao@example.com,2024-08-27,Pastor,AC
7086b68a-6b4e-4cac-a993-aa974ce84d0e,João Pedro da Luz,wmartins@example.net,2024-03-29,Rodrigues,AL
b48886a4-7823-4b5c-8453-42aadf07ac36,Agatha Pimenta,kfernandes@example.net,2024-06-08,da Luz do Norte,RJ
5f986bc7-e641-4f0d-8fb5-dece8eb29780,João Gabriel Vargas,kaiqueda-rosa@example.org,2024-02-27,da Cruz,PA
883f7cec-6b9a-4dfe-a731-e0bb5a87b921,Isaac Borges,esther33@example.net,2024-06-29,Mendes,PB
64692aa1-d8a2-4716-aa23-19366d1046a6,Ravi Lucca da Costa,aaraujo@example.net,2025-05-12,da Cruz da Serra,RN
ae4bfe8b-2976-4938-802e-232f51ae676d,Dr. Lucca da Luz,mathiaslopes@example.com,2024-01-02,Lopes,PA
e6659774-db6f-4e4a-b82b-dbb1181726d3,Sr. Nathan Moreira,andradekevin@example.net,2023-10-16,da Paz de da Rosa,RJ
6647fbae-a3df-4390-af76-f3df73816d40,Melina Ribeiro,ffonseca@example.net,2024-09-30,Melo,RJ
92f9c1ee-74a1-4d2b-b09b-3091ea400972,Antonella Rezende,emanuel33@example.org,2024-01-13,Lopes Verde,TO
9fbcf298-df38-4052-99ad-e01ae0db45b6,Laís Melo,oabreu@example.net,2023-11-27,Machado,CE
1c756c13-02bd-41fc-a883-58c9600bed1b,Srta. Allana Jesus,,2024-04-11,Brito de Mendonça,RO
e250fc6a-62d0-4f9d-a4a0-c6d57f010e57,Ana Vitória Cunha,da-luzkaique@example.net,2025-03-03,Aparecida de da Mota,DF
a4baa7eb-cc38-4c74-8531-08c561f7e7ec,Murilo Barros,pietro15@example.net,2025-05-06,Rios,AP
61382c35-f3a0-4faa-82a5-c366f34931e2,Luiza Nascimento,vitor-gabrielcasa-grande@example.com,2025-08-25,Albuquerque,AC
91e0b465-4ba7-452b-ac76-89835f4817a3,Vitor Gabriel Vieira,gcorreia@example.org,2025-04-25,Azevedo,MA
f8e672b1-abaf-4a10-8469-6f3fa4ba1bd7,Sr. Ryan Martins,camargomateus@example.net,2024-06-20,Azevedo,RS
5facce7c-2e20-4990-92f4-349a5387ff19,Maria Isis Albuquerque,calebemoraes@example.org,2024-06-05,Brito,CE
dd4ec6f9-684d-4bf0-954a-912afee1efd5,Ana Vitória da Rocha,mouradavi-miguel@example.com,2023-12-18,Aparecida da Prata,PE
a65fe7f5-ad41-48dc-aa0c-d91c7cd666c8,Marcela da Luz,gpastor@example.org,2024-11-30,das Neves de Silveira,CE
2a84a798-8188-4a84-ada3-9e0e4ffb1ed5,Kamilly Sá,estherrios@example.net,2024-06-10,da Mata Alegre,ES
7c90d5dd-86b3-462c-a145-ecc1bb4a0397,Maria Isis Pinto,abarros@example.org,2025-05-02,Pacheco,AP
c738ce14-1e5a-4405-9e31-ebffc1bea51f,Sr. Otávio Pacheco,da-costazoe@example.org,2025-09-13,Sousa,BA
0ebc4a08-90f8-4cf6-8214-3a21ad712264,Mariah Melo,maria-fernanda42@example.net,2023-10-23,Aparecida das Pedras,AM
216e041c-0819-4288-b777-99ce99d30ae2,Yan Moura,nathanpimenta@example.net,2024-10-06,Cirino do Sul,SC
a29344c1-82b2-4af5-a2d0-39829d0ae7b4,Gustavo Henrique da Costa,trios@example.com,2024-07-08,Correia do Amparo,GO
b344a585-9f6b-4d7f-ad45-a9b7b2019c3e,Dr. Luiz Fernando da Rocha,luiz-gustavo48@example.net,2024-06-22,Costa,SC
576fb5b1-4e49-4abf-9eaa-0c99464f64d5,João Pereira,psales@example.com,2025-08-02,Vieira,RR
d54c247f-5c5b-476c-8199-c79a315c3e46,Sr. Henry Pires,maria-lauraazevedo@example.org,2023-11-08,Cassiano das Flores,BA
05a0a525-b5b9-42bc-bf70-cbd457f4edc6,Joana Jesus,vitor-gabriel58@example.org,2024-10-07,Brito dos Dourados,RJ
4970da61-34cd-42ac-80da-019afc28ba69,Maria Sophia Fonseca,luiz-felipe06@example.net,2024-11-13,Vargas do Norte,SC
bf0695ea-7406-4450-a307-08ca8a528f55,Sr. Yuri Brito,eandrade@example.com,2024-08-08,Vasconcelos,SP
bda135b2-94fb-4623-a10c-e22a515b91f7,Brayan Garcia,dsantos@example.com,2024-08-17,Aragão do Campo,MS
c6768a9e-2861-4608-8ea4-5d87f3a2b310,Hadassa Fernandes,maysavargas@example.com,2025-06-24,Cavalcanti,SE
557c9a1b-5fcd-4541-9068-d91c309885da,Dra. Zoe Moreira,leticia76@example.org,2024-06-23,Pinto de Goiás,AP
5245fa64-8772-4bf8-a9f6-5be67b5c108a,Arthur Miguel Borges,vitoria23@example.com,2024-07-08,Câmara,SP
749049b4-a3b9-4da8-8f6f-859c52ed9479,Caio Teixeira,sabrina33@example.net,2024-06-30,Rezende,RO
7a31b554-4e6c-4bb1-ac2d-5a1697d97247,Ravi Cassiano,andradekevin@example.org,2024-04-15,Peixoto,PI
9b9cbeca-9f03-41f2-afdd-495c5de1d623,Jade Pimenta,,2025-05-19,Cavalcanti,GO
9047fa90-f595-48de-9f34-f1606f99be43,Letícia Aragão,barbosacatarina@example.net,2025-06-03,Brito do Oeste,DF
b8899db3-87ec-4aa4-b4a4-b63833e6c971,Alice Mendonça,theodoro23@example.com,2024-11-23,da Mata,GO
,João Pedro Abreu,joao-gabrielcostela@example.com,2025-06-04,Moreira da Prata,SC
1e0abe5a-6984-4993-a57c-597a98476c98,Enzo Gabriel Fernandes,laura13@example.net,2025-08-06,Pastor de Moraes,PA
d461b9a1-689c-4917-bd0e-68447db01ae4,Dra. Emanuella da Cunha,anaduarte@example.net,2024-01-03,Moraes Alegre,PB
257f06ea-0464-465e-a6c5-697b3608ce4e,Anna Liz Silveira,moreiradavi-miguel@example.net,2025-07-22,Pereira do Norte,DF
,Luiz Otávio Teixeira,zpires@example.net,2024-08-06,Gomes,PB
414dd665-8af1-437a-87ea-cfef00901567,Dr. Benício Vargas,portohenry-gabriel@example.com,2023-09-27,da Rocha,MG
f3337d8d-382e-44ba-a5a6-4bff87b590ab,João Pedro Marques,melinadas-neves@example.org,2024-10-20,Campos do Norte,SE
081cc1ea-278a-4e76-9f7a-18afea79ec57,Samuel Peixoto,pedro-henrique13@example.net,2024-02-04,Correia,SC
24833841-5ffb-4fe3-9189-858370006bee,Ravi Lucca Cirino,usantos@example.com,2024-01-25,Carvalho,AL
358a8a66-f731-46c8-8e38-81503a310f50,Luna da Mata,ucunha@example.com,2024-05-07,Novais de Dias,SP
4aa07d95-198f-4217-8d83-e246036ace2e,Allana Abreu,rodriguespedro-henrique@example.com,2025-01-09,da Mata de Goiás,MA
a47a66c6-35bc-4386-ab2e-bfa2f4b36214,Ana Júlia Santos,caio61@example.org,2024-11-06,Nogueira da Serra,AC
6fe983be-3c6c-4ff3-887d-c3f902e4d9fb,Nathan da Mata,sousaisis@example.net,2024-06-03,da Luz Verde,ES
1d47ac7f-8281-44dc-9a67-795f622bb596,Sr. Enzo Gabriel da Conceição,vitorpimenta@example.net,2024-12-12,Rios do Oeste,RS
d95fdaa2-b49e-400b-a80e-72f914b28a07,Ravy da Paz,jesuscaleb@example.net,2024-08-12,Souza,PE
ca17fede-64f4-47d9-86bf-669558d7217f,Apollo da Costa,idias@example.org,2024-03-16,Pinto,SC
0b98c8d4-197c-439b-92a8-f5a962fb3102,Guilherme Câmara,marcela97@example.org,2024-06-12,Macedo,DF
a5133983-b954-4557-a944-3db6fc811d79,Vinicius Campos,heloisa70@example.com,2025-01-31,Sampaio,RS
9195d41a-ecfa-4f8a-bd32-ad950b8424e1,Caio da Paz,macedoagatha@example.org,2024-11-11,Moura da Praia,RR
dbf2d392-8094-4d9d-8934-10a8d9e28abe,Luísa Rios,qnunes@example.org,2024-07-14,Mendonça,RS
a9ac8ba9-cd65-4d0f-841c-a256b592bdef,Apollo Porto,nicolas20@example.com,2024-12-14,Marques,AM
61e41389-475e-4c32-a645-1db98da47ae1,Daniela Fonseca,goncalveslucca@example.com,2025-05-22,Guerra,MG
,Sr. Pedro Lucas Souza,dbarros@example.org,2024-07-05,Gomes da Prata,BA
ae048f49-c686-4878-8f71-f18a46b50019,Mateus Rios,goncalvesmaria-liz@example.com,2024-08-27,Rocha Alegre,AC
c2107657-93ae-4764-84cd-e246dfab5c77,Lorenzo Guerra,barbara14@example.org,2025-01-17,Casa Grande do Sul,MA
079c2682-bdf5-43f2-b89a-e27b19cb9001,Igor Rios,da-pazsamuel@example.org,2025-06-04,Rios,AP
713d56a1-122a-40fa-ab64-ff73ee36abb4,Luiz Gustavo Rocha,,2025-02-12,Casa Grande,SC
f4ecf50f-8cf3-4b82-9fa1-6fac511c5910,Milena Albuquerque,leaojoao-miguel@example.org,2025-04-18,Farias,BA
2190cd93-6e9f-44d0-8e1e-592db1a17c4e,Allana Ferreira,da-cruzisabela@example.com,2023-10-10,Jesus Verde,AM
3fd23d03-78b3-4749-91be-c0d6a0b2b998,Sr. Yan Ferreira,gpereira@example.net,2024-01-16,da Rocha das Pedras,SC
8a76ecbd-8c77-4fbd-839e-f4fcf28ef5f6,Hellena Vieira,kamillydias@example.com,2024-06-16,Cassiano dos Dourados,PA
73554284-fe82-40f9-a237-1428378e0433,Benjamin Lima,tmacedo@example.com,2023-10-02,Montenegro,ES
e7edc1bb-660d-43ef-8287-4d2251e3438d,Antonella Câmara,luiz-otavio57@example.net,2024-01-10,Barbosa das Flores,PA
e7a35ec5-b6a0-4530-b8f0-47bd62eb86b8,Vitor Hugo Souza,melissaleao@example.net,2024-11-22,Pacheco da Serra,RJ
6f1c7f9b-de15-46cd-a5f4-a78cf3f1a6c0,Sra. Ágatha Dias,josuefarias@example.org,2025-03-14,Pinto dos Dourados,SE
56ad0de0-1fc6-461f-9511-aa8d30d7dbec,Esther Cunha,calebe11@example.org,2023-10-27,Fernandes de Dias,CE
d618a4cf-e826-4fb0-a138-7f003e93f214,Ana Liz Oliveira,marianemoraes@example.net,2025-05-15,Cassiano,DF
490a50c6-05a9-412b-86c4-efde8e30c941,Ryan Albuquerque,,2024-12-17,Monteiro de das Neves,CE
9d7b7cfc-4c24-4f20-9b23-e44a9097c255,Mathias Borges,fnogueira@example.com,2025-04-13,Moreira dos Dourados,PR
bf5aad3b-3351-427d-9261-314e06e79ebe,Maria Helena Siqueira,joao-felipe76@example.net,2024-06-18,Cirino,RR
be57cac9-02f6-49e3-ad6e-e4dd97e36342,Maria Júlia Pacheco,alicia30@example.org,2025-01-17,Cavalcante das Flores,MT
322d6ec9-9e0c-4b46-a876-a820c1fc2ae1,Evelyn Melo,joao-gabriel03@example.net,2024-01-07,da Cruz,SP
6d53f31d-c049-4db0-ba83-d6bd84a69fc7,Vitor Gabriel Gonçalves,moreiravitor@example.org,2025-02-06,Costa,MT
ffe6782c-2c75-4ba1-b620-322d31ce7ba2,Mariah Rios,cavalcanteluigi@example.net,2023-12-15,Moura,CE
cddaa627-5351-4d73-98ce-611c73ebfea6,Heloísa das Neves,rebecacorreia@example.net,2025-06-19,Santos de Minas,CE
1cbe3652-953a-4e45-8d9f-de1983ad4abc,Anthony Gabriel Novais,lopesmaya@example.net,2025-04-23,Cassiano do Campo,GO
87cffb9c-9647-4e8b-93e7-c9ab2d2e9dc3,Bernardo Marques,yago81@example.org,2025-05-03,Câmara Verde,MS
40131ce0-ebf8-4447-9e95-262a7942b3ce,Maria Isis Sá,hadassa52@example.net,2023-12-18,Costela,RS
d44f9212-3167-45d1-822c-4af443271ed7,Anna Liz Siqueira,luisa71@example.com,2025-02-08,Nascimento de Sampaio,MG
396039c5-7363-4b60-a406-026717725e97,Enzo Vasconcelos,benicio86@example.net,2024-01-12,Nogueira do Oeste,PB
ef0512b0-cee5-4eb8-acd5-d29d7c1f7dac,Ravi Câmara,fernanda42@example.net,2024-10-20,Sousa,PB
d22cb4ce-5add-4e3f-ac30-ab4d7332992a,Vitor Gabriel da Luz,rezendebento@example.com,2025-05-04,Jesus,SC
097c3f82-4ff5-403d-9ae7-c21579ac248e,Cecília Mendonça,vmelo@example.org,2024-08-20,Rios,SC
f1db001c-808d-4676-b317-6fdaef6e55f8,Emilly Abreu,maria-clara21@example.org,2023-12-03,Pacheco,RO
2b6c1359-5819-4a83-ba6a-c6a9ce03d607,Ravi Lucca Pimenta,kda-luz@example.org,2025-07-22,Ramos do Sul,MS
1bfd268e-14dd-4461-b4e1-4f8eef2b0636,José Pacheco,maria-laura85@example.net,2024-09-25,Mendes Paulista,CE
660e1e13-1cb0-4999-ab98-4bfa29095e04,Guilherme Rios,fcorreia@example.org,2024-04-30,Fernandes,SP
a15c1d4b-ad33-4821-ba79-2dbb3d2bf07a,Marcela Caldeira,casa-grandeleonardo@example.com,2024-11-10,Gomes,RJ
2009be7f-249e-4612-9bf7-6c29e7897556,Olívia Costa,cecilia23@example.org,2024-04-11,Borges da Praia,RO
d0be593a-fe3d-41cb-bcaf-98b7826b173b,Mirella Silva,sousamaria-fernanda@example.org,2024-07-12,Cardoso,AP
15bcb15e-3b51-46fd-9e3b-6db856bc5bd9,Danilo Abreu,aandrade@example.net,2025-05-21,Pereira,MA
e8b8a035-8f80-409e-bc8e-b244ea15e1c6,Dr. Igor Costa,rcamargo@example.org,2024-11-17,Ramos,AM
c403a8f2-7a21-4d98-b27f-26756496dfbf,Isabela Brito,cardosodavi-miguel@example.com,2024-06-21,Cardoso,PB
72ab1a81-af24-467d-bb28-15fe5afc9778,Sr. Davi Lucca Albuquerque,moreiraandre@example.org,2024-05-16,Moreira Grande,BA
465ad3a4-56ce-4634-9928-befdfb842e6d,Luan Ferreira,leaorenan@example.com,2025-06-03,da Rocha,PA
,Dr. Pedro Nogueira,vicenteteixeira@example.net,2024-08-02,Dias,MA
e52c7e37-7044-44eb-bd20-3609b27bb9d3,Ayla Sá,carvalhofernando@example.org,2024-04-06,Rios,RS
795d0c67-9a25-4c60-bcca-5a010b87b017,Luísa Leão,mendesmaria-isis@example.net,2024-05-19,Montenegro de Almeida,MS
5818ab39-ed9d-4cf0-b959-e9d1bbeb9d35,Dra. Ayla Machado,,2025-04-24,Pacheco,PB
5b4373f9-b253-453c-9789-97deb4be6d70,Luigi Ribeiro,wcirino@example.com,2025-03-11,Rezende,RO
70b311ed-1322-468d-99ad-f83d08345336,Dra. Antonella Jesus,onovais@example.com,2023-12-03,Rezende Verde,MT
167ad49c-7a21-43fc-b00c-a1bef470c8a4,Sr. João Lucas Garcia,brayan01@example.net,2025-01-26,Caldeira de Pimenta,RJ
6b821167-3add-46d3-880f-873dccdc13cd,Raul da Paz,davi-lucca08@example.net,2025-01-22,Freitas,PI
16b182c1-9434-4396-aab7-ec4d7224a559,Yago Barbosa,dantealmeida@example.org,2024-08-06,Gonçalves do Galho,AM
d5aa0493-68ff-4744-9c78-f493e7fc3f69,Davi Miguel Fogaça,nathannovaes@example.com,2025-06-06,Correia de Goiás,AP
aea33afd-b956-4d13-8b7f-3984b3af995b,Helena Rezende,pedro-henrique29@example.net,2023-12-11,Sales,MT
45dcc623-302b-47fd-baa4-2e833fbbcdf7,André Moraes,leandro91@example.org,2024-03-31,Rocha,MS
68ada511-3860-4a96-bbcc-a014c32d2521,Vitor Hugo Garcia,wfogaca@example.net,2024-05-30,Mendonça do Galho,MG
f4b359c0-b37a-4bdf-9c1f-923c3421e2a4,Cauã Campos,da-cruzkevin@example.com,2023-12-06,Gomes do Galho,SP
63983bb1-7929-47fe-a8e0-93e5c0795108,Mathias Andrade,,2025-02-26,Viana,SE
f6a3ee2d-c62c-4a90-a297-44b0cf0f08f2,Elisa Lopes,maria-julia40@example.com,2024-08-10,Pacheco,ES
,Dr. Pedro Lucas Fernandes,cavalcantenathan@example.org,2025-04-10,Viana de Minas,CE
374917dc-fb88-4245-84a2-beeb567cae12,Rebeca Campos,vargascaleb@example.net,2024-01-28,Ribeiro do Campo,RJ
bb805efa-28f9-422d-b491-fa511b354ee3,Srta. Bianca Novaes,vinicius38@example.net,2024-03-23,Dias,SP
3ddd7562-3f50-46b2-ae27-d050b7f3d446,Danilo Cirino,mateussa@example.com,2025-09-11,Guerra Verde,AP
264e2ee8-4075-40bb-80d6-de5249743d57,Enzo Cunha,benicio74@example.org,2024-08-11,Almeida Paulista,MS
328420d6-52b0-4118-bc74-3bdb0c51b9b5,Liz Cassiano,mayacardoso@example.com,2024-12-15,Correia,RO
48a4fde1-4f9e-46e0-a088-fd267cb11f42,Dr. Isaque Cassiano,oliveiraandre@example.com,2025-07-29,da Rocha,ES
6ced83fd-1f5f-427d-8cab-096926db3e84,Maria Luiza Guerra,dda-cruz@example.net,2025-03-15,Peixoto,MG
e6d6d00b-44ac-4665-a821-e6d355ebf159,Vitor Oliveira,ecunha@example.com,2024-01-17,Cavalcante do Amparo,AL
44439d69-4afc-4999-9def-8217b9b58400,Cecilia Carvalho,giovannamartins@example.com,2025-04-28,Lopes,CE
8f79f2c5-0470-416b-8316-f6a684d9e0b5,Benicio Silveira,xsa@example.com,2024-07-10,Dias,SP
22685701-a7e5-46d1-a84f-f6c2d40c2dc0,Luísa Araújo,,2025-08-31,Casa Grande,BA
cf54b851-89af-43e5-a630-bed355e51297,Luiz Gustavo Sousa,alicia95@example.net,2023-10-18,Silveira,BA
25a142fb-c8e3-49d9-a0c9-f8f6e7b462b4,Joana Vieira,pimentaalexia@example.net,2024-04-23,Gomes,TO
a958e8fc-a97d-4c62-9033-ac57b4c0b5cc,Mirella Sousa,maria-lizgoncalves@example.com,2024-04-02,Caldeira,RO
74c7dd18-1157-49bb-b9fa-fbb76230aa59,Joana Moraes,juliaaragao@example.com,2024-07-31,Silveira Paulista,MT
00e56140-53f4-457c-a190-1302da78ff92,Maitê Abreu,marcelocassiano@example.com,2024-04-22,da Cunha das Flores,TO
2daa7f85-1752-4f02-ab61-825be3e4f9cb,Diogo Nunes,,2024-02-11,Mendonça,AP
33929953-d720-40c5-afac-037ecdffc7ae,Luigi Abreu,aragaojoao-pedro@example.net,2024-02-20,Mendes,PR
14f394ed-99b5-4304-ac43-7d00f0d9e8d9,Yasmin Sousa,teixeiramaria-laura@example.com,2025-06-25,da Luz,GO
40218589-bc7c-4437-8799-f4c73e47bf45,Thales Ribeiro,lais04@example.com,2025-02-01,Pacheco de Santos,SC
c6ba1322-93e9-4932-815c-cf127b9c7a7c,Gabriel das Neves,davi-luiz69@example.net,2024-03-06,Sampaio de Cavalcante,SP
459f3673-a3c2-4c2e-b9ec-38ce1416c8af,Augusto Sales,albuquerquecaua@example.com,2024-08-24,Sales do Campo,PA
3af55229-d419-44dd-90a6-6708c14d24e3,Srta. Heloísa Lima,pedro26@example.org,2025-07-27,Caldeira do Norte,MG
bb43697e-d4bb-4e1b-b808-a35b28b507b1,José Pedro Alves,hmendes@example.net,2024-08-10,Barros Grande,SP
15103713-f727-4591-83fc-6ac0e5383465,Maria Clara Vargas,bfonseca@example.com,2024-10-28,Martins de Goiás,ES
3351a3b9-7e42-4481-b5da-fd417d576bef,Lucas Aparecida,eaparecida@example.org,2025-08-25,Duarte da Praia,GO
1684b551-94f6-41ac-9d66-ebac110e22fc,Lavínia Silva,bryan75@example.net,2025-02-04,da Paz do Norte,PE
e43dc9a9-4865-4745-8c17-34d9a2a8603d,Kaique Rodrigues,agathada-conceicao@example.org,2024-05-31,Freitas,MA
d48d5c9e-58c8-4b1c-9c6f-0c7767ac170b,Lavínia Gomes,gustavo82@example.org,2023-09-26,Santos,RS
c1ee4036-6073-4b76-bbea-0879c84c7f5d,Isis Siqueira,oliviabarros@example.org,2025-02-10,Marques,PI
9e0c2b72-7272-4fc8-8d0e-b8d018d8bc3d,Oliver Martins,joao-pedro47@example.com,2024-09-05,Moreira dos Dourados,RS
9ae9f98a-b991-4153-a672-775763669277,Melissa da Conceição,caleb28@example.org,2025-01-03,Oliveira Grande,PA
93489010-7037-44c0-b625-344bc2bf5114,Ryan Fonseca,acaldeira@example.net,2024-03-28,Pimenta,AL
b122ff27-8470-40de-96b4-e06cdecd9167,Sra. Mariah da Rosa,anthony-gabriel03@example.net,2025-02-03,Oliveira,MG
,Raquel Rodrigues,mendoncadaniela@example.com,2025-07-11,Cavalcanti do Galho,SE
95289086-58b1-404e-8a55-5c2290b9c8b3,Natália Ferreira,murilo83@example.com,2025-05-13,Cavalcante,MG
a3b5f169-6890-42ad-b4f6-632787a022ef,Murilo Novaes,arthur-miguel25@example.net,2024-04-12,Borges do Amparo,AP
9e97183a-e1ea-4307-930d-9d75a392c424,Isadora Pereira,mmontenegro@example.org,2024-03-25,da Costa do Norte,RJ
34beafb6-6896-4e13-a940-116a9694071a,Apollo Cunha,rodriguesdavi-miguel@example.org,2024-12-04,Aragão de Ribeiro,ES
d8e6a322-ba53-471a-b357-7aec170f46ab,Dr. Théo Duarte,luisa52@example.net,2024-09-24,Duarte da Praia,RJ
0692d5cf-3876-4892-957e-a3870b5bc4c5,Mirella Machado,cecilia23@example.com,2024-06-03,Castro,GO
143b860d-6679-4d0a-82cc-b1202101ff3b,Marina Cunha,emanuella24@example.com,2024-08-22,da Mata,MS
b32099be-8c3d-414a-9fb8-231d327e8f63,Srta. Lorena da Cruz,carvalhoana-cecilia@example.org,2025-04-20,Fernandes de da Paz,AM
efff5c01-a6b5-4f09-83b4-19ec86f65b52,Srta. Elisa Pastor,pedro-henriquebarros@example.net,2024-10-27,da Cruz Grande,MG
3c51559a-aef2-46f6-bdc0-cd1631934796,Vitória Abreu,fmartins@example.net,2025-08-22,Alves,MA
a4a209d3-a24a-45ed-b072-96f67d477951,Josué Freitas,eduardadas-neves@example.net,2024-05-21,Lima do Norte,PB
f4d5d7c2-c8f0-4bb8-a0c7-7e47a195823d,Lucas Almeida,yda-cruz@example.com,2024-04-17,Dias do Galho,RN
4c494b6f-f160-4dfe-8d38-28206026a454,Julia Sampaio,meloian@example.org,2023-11-03,Gonçalves,GO
f58546e4-4eca-43f9-9287-81a77259afcd,Sra. Maria Vitória Barbosa,ana-carolina84@example.com,2024-09-22,Ramos de Moura,AC
2499706e-e566-46e1-8b11-b060024d0f71,Mariah Moura,macedoluiz-miguel@example.com,2024-10-06,Camargo,PE
d4671fe7-2b39-4d1e-8cb2-855ab80e4ba1,Catarina Siqueira,aragaomathias@example.com,2024-03-19,Duarte,RO
3297b360-e4f2-472e-9436-c2e03e3be63b,Eloah Leão,koliveira@example.net,2024-11-25,Pastor do Amparo,MA
d9c66347-bfd0-4d49-9fc0-e6216db87695,Sr. Vitor Gabriel Pereira,iborges@example.com,2025-01-12,das Neves do Oeste,AM
62789643-c1c6-414d-8b0e-c33ae5a46b4f,Daniela Brito,luana88@example.org,2023-10-25,Sá,PR
0a2287d7-a6f1-4fa4-a52a-5393c1a39b12,Rebeca Almeida,emillyfernandes@example.com,2024-01-06,Caldeira do Norte,PB
c2fcb91a-885f-484e-a5b9-167a370a022e,Luna Montenegro,da-cunhaheloisa@example.com,2023-10-02,da Rosa de Almeida,SP
f1903010-af86-47ea-820f-b762611f774b,Henry Gabriel Fonseca,portomaria-fernanda@example.org,2024-08-21,Borges,RR
6776b007-0996-4f55-9b2b-710a50d8b5bb,Ana Sophia Brito,arthur-miguelleao@example.com,2025-09-05,Fogaça,MG
ccbaf044-fa95-4f5a-9221-abe0dcd86ad1,Isabella Pires,mendoncabenjamin@example.org,2025-05-22,Mendes das Flores,AL
89db5870-819c-4b1d-8a6a-b5d517d112fd,Pedro Mendonça,garciamarcos-vinicius@example.net,2025-06-16,Aragão do Norte,SE
661bf806-3410-4d05-9935-5322958f6898,Caio Montenegro,wmacedo@example.net,2024-05-26,Casa Grande,TO
41168ad3-238a-4471-9ad0-3770deeae046,Daniel Gomes,kabreu@example.org,2025-01-20,Sampaio,SC
2572e292-00ac-40e5-b8dc-8c451542c369,Vitor Dias,ana-ceciliaalves@example.net,2025-07-27,Rezende,AM
831eb45b-b291-426d-a451-13b8731be1e8,Sabrina Jesus,eloa70@example.org,2024-09-03,Aparecida de Pimenta,AL
760c33aa-4feb-41f5-9dd4-63c3c41381a9,Luara Farias,luiz-fernandomoura@example.org,2024-02-22,das Neves,SP
2c70baa2-e293-461c-9055-5a3aed435fda,Maria Vitória Cardoso,camargomarcelo@example.com,2024-02-12,Mendonça,SE
7aa141be-b14d-45e6-98e4-dc1b0ae4e087,Apollo Machado,pedro15@example.org,2025-07-04,Novaes de Freitas,RJ
a59e1aae-649b-4a8a-8df8-accbeb38217b,Caio Abreu,mferreira@example.org,2023-09-24,Novais,RS
33183524-b68f-41dc-bde5-8f4675dcf1d2,Daniel Gonçalves,beniciorios@example.org,2024-05-31,Nogueira de Rodrigues,PE
fffec6c6-a34b-4f56-ae1c-4c87f718a1a6,Augusto Barros,raviribeiro@example.org,2024-10-23,Moura Alegre,RS
7e41a969-607b-40a2-b9a9-4d8f416ed780,Heloisa Fogaça,vasconcelosyan@example.com,2025-08-28,Ramos,PR
41b2863a-c75c-49a8-a820-dde82f45de63,Maria Fernanda da Paz,uleao@example.org,2024-05-25,Pimenta,SP
6daea7e3-6146-4757-90d0-0325ea9bb72c,Ana Julia Cavalcanti,,2023-10-28,Lima,MG
4e07fdcd-c669-41be-8a7a-f10a62f25d7c,Kamilly Machado,limamaysa@example.org,2023-11-13,da Mota,MT
a4961ce8-ad72-4683-8aa9-5bf2b3497fe2,Lucas Gabriel Caldeira,moreiraluigi@example.com,2024-01-12,Siqueira,RS
9993657d-8cba-47b4-9fe4-458a956965ed,Dr. Luiz Felipe Abreu,julianamoraes@example.net,2024-12-24,Gomes,DF
6b2b118a-43d9-4e05-b962-6fc6ee7d83a6,Marcela Montenegro,allananovais@example.org,2024-08-25,da Conceição,RJ
57691b4e-018c-448c-8b05-7a45c0b9f96f,João Miguel Abreu,borgesisis@example.org,2024-02-16,Correia,MT
cc78e957-b9f9-4da6-9e6d-4e743266efd8,Ana Clara Vasconcelos,camposisabelly@example.net,2025-01-27,Nunes,RO
ff203ae2-48da-4e75-9305-8f8c76eca650,José Miguel Câmara,,2025-02-28,Moreira,MG
c026360c-a810-4e04-b29f-1fcfb00e9009,Evelyn Lopes,marcela59@example.net,2025-06-22,Fernandes,RR
53ac9699-46d6-4b10-8db1-a6b89a119df6,Dra. Ana Carolina Nunes,pintoeduardo@example.org,2024-04-16,da Luz de Goiás,AL
629715e9-e59f-4b47-a4e3-644b69ad01bc,Emanuella Porto,sara84@example.org,2024-06-27,Nunes do Oeste,SP
4cafc739-aa01-4846-a453-7581020ca445,Luna Gomes,cduarte@example.com,2023-11-10,Fonseca da Serra,PI
b0fdef67-3abb-43ff-930f-d290c36f50f3,Ísis Cavalcante,bnogueira@example.net,2025-04-25,Cassiano da Praia,AC
355a11f0-9e05-48ca-8583-4a09a7b8d18c,Catarina Aparecida,unovaes@example.org,2025-04-02,Borges,TO
7f2d7880-821f-407d-823b-5e2982ef38ba,Vitor Gabriel Pires,xfreitas@example.org,2025-07-23,Rezende,CE
e93711ed-66b4-4bd5-86a7-650b209f9cb5,Maria Montenegro,emanuelaraujo@example.com,2024-08-03,Correia,AC
9bfc320b-bc41-4365-9c57-ffe256a17197,Bruno Fernandes,martinsantonella@example.org,2024-09-04,Caldeira do Campo,ES
383f2dd7-d3a8-4ace-8f98-a793d99f5181,Luiz Otávio Albuquerque,qmoura@example.com,2024-02-11,Oliveira Paulista,AM
3cd06b30-0489-4260-8a4b-b4dc6a90e27b,Esther Fonseca,,2024-09-20,Melo,RO
f1cac4a0-17d8-4562-9976-2e002c8a930f,Raul Azevedo,araujokaique@example.com,2025-07-15,Fernandes,MT
e174afd9-b483-4215-83d4-5866c0a4c1ad,Luana Santos,vitor96@example.net,2024-12-19,Brito,AP
c9191be2-fc03-4bae-aa8b-9e118d97bebb,Sra. Emanuelly Brito,luisa96@example.net,2023-10-13,Peixoto de da Cruz,BA
bb6fbedd-e722-4145-a454-416bd842f33b,Lívia da Paz,alicia48@example.net,2024-05-10,da Costa,AP
f4cd83c7-99d0-4b01-91af-2e90a8622431,Sra. Cecilia Novaes,pgomes@example.com,2025-08-12,Pastor das Flores,GO
de25d028-c4f9-4d04-9d0c-430a3f33a572,João Miguel Barros,teixeirajoao-vitor@example.org,2024-08-23,Pimenta,CE
594fb030-3d8a-459b-bad0-e0af95f85d01,Esther Machado,catarina61@example.com,2024-07-07,da Cunha de Aragão,RR
4b7f764f-9a8f-473e-9d43-76ab8da43cfe,Guilherme Ferreira,,2024-09-08,Barbosa,PE
b51f8236-ead5-4233-b49a-685abf7ac122,Vitória Câmara,,2024-04-23,Rodrigues de Cavalcante,GO
a0435b67-decd-4046-8e9b-61f1ab6926c8,Dra. Heloisa Monteiro,liz47@example.org,2024-02-17,Almeida,RS
,Matteo Carvalho,aurora87@example.com,2024-06-07,Castro Alegre,AP
e0c00f77-3d9a-48db-9d90-3a98c3728e8d,Léo Moura,laviniagarcia@example.net,2024-05-12,Almeida das Pedras,MG
c21767b2-394b-4bba-9d25-f69247a78761,Olívia Caldeira,danilo85@example.org,2023-11-02,Lopes,MG
72502b03-a18f-4b54-a5d0-7791b05c928f,Melissa Mendonça,mayamoreira@example.net,2025-07-04,Siqueira,PA
2d50184e-4881-45e8-94ca-3aad3d03330e,Agatha Mendes,silvadaniela@example.org,2024-07-07,Gomes,SE
ec2f7482-2acc-46be-a79b-8f5b0b396b44,Isaac Câmara,liam69@example.com,2025-09-10,Marques das Pedras,RN
9c795839-d655-460c-a715-43780f88abeb,Sra. Isabel da Mata,carlos-eduardoaragao@example.net,2025-06-16,Câmara,RJ
1db8a650-c52c-4737-bf48-836af00ae6ce,Ana Julia Ribeiro,luaramarques@example.net,2024-11-03,Ribeiro,PA
cf45d5c6-0417-4358-a35f-37095500e52d,Manuella Pires,saleslorenzo@example.com,2024-01-08,Casa Grande,AL
ae1877cf-c28a-4b19-afe3-63c3695397d8,Jade Sales,ana-julia58@example.net,2024-03-27,Vieira do Galho,SE
eb53f376-4066-4a0d-a373-5f7ae6c5b8f7,Theodoro Câmara,oliviacavalcante@example.net,2024-11-16,Gomes de Martins,PI
b3d4fdbb-b3e8-41e6-83f4-15f12706c049,Eduardo Cardoso,mateusda-cruz@example.net,2023-10-10,Rezende,ES
7b2acf63-dd66-4caf-b460-b980472ca1af,Nina da Cunha,albuquerqueluan@example.com,2024-08-01,Pires Grande,MG
3cb69de6-a8a2-427e-986a-859b5a1eed73,Isabel Cunha,,2025-01-19,Camargo do Sul,AM
71d68097-878d-492b-a043-8657bf581409,Vicente Pires,ecostela@example.net,2025-03-02,Cavalcanti,AP
47f9cfde-2716-4e75-88fc-5df6e10136dd,Sr. Benício Peixoto,moreiraalexandre@example.com,2025-06-20,Jesus,MA
7af3bfef-4b12-4223-810e-22d0cb98f9ac,Isabel da Rosa,calmeida@example.com,2024-12-11,Costa da Mata,MT
a71abe48-a671-4641-9902-80dbc90d1810,Bernardo Aparecida,luiz-felipe83@example.org,2023-11-01,Novais,SE
945ef442-b9b4-4850-a4fd-be93a90b0fab,Emanuel Gomes,rodrigo86@example.net,2023-12-29,Moura da Prata,RO
3208f9fc-46f3-4d1b-8885-73e9aac29469,Ana Liz Souza,yago40@example.net,2024-09-24,Oliveira dos Dourados,MS
1c376a2a-2576-43cd-8694-61a615c88a19,Sr. Luiz Otávio Leão,emilly97@example.org,2024-09-14,Pastor,RJ
f08852ac-954e-46b1-8769-03fd456b644c,Srta. Maria Sophia Machado,sadavi-miguel@example.org,2023-11-22,Aragão,PB
3bf04a5b-cce9-4b55-85fa-c393f5c57917,Letícia Nunes,joao-lucas26@example.com,2024-12-14,Campos de Pacheco,MS
a7118233-0d20-4424-b455-d7db297a5055,Lívia Novaes,kevinribeiro@example.net,2025-04-23,Nascimento de Araújo,AL
701f7752-a403-4db4-bacf-0daa06eff2ce,Fernando Sampaio,umoura@example.com,2023-12-05,Mendes,AM
b6f9b0a3-137b-4fdb-baee-ef3e05753ed9,Ana Cecília Moraes,davi-lucas52@example.com,2024-08-04,da Rosa do Amparo,RO
b728896a-1753-4059-a5a6-a7c3ca420404,Dr. Ravi Camargo,montenegroleandro@example.org,2024-09-21,Aparecida,RN
f6265778-7810-4660-a4c7-251e81cfc3a8,Maria Fernanda Teixeira,correiacamila@example.net,2024-10-02,Abreu,AP
7b56f517-9434-43a6-9cb6-b83592991438,Srta. Sophia Sampaio,ada-mata@example.com,2025-03-09,Garcia de Minas,MA
5cf6e4d7-222b-494d-b43b-20a488f98353,Benício Abreu,,2024-07-15,Montenegro de Goiás,PE
9bcf0ab8-cf9c-4376-84c5-585d626d7233,Dr. Kevin Costa,mariahcamara@example.net,2024-09-10,Macedo do Campo,PR
b6b9f709-1802-418c-9c8a-56e11ddc5011,Maria Sophia Mendonça,rsiqueira@example.com,2024-10-01,Pimenta de Goiás,DF
6330d98a-5f35-4d1e-bbf8-05f58e54b41f,Théo Oliveira,ana-luizapinto@example.com,2025-01-09,Siqueira da Prata,PA
0c9a8da8-e7ee-49e0-bc44-11bcc21c2d55,Bruna Correia,ayla78@example.net,2025-04-16,Pastor,RN
96c8418d-a9db-40d5-a8bc-fde16b14bd1e,Davi Lucca Vasconcelos,theodorosilva@example.net,2024-04-10,Duarte,AM
2c5db421-61d5-4ecb-9988-e7be91239d13,Lunna Guerra,melissapereira@example.org,2025-03-17,Costa da Prata,PB
0cd12721-6a1b-4d51-ab1d-b0fd01b2c757,José Gonçalves,antony40@example.net,2025-03-17,Teixeira,MS
c2f89caf-3b5d-48b0-bd95-4fe415232d59,Melissa da Costa,oliver76@example.net,2024-05-04,Abreu Alegre,MS
e348211e-03b9-4608-b04a-ad3a767bbfbf,Caleb Cavalcanti,benjamim74@example.net,2025-08-02,Mendes do Norte,DF
96591129-4219-4f6b-a976-208e4dd2278f,João Vitor Ferreira,barrosana-sophia@example.net,2024-01-28,Albuquerque,BA
d902e4e6-64b8-40fd-9828-3d5b51b1cc2a,Joana da Rosa,,2024-04-19,Moraes,PA
56c1836d-8231-4d60-97b6-3d2e951a067e,Dr. Nathan Vargas,marceloandrade@example.org,2023-12-21,Vieira do Galho,RS
9f64559d-edbb-4b78-8994-a27589ba82cb,Bárbara Pires,silvabrayan@example.com,2025-05-23,Casa Grande,CE
d20baf30-ca5a-4a97-8057-7bca5d38c012,Heloisa Pires,ocavalcanti@example.net,2024-12-20,Vasconcelos de da Cunha,RS
a3281000-48eb-4a1a-9b2f-70b622f26132,Eloah Nunes,ottolima@example.net,2023-12-24,Carvalho,MA
00280849-cdf7-464b-b122-3dbd444f79b1,Maria Julia Andrade,rodriguesthiago@example.org,2024-07-09,Vasconcelos de Farias,SP
b93aaedf-eed2-4adb-ba84-9dad9f5d715d,Liz da Paz,bryansa@example.org,2025-01-26,Aparecida da Praia,RO
f4a39e5e-04f2-465e-bc22-c7263992d04a,Benjamim Lima,luisacasa-grande@example.net,2025-05-20,Mendonça,SP
5b165f69-8b38-4790-95d5-8009059f7de3,Ana Fonseca,rfernandes@example.net,2025-07-20,Freitas,AM
224571d4-3e95-4a95-996f-b1f4b4faa010,Miguel Cardoso,diasluiza@example.org,2025-09-08,Porto das Flores,MS
296ad9b6-d657-498c-8789-599e2bb462c1,Maria Porto,sampaioluiz-otavio@example.net,2025-05-04,Abreu Verde,RS
674d2451-0a05-425c-af55-329c26cb581a,Rafael da Rosa,vitoria01@example.com,2024-04-12,Viana da Prata,RJ
d39f26a6-d958-4c03-abb2-637311236371,Ayla Dias,nvieira@example.org,2025-04-17,Novaes,AM
5c0c60bf-7012-4d48-b765-e37556d1a58c,Otávio Pires,costelavitor-hugo@example.net,2025-07-29,Carvalho de Goiás,CE
b029d930-1f22-4e18-86f8-71ab14dc4b73,Marina Pimenta,,2025-06-01,Andrade,RN
45e0d436-e805-4ec7-bca1-f4d6f98f46e8,Nicolas Peixoto,thiagobarbosa@example.net,2025-03-19,Melo,RJ
289a1371-db8e-47c5-9e53-3801706a6c7e,Pedro Lucas Moraes,ferreirabernardo@example.com,2024-12-17,Lima,RR
a06a494c-d2f0-4f95-ab12-fafa99d09f09,Apollo Carvalho,diasmelina@example.org,2025-04-25,Mendonça,DF
3eac7300-3236-4f20-84b6-c131927da712,Benicio Caldeira,ipimenta@example.org,2025-07-21,Pacheco dos Dourados,GO
a24da96c-72ef-41ba-9c48-fe9eeece3328,Calebe da Rocha,,2025-07-25,Vieira,MG
7c9544e6-07f9-419b-b556-8d85f582594b,Marcela Monteiro,talbuquerque@example.org,2025-05-06,Cardoso,RO
1bd83c08-6c86-4082-ab9d-91b95154ce8f,João Gabriel Melo,ferreiraleticia@example.com,2025-06-30,Brito,RS
2cd7ebfc-b081-4879-8f1e-848e426c1c2c,Alexandre da Cunha,bernardo51@example.net,2024-08-14,Caldeira de Fernandes,MT
0b3e33f3-aae4-40ea-87d3-178780f9477e,Lucas Gabriel Correia,anna-lizrios@example.net,2024-10-22,da Cunha dos Dourados,AL
7069ff4b-83f4-4225-acb7-5d085db57023,Matteo Porto,fernandacosta@example.com,2025-03-04,Correia de Castro,RJ
d1ece2bd-1bec-45f9-8aa9-ede2e2c725f6,Antônio Vargas,almeidaluigi@example.net,2025-05-09,Almeida,MS
c1fba63a-b793-4b08-905a-e62984c653a9,Sofia Pastor,almeidaluiz-henrique@example.net,2024-02-12,Albuquerque,AC
b800d6ba-d5ad-4832-9f68-1015e849f1b0,João Miguel Vasconcelos,macedogael@example.org,2025-03-16,da Paz,DF
2fed1fe9-280d-406a-bb07-93aac13e4323,Maria Eduarda Correia,carvalhogabriela@example.net,2025-08-25,Siqueira,SC
fa7024fa-8f8b-4165-9b40-dc371f45b2de,Evelyn Jesus,,2024-07-28,Mendonça de da Mata,PR
d357bf81-ef79-4031-9a2c-d69264261f64,Lara Dias,haparecida@example.net,2025-04-25,Cassiano do Galho,MG
7a084e6c-0e52-4fc5-96d4-044e5b9cc4f0,Dr. Breno Rezende,vasconcelosmaria-cecilia@example.org,2025-03-02,Pinto de Minas,AM
fcad898f-34a0-4e5d-9538-88001bb8d90d,Gael Henrique Aparecida,zfarias@example.net,2024-03-21,da Mota de Freitas,PB
db3318f1-f657-40cb-9e0c-c3669ee952ba,Aylla Lopes,anthony16@example.com,2024-07-19,Borges de Goiás,RO
,Maya Cardoso,calebepeixoto@example.org,2024-11-27,Cirino de Minas,RR
415e4f68-941e-4277-b87a-504189103149,Srta. Bella Moraes,ana-julia17@example.com,2024-09-16,da Costa de Goiás,CE
3f4c60b9-399a-4f1a-9729-a3f1ec58c4d9,Alexandre Sousa,oborges@example.net,2025-08-03,Cirino Verde,BA
96b15fa4-6a77-4b53-866f-2f76ece1e74e,Mirella Fogaça,cfonseca@example.net,2024-10-24,Marques,PA
8f9f0d13-3f70-4501-b66b-41ddc641d31e,Vitor Gabriel Casa Grande,clariceda-costa@example.com,2024-07-28,Souza da Prata,BA
38a85e7e-69de-42e3-a2ce-cf61560df174,Emanuella da Costa,gpastor@example.net,2025-06-09,Marques,AC
6b303621-681b-4eb7-bbce-b74f5e6bef2c,Ester Cirino,diastheo@example.org,2024-12-26,Brito do Oeste,MG
eea54f95-2872-4caa-a1a5-11aad02c4616,Vitor Hugo Campos,jose-pedrocunha@example.org,2025-06-26,Correia,ES
3841db82-ab3b-4297-97c1-23e9fc30a628,Sra. Eloah Pacheco,barbaraandrade@example.com,2024-12-10,Pimenta da Prata,MT
5b7a36af-176b-4abc-9c79-d220734047de,Ana Luiza Farias,lcosta@example.com,2024-12-23,Lima de Mendonça,TO
f41778cf-d8e3-4a13-a951-7ec821e799eb,Vinicius Pacheco,benjamimda-luz@example.net,2024-04-13,da Rocha de Camargo,SE
f102926e-662f-451d-9ac8-ad45a132cad7,Ana Beatriz Viana,lauraduarte@example.net,2024-05-18,Abreu,PA
626c0ed0-d11d-4632-bdf0-ff8b5fc98d63,Ana Vitória Teixeira,ravy57@example.org,2025-02-08,Sales,MS
60ba5caf-04a5-47da-b1d8-c13ec2af70c8,Elisa Leão,danilonascimento@example.org,2024-04-11,Aparecida,AP
c7b5504e-0e47-4ca6-912c-95e28a80f31e,Thales Alves,limaaylla@example.com,2024-10-25,Melo,MT
405b234f-6eba-46f4-bdb5-ad3b90bd8d85,Mariane da Conceição,henry-gabriellima@example.com,2025-07-19,da Mota,RO
962b72cd-8dc5-41a8-b1ca-6dc2d4effe12,Olívia Almeida,qcarvalho@example.com,2025-04-10,das Neves,SP
4ad4ffb6-c3db-41da-b106-76e9ef32ba3b,Leandro Alves,nathan87@example.net,2024-05-25,Viana de Minas,RR
05ec533b-a88a-4293-9c77-af9214451f5f,Valentina Lima,estersousa@example.com,2024-10-22,Costela de Cirino,MA
48318a99-5693-47b3-9bd4-2ea4e257ee47,Sofia Freitas,raraujo@example.net,2024-01-06,Farias do Norte,RS
999ac03e-0658-46f5-ac0f-146eec14a95c,Caleb da Luz,albuquerquebruna@example.com,2025-05-25,Costa,AC
bd6fe9c6-6de7-4e5f-9ef4-dea83fdafe3f,Gabriel Sousa,rhavinovais@example.com,2025-03-30,Camargo da Prata,PA
e61ddd29-49c0-4d7e-8ff1-e86682c03203,Luana Machado,gcastro@example.com,2025-05-27,Viana,RR
ddabe1e9-561a-432b-a516-583f755cfd24,Dr. Igor Novaes,mbarros@example.net,2025-09-06,da Rosa da Praia,PB
5f33943f-764a-47bd-88e5-76f7095a5879,Isabel Sá,ialmeida@example.net,2024-09-09,Rodrigues,AM
8b80af73-526b-4968-8078-e74ed6cabffe,Dante Cavalcante,valentina72@example.com,2025-05-17,Novaes do Galho,PE
452d4387-ed48-4d42-a5bd-ff14f79d0314,Antonella Andrade,francisco80@example.net,2023-10-31,Jesus de Nogueira,RJ
df426ee2-b433-45c9-bead-3092f7680b43,Gabrielly Fernandes,vda-costa@example.org,2023-12-01,Moreira do Galho,PI
a216037f-b9ba-418a-a9e2-ce2c072982b6,Maria Vitória Lima,ravi-lucca98@example.org,2025-08-05,Freitas,BA
cc9082e6-bb5a-41d3-94aa-6948bdca3f08,Manuella Abreu,domandrade@example.com,2023-12-08,Oliveira da Praia,MS
23752aac-4f46-41cd-b0d6-1bb6eca1ad6c,Sr. Luiz Felipe Machado,pereiraaugusto@example.org,2024-01-12,Peixoto de Mendes,RO
489f2f41-f377-4840-9179-d91e1eda8535,Dra. Mariana Moura,lorena47@example.com,2024-08-26,Nogueira,AP
aeebd9c4-d375-4ba1-bfdc-8349fc06e204,Vitória Sousa,,2024-02-23,Aparecida,MS
7479dc26-2566-41c7-a7cb-7972c79fc6c7,Mariane Freitas,emanuel99@example.net,2024-08-29,Peixoto,CE
91b9cd8f-b10d-450e-be79-2a52af8d68d8,Breno Machado,cavalcantemaria-julia@example.org,2025-07-14,Viana,RJ
06ae00e5-5843-4ba4-b98d-f9196ceb08d9,Emanuel Silva,wnunes@example.org,2024-11-12,Nunes Alegre,BA
38aa3908-7b7b-438d-870d-25d9f23ff0e9,Maria Fernanda Ribeiro,da-conceicaoeduarda@example.net,2024-11-03,Nascimento da Prata,RO
83b153d3-f609-443e-b831-646cfcd2d86d,Emanuelly Almeida,tsouza@example.com,2025-05-05,da Costa,PI
ed71f856-4bf1-4f9c-80a0-16b1588a701c,Julia Fernandes,rodrigocavalcanti@example.com,2025-01-04,Lopes de Minas,SE
446aad0b-995b-4ed4-9b78-d88a64e17bcb,Dr. Fernando Monteiro,marcelasantos@example.net,2024-10-02,Freitas,RR
0117df92-21e4-458f-8ad7-b4578938b201,Lorena Moraes,marcelaalbuquerque@example.net,2025-05-17,Moura das Pedras,MT
13a390a3-388d-4b0c-9c05-01b25ecf24f8,Kamilly Ribeiro,bbrito@example.com,2024-07-02,Fonseca da Prata,RJ
ad89f78d-2276-49b7-9966-832dd946b3c3,Srta. Sophie Ramos,maria-helena38@example.org,2025-01-04,Câmara de Costela,AC
34921b02-a5e0-45d6-9d52-0bfecfab72b3,Vitor Lopes,matteovargas@example.com,2024-03-17,Carvalho Paulista,PE
21a47eb9-7b2d-4d3b-8499-c0fff062ee00,Cauê Jesus,xsousa@example.org,2025-06-12,Melo,PR
98bb90ca-c08e-42c1-a19c-da8c80c611e5,Dra. Laís Machado,sda-mata@example.com,2024-11-12,Costa de Araújo,AC
448d35a3-026e-49b5-90c5-894cab791ede,Stella Fonseca,camilada-rocha@example.org,2025-06-15,Barbosa,PE
d24a109f-ead3-4ef9-b204-35792e4d33b8,Anthony Gabriel Moura,julia39@example.com,2023-10-11,Oliveira de Minas,DF
ec5d0e83-3448-43d5-9842-7d8f786db0f4,Heitor da Rosa,rgoncalves@example.org,2025-06-03,Moreira da Praia,AL
4efd0fe7-6a32-402d-902b-8ff5035df748,Maria Luiza Novais,silveirajose-pedro@example.net,2024-10-08,Siqueira,BA
d79bb5cd-417e-44a7-8706-43c94b7dc674,Dra. Júlia Guerra,maria-helenacampos@example.org,2024-09-18,Santos do Amparo,SC
046225aa-8832-4150-b1a5-d5a2220f4611,Matheus Nascimento,xcasa-grande@example.com,2023-11-18,Sampaio,MA
aad35960-2791-4baa-a279-6f1acf566578,Sra. Rebeca da Cunha,ymoreira@example.com,2025-01-12,Nascimento,PE
d2e1476d-e433-4109-ac2c-aa6b25294d79,Miguel Ribeiro,maria-luizamoraes@example.net,2025-02-09,Vieira,PI
63d7a353-9b1d-421f-9c33-e2bc9b6c2524,Luiz Otávio Farias,marinaandrade@example.org,2024-02-05,Montenegro,DF
2843b4e3-20a0-4f78-a15b-4ecdb74ec7a1,Ana Carolina Costela,emanuella98@example.com,2023-12-28,das Neves do Norte,RS
58651e98-b5d9-4bb2-ac55-c5a4257a37e6,Guilherme Vieira,mpeixoto@example.org,2023-12-24,Fernandes de Ferreira,AM
e4f4896d-d50b-4056-90be-facf9cef1b97,Davi Lucas da Cunha,qpires@example.com,2024-02-22,Peixoto,RN
f75191dc-663b-4955-8291-fdb93e185faf,Maria Gomes,dcorreia@example.org,2023-12-19,Casa Grande dos Dourados,RR
3a4e83b8-89e1-4b86-873a-8e632df1d540,Dr. João Felipe Casa Grande,anunes@example.com,2024-01-19,Peixoto,MG
9c1cf1c2-5aff-469d-acf7-7f84f533b3ec,Ian Aparecida,albuquerqueheloisa@example.com,2025-07-13,Pires,RR
11ed25f8-0a9c-4037-b727-08226da91299,Antonella Cirino,ceciliasiqueira@example.org,2025-01-17,Cavalcanti,AP
1d01abcf-e2de-4478-9737-8598e8e5fc46,Anthony Nunes,,2023-12-15,Nogueira,SC
0a735053-cbf0-43df-acaa-b89ba8b57301,Maria Eduarda Guerra,danilo51@example.org,2024-05-11,Garcia da Mata,PI
008ef4ef-3230-4c14-813d-fd507e09d48f,Sra. Isadora Ferreira,gustavocorreia@example.com,2024-04-30,Vargas,MS
b0f3d37c-5264-4362-be8e-454f75feb961,Théo Pacheco,lborges@example.com,2025-01-20,Rios do Campo,RJ
5b7d035d-6ccb-4857-b45c-46cb3d1b5780,João Lucas Albuquerque,tcampos@example.com,2025-03-30,Cirino,BA
cfe39046-e2db-41dc-af76-fdb5c7edb67d,Esther Melo,maria-ceciliaporto@example.org,2025-05-20,Pereira,TO
985cc9b6-630c-40b0-94a6-534e58c174ac,Srta. Liz Ferreira,halbuquerque@example.net,2024-08-21,Araújo do Amparo,ES
f686f16e-4eab-4e1d-beff-80074a1c9b68,Clara Fonseca,zjesus@example.com,2024-06-10,Silva,SE
5b818103-8a96-454a-b5eb-7d0cd011fa13,Bryan Silva,ocarvalho@example.com,2024-10-22,Casa Grande,RR
00485084-76e3-4eda-b0f7-d3e4e6513a39,Benjamin da Cunha,enovaes@example.org,2025-08-14,Mendonça da Prata,RR
1aa97a78-b994-470c-a413-08f909c62b2f,Enzo Gabriel Mendonça,vargasdavi-luiz@example.net,2025-04-23,Costela Paulista,AP
98599f6f-8ee9-4b56-9610-c37402cbb470,Vinícius Vieira,freitasmanuella@example.org,2025-05-13,da Cruz,SE
7551e3ae-85da-4099-a396-767896298d34,Paulo Novais,sophie22@example.net,2025-07-19,Montenegro de Casa Grande,AP
3edd22ad-cc44-41f2-9b25-b91617b4a06c,Théo Almeida,bryanandrade@example.net,2025-08-15,Melo de Minas,PA
443e4767-e661-4f2c-b2ae-e75c35a6002c,Lucas da Luz,falmeida@example.net,2024-05-10,Brito Grande,AP
fe84330a-b1ae-480d-97df-821032924506,Rhavi Monteiro,maria-alice81@example.com,2025-03-02,Nunes,PA
7d685bad-4a32-4c66-be0d-255eb6b0b08d,Dante Leão,helena24@example.com,2023-10-02,Rios,RR
798201ba-e8fe-4fd5-8c44-5fbceab31d77,Alexandre Azevedo,sda-mata@example.org,2025-05-21,Costela,BA
0dfb57d3-262f-46f8-8434-6ede93069a9d,Mariana Castro,lda-luz@example.com,2025-02-11,Albuquerque,RJ
aa44e45e-5f82-4c16-9586-38e89220c392,Maria Laura Ribeiro,manuela08@example.net,2024-11-08,Abreu,MG
b31eab63-3265-44da-b9ca-10a980d1436b,Julia da Rosa,costacecilia@example.net,2024-02-01,Aparecida da Serra,AL
39413d66-abd1-4ee6-b1d1-42d4ccdf5e27,Luigi Azevedo,cavalcantilevi@example.net,2024-06-25,Campos,AP
4b0a84af-27b3-44ec-b02d-d8e8a580e35c,Vitor Costa,acavalcante@example.net,2024-12-14,Castro,MA
697f9786-ce86-46dc-8785-ea5d4f8e7f85,Apollo Cavalcante,sousathiago@example.org,2025-04-04,Correia Grande,MS
cd69b98e-401e-4026-a52a-f5cbea2c3a2f,Joana Rezende,camposotavio@example.org,2023-10-30,Sampaio da Mata,MT
b196b370-53ac-44fd-bdd7-320f4fb0822a,Apollo Vasconcelos,vitor-hugo99@example.org,2025-06-05,Monteiro do Galho,AC
39d664cf-0026-4e51-9fca-4fdf53ea91ab,Jade Barbosa,,2024-01-10,Albuquerque Verde,TO
67ad6d2f-95b1-48c5-a412-d8dea3b904fc,Pedro Lucas Garcia,kfarias@example.com,2023-11-07,Dias de Viana,DF
eee221e6-a105-4c7d-aad7-bc8c7f98d56d,Ana Souza,carolina97@example.org,2024-05-06,Silva,MT
cb9510d5-4f1e-4dea-b628-891267cf6291,Erick Moraes,montenegromaria-cecilia@example.org,2024-09-15,Farias,RJ
70a5e164-9350-4a1f-b7f2-62169c0b3409,Dra. Melissa Sá,ravi12@example.org,2024-01-31,Nascimento,ES
efb18eed-a0ed-4513-8501-dcfa3626c4ef,Cecília Lopes,zaraujo@example.org,2023-10-17,da Rosa do Sul,SP
,Ravi Garcia,imachado@example.org,2024-11-03,Vieira da Serra,GO
,Otávio Ramos,zrodrigues@example.net,2024-06-02,Macedo de Gonçalves,PE
72df7ff9-e455-47cf-8a6b-ff7d4fdb89b8,Henrique Silveira,kaique48@example.net,2023-11-19,Câmara Alegre,PB
62f8ba40-9c51-437e-a114-748865fa6ea0,Dr. Gustavo Albuquerque,beatriz95@example.net,2025-02-13,Jesus,BA
d1eb0bee-1b0d-4f18-932a-8e4e2211123e,Léo Casa Grande,macedobrayan@example.org,2024-06-28,Cassiano de da Cruz,RJ
be952581-a365-42ec-9f3a-08cf93756be9,Maria Helena Gonçalves,ana-carolinabarbosa@example.com,2024-03-20,Farias da Mata,AP
f81a8e3f-abad-4a08-b605-2f9e4e15333b,Giovanna Sampaio,moreiravalentim@example.com,2023-11-22,Brito,PB
17cf34a9-4952-4758-805d-ebd255e1d3c8,Esther Correia,,2024-11-21,Pinto Paulista,AM
37ea89d7-1686-4136-beef-08076c7a1f8b,Cauê Pimenta,lferreira@example.com,2025-03-12,Duarte de Abreu,PR
484fa393-3bfe-4a7f-bf40-5cfcae334717,Ryan Moraes,andradeluna@example.org,2023-12-15,Monteiro,RR
c1d92a53-5501-4a82-b835-26662ae888e2,Maria Luiza Ribeiro,apollo79@example.com,2025-06-29,da Paz,PE
fa6666d8-0237-4398-8a64-e0f934fcbad0,Srta. Lunna Cunha,joao-lucascamara@example.org,2024-10-04,Novais,MA
,Sra. Maria Laura da Luz,fernando34@example.org,2023-11-27,Câmara,MG
65771ac5-a01c-4302-96a0-c73c6ec9593b,Renan Montenegro,kamillymarques@example.org,2025-04-02,da Costa,CE
ba190261-c67f-4f78-9bed-5265e53772b1,Antony Lopes,isispires@example.net,2024-02-03,Gonçalves,PI
9cf61370-dad6-4dd6-ab12-63bbaca96f50,Alícia Nogueira,wda-rosa@example.com,2024-01-15,Pimenta do Oeste,AL
fef428ea-49d9-4aae-b6fc-dfc9a25a9268,Isabella Jesus,jesusvalentim@example.net,2024-01-01,Porto,CE
af1fdb4f-1028-4e47-b7f1-576a25169587,Laura Farias,mendescecilia@example.com,2024-07-27,Martins,AM
15a4f337-c807-4a56-a048-05f51d7c5160,Maria Julia Azevedo,andradehelena@example.com,2023-11-25,Gomes,BA
117c2bd8-3299-47fb-b280-0c8193b73cba,Nathan Melo,hvieira@example.net,2024-03-05,Garcia do Oeste,PA
1569ce63-503b-44ed-9498-a1474fdc0cdf,Cauã Moraes,,2024-03-03,Borges do Campo,PB
4bf1ef3f-88d2-4a65-9e86-1017bcb1ba18,Benício Pereira,pereirayago@example.org,2025-02-22,Silva de Goiás,SP
3e4e88ef-d900-4f24-b947-f0fc621b40d9,Srta. Amanda Nunes,joao-vitor59@example.com,2024-07-26,Lima,RJ
912a56e6-a281-4b87-92a2-6be0fbb46981,Breno Novaes,pedro-lucasramos@example.org,2024-04-18,Azevedo,SC
,Thales Ramos,lfogaca@example.net,2024-01-31,Abreu,TO
5af9bcbf-2f85-45d8-a94a-5adda31aeca3,Maria Helena da Cruz,zcostela@example.org,2024-08-16,Câmara,BA
384a9dae-3b6b-4290-8c21-d339e17e410b,Gabrielly Oliveira,joao-gabrielnunes@example.net,2023-12-14,Vieira do Norte,GO
a5ca8c4e-c3cd-4a7d-8b6f-73eb2b0acb3c,Levi Souza,stephany07@example.org,2023-12-15,Martins das Pedras,GO
b552013e-64e2-40f7-8138-17a7a540c417,Dra. Ana Júlia Vieira,,2025-03-18,Viana,DF
d3b4e8c1-9106-43da-97b0-72e9d4fe8e00,Davi Lucas Freitas,nina11@example.com,2024-04-20,Camargo da Prata,PI
b1f93c82-8818-4d0e-8e30-0e56ec3214b6,Mirella Silva,sousaluiz-gustavo@example.org,2024-07-27,Nogueira,DF
905137dd-3666-4e11-b7ba-a11f4071a480,Thomas Aragão,kevinda-mata@example.com,2023-11-12,Sampaio de Pinto,DF
74d84b32-067f-470b-b58b-9d7f4d35f132,Sr. Levi Jesus,mporto@example.org,2025-05-24,Pinto de Minas,MS
ab29e38d-bb5e-40af-a88b-859e1d193660,Guilherme Farias,qfarias@example.org,2025-04-26,da Cunha,AM
1e8e8340-c14f-413c-bb7a-bf66ab08d705,Liam Azevedo,machadozoe@example.net,2023-11-27,Cavalcante de da Rocha,PA
ac85ecc2-4ea5-4119-ae7b-dc8c0e920139,Dra. Ana Lívia Guerra,renanoliveira@example.net,2024-01-14,Andrade Alegre,BA
3dbf63ed-19de-4bbd-9bd0-01fbfdb61781,Lucas Gabriel Nunes,,2024-07-28,Sousa do Amparo,PE
a37f9d1e-b610-4fdc-afa2-959ee219dc8d,Otto Brito,olivia69@example.org,2024-04-04,Vasconcelos Verde,SC
be580db0-ce93-465d-96d9-2114d224ad34,Larissa Câmara,ncirino@example.org,2024-01-09,Pastor,SE
57207874-a249-4efa-8ccc-401e22448723,Mateus Rodrigues,lais46@example.org,2025-04-30,da Luz da Praia,PR
7d85bc25-cbfa-4aa1-8a7a-19eb10a4980d,Enzo Gabriel Fernandes,maria-lizsousa@example.org,2024-04-06,Almeida,PR
15903f8e-7e17-4b20-b359-66602ae87e21,Mariane Sales,luiza14@example.org,2024-03-06,Pires,CE
,Sr. Pietro da Cruz,helena07@example.org,2025-01-22,Duarte,PE
610185d1-1033-4e77-b12b-1bc7effa3ef9,Sra. Maria Garcia,davi-miguelcavalcante@example.com,2023-10-09,Machado,AP
6e427edf-4c55-4007-9810-539c4e8fbc37,Dr. Caio Carvalho,enrico81@example.org,2024-03-29,Sá de Minas,PB
299e0fcc-c2b4-431e-9580-72c5ad2b8077,Nicole Caldeira,almeidaheloisa@example.net,2025-08-20,Ferreira,AC
1cc8e52a-f195-45e5-af8a-6d3fa927f346,Kaique Ribeiro,sophia53@example.org,2025-08-24,Fonseca,ES
386557fc-1ed9-4885-ba96-0e81fee84381,Gustavo Henrique Garcia,isadora14@example.com,2024-10-30,Caldeira,PI
2dbc66c9-fc59-4841-aab6-ab8e1dfbddef,Heloisa Duarte,wpacheco@example.org,2025-07-10,da Conceição,GO
55d7605b-1eb2-4282-8249-55e5e4a0676c,Ana Beatriz Pires,maria08@example.com,2024-07-19,Cunha de Rocha,ES
264af71c-2e92-454d-920c-1d43a242ef3d,Isabella Lima,luiz-fernandosousa@example.org,2025-09-07,da Rosa Verde,CE
0280f1e5-a681-4e46-ba6c-a8422766f646,Milena Albuquerque,fernandamendes@example.org,2024-11-02,Casa Grande,MT
66277603-1077-4342-88f0-8f2ce71e3f2a,Ana Albuquerque,fernanda67@example.net,2023-09-30,Pereira,MA
5b0612f7-69cb-4176-8518-2de3cb4af443,Srta. Mariane Teixeira,gael-henriquesa@example.com,2025-06-10,Machado,MS
5b6398f8-bbc4-40bf-ad3e-9ece3e0aaeab,Eduardo da Conceição,ssilveira@example.net,2024-09-01,Fernandes,PR
b9e50642-de91-4596-8fa1-76bd1a9f3cd2,Igor Brito,ocamara@example.net,2024-11-24,Almeida,AC
89770759-a99f-45e4-8eaf-3c6f4e80fd47,Sara Fogaça,emoura@example.org,2024-04-08,Monteiro,AL
8f7d1b3d-9074-4fee-9c0d-bcf5ee8370f9,Pedro Lucas Caldeira,camaramanuela@example.net,2025-06-09,Nogueira da Serra,MT
6a82ecb8-95bc-4fdf-ac89-ec41af4cc9cd,Dr. Benjamin Farias,bernardo77@example.com,2024-02-16,Abreu,DF
8209.0,Eduarda Albuquerque,bentocassiano@example.com,2024-04-27,Novais Verde,MT
47c94fe3-3b2a-408e-99ad-a20dbf255dc3,Sr. Breno Siqueira,eabreu@example.net,2023-09-29,Moraes do Norte,PR
662e8e4a-3e08-4a5c-a0e9-5e34dd4c7777,Rodrigo Casa Grande,uvargas@example.net,2024-01-15,Sampaio de Almeida,AM
aa8c5bbc-1c3b-476f-8c8b-fa7e0f2c1aaf,Léo Moraes,pimentaarthur-miguel@example.com,2025-06-11,Teixeira,AC
f080c20c-8520-42b0-8b09-bbf8aada2931,Mariah Almeida,vda-luz@example.net,2023-11-28,da Cruz de Santos,PR
d115fa85-7c18-420f-a99e-b29d687e2ef1,Lunna Sampaio,rioslaura@example.org,2023-11-29,Pires,PI
d54b0aff-5cd3-49f2-9de8-3982ee359d89,Ana Lívia Fogaça,carvalhomaria-sophia@example.org,2024-02-29,Albuquerque,RJ
ab93649b-9ec9-4580-aa1b-d0abefed9725,Lorena da Cunha,da-rosaian@example.com,2024-08-20,Sá do Norte,ES
9749ff13-ef3f-4f4b-8683-dbf39232bdb0,Ana Clara Aparecida,vda-rosa@example.org,2025-04-21,da Cunha da Prata,MG
06b5b88b-c5a6-4e56-91a5-1f65c294eb04,Leonardo Fogaça,agathafarias@example.org,2024-11-07,Farias de Pires,CE
29b92d87-cdca-4c4c-9d9f-cdb75ed90718,Raquel Peixoto,jose-miguelda-costa@example.com,2025-09-23,Gomes do Amparo,MA
68adf255-f855-4da8-badf-45e31eada5b1,Danilo Machado,ksiqueira@example.com,2025-03-27,Rezende,AL
1e5c0713-8731-42b4-b4eb-36ea1e0489b1,Pietra Borges,,2024-01-04,Abreu,RJ
3f7bff9c-04fa-46e2-8881-8b6989dba2f4,Miguel Cavalcanti,vargashelena@example.net,2024-03-26,Vieira da Praia,PR
368dd8e6-d621-41f3-86b5-c925b1617343,Dr. Ravi Lucca Oliveira,matteorios@example.com,2025-05-28,Guerra de Nogueira,RS
928330a5-b70c-495b-abc9-b3e6aaab0235,Bianca Rezende,goncalvesyasmin@example.net,2024-09-08,Cavalcanti,RR
219cb7ac-6578-4b92-a456-d837ad788108,Ravi Lucca Sá,barbaragoncalves@example.net,2025-03-24,Rodrigues,GO
e16524bd-3d56-4e4b-84e6-7d06859ac57e,Alana Vasconcelos,diascaue@example.net,2023-11-12,Vasconcelos de Novaes,ES
f2a317d8-8507-433b-9141-d885f5f9d710,Heloisa Ribeiro,qmendes@example.org,2024-01-09,Pimenta,MS
64326596-1750-4df5-813f-0bc187ea979a,Melissa Cardoso,,2024-11-07,Pires da Praia,BA
9d94cf8b-5144-4760-9414-3ec39e22434a,Dra. Luara Viana,joao-felipecavalcanti@example.org,2023-10-22,Leão Verde,RJ
7d430e18-35a0-4eef-a667-b7727b0bf6c3,Isadora Andrade,macedolarissa@example.com,2024-05-01,Barros do Oeste,PA
8caeffcf-0b25-4168-a22c-4b42348a92a0,Calebe Pinto,danilomachado@example.org,2025-05-06,Cunha de Monteiro,MA
267536b7-338c-4f4b-8ee9-0fbf095c6f3a,Sra. Maria Laura Araújo,fpinto@example.com,2024-04-03,Castro de Goiás,SE
f734f6c0-4437-4f2d-b747-d5bc1fd43059,Sra. Emilly Pimenta,iabreu@example.com,2023-12-16,Jesus da Prata,PE
6e2ac12a-ec46-49b4-8bc0-2b597d1dd489,Maria Cecília Guerra,xabreu@example.org,2024-01-10,Vieira,MT
fc985c3e-a990-405e-8651-99f2698de7b5,Otto Costela,tsousa@example.net,2025-01-12,Correia,AM
6ca1a069-89b0-4f6c-826d-5222d48e69f1,Erick Montenegro,ocampos@example.com,2025-08-09,Gonçalves do Campo,AC
3aae6f8b-c75f-4ad2-b77e-5126e6a661a0,Marcela da Luz,xsouza@example.net,2025-04-09,Rezende Grande,SP
3868d141-80d7-4cb1-9e71-3fc49f8544b9,Clarice Pacheco,luiza73@example.net,2024-03-11,Melo,MT
92a07a77-12f0-494e-8541-b69e4178b9c8,Vitor Hugo da Cunha,ester15@example.org,2024-05-09,Souza,MG
d11f62b5-226d-4580-9b19-8b05b67e2c0b,Maria Luísa Farias,milena44@example.com,2024-03-05,Rodrigues Grande,DF
1262e327-a047-4687-b6d2-3f1edba3415c,Milena Vieira,sophieteixeira@example.net,2025-02-28,Rezende Paulista,MA
398fffc6-5792-47f2-a47b-187011ea4043,Lunna Cassiano,,2024-04-29,Cardoso,RN
561d7bdf-1749-427b-a022-cffd160a9203,Luiz Miguel Nascimento,,2024-03-22,Rezende,GO
5d0136b9-ff65-43a8-8eb6-5f5329cf943f,Ágatha das Neves,joao-guilhermeguerra@example.org,2023-10-07,Guerra da Serra,RO
7a2d5c44-b0be-46fc-80ac-6dd666a884c3,Melina Pires,da-rochaluan@example.net,2023-11-06,Castro de Sousa,GO
feee5858-60e9-4147-a06a-49870994a685,Leandro Machado,isaque58@example.org,2024-07-29,Sales das Flores,RN
4557333f-30dd-4926-b7dc-55904ae41baa,Lorena Fernandes,vieiravinicius@example.org,2025-01-01,Marques Grande,SP
b50bf53a-792f-46fd-abe8-2bb3c4e0d464,Dra. Camila Pereira,dom28@example.net,2024-07-25,Melo do Norte,MT
c943063c-c4aa-4b3b-9c72-5174413621da,Elisa Novais,maria-juliaabreu@example.com,2025-05-02,Aparecida do Norte,MG
c0fa920b-3421-48a6-80cc-eedafeb0df57,Sr. Brayan da Luz,sarah93@example.com,2023-10-06,Azevedo,RR
8930c997-b049-4689-9d0b-93e9763cf2bb,Maria Flor Macedo,da-motadiogo@example.com,2025-08-17,Vasconcelos das Pedras,TO
b2204a6a-7788-41d5-923e-ab913ebba9c6,Srta. Sarah Machado,ofreitas@example.net,2025-09-08,Barbosa,GO
eef62376-ecbc-4209-8bc0-9ffaba60f3f0,Rebeca Gonçalves,dom53@example.com,2023-12-02,Nascimento do Norte,PR
2c0c7e59-a30c-48db-b5e8-65025a7faa7e,Marcela Cavalcante,olivia01@example.net,2024-04-29,Mendes,PA
19ad373a-03fc-48be-a8d7-ca4c69e3c247,Mariane Peixoto,irezende@example.net,2024-06-15,Vieira da Prata,AP
29716bd0-8b40-47fc-90b0-cc34698ce51e,Aylla Cirino,yuri15@example.org,2025-07-30,Rezende Verde,DF
dc176394-31e4-418b-ad0b-6adbc31ebbdd,João Casa Grande,machadoesther@example.org,2024-07-03,Cassiano,ES
42097510-dc57-472a-a188-1f9cc30385e8,Nina Costela,,2025-06-12,Guerra,RS
98dc6c40-6e6c-4e9c-9ce3-9b44a7bc7407,Caroline Andrade,murilovasconcelos@example.net,2024-01-04,Carvalho de da Luz,MS
397f8522-4a85-45a7-94f1-841df47e5649,Joaquim Fogaça,tfarias@example.org,2024-11-06,Vargas do Oeste,MS
366365b9-2dd3-4688-b8bf-bd26b964a91b,Henrique da Paz,piresmaria-clara@example.net,2024-04-06,Borges do Oeste,PA
81e45f20-3555-4d2e-bf9a-1dbda4ea81f5,Laís Carvalho,maysa37@example.com,2024-06-21,da Costa,AL
76220f62-7b85-449e-93f9-1b2762df13d2,Luiz Miguel Vieira,souzastella@example.org,2025-03-29,Costa de Cunha,RS
457f057c-964e-44bb-887e-5a60d5d68051,Sra. Olívia Montenegro,novaessophie@example.org,2024-10-26,Lopes,AM
db202e5a-664f-4f0f-b3aa-83657bc0e41c,Théo Mendes,zabreu@example.org,2025-09-11,Alves,MT
399aa2c0-2c9d-45bc-ae1f-4cf1050f2462,Marcelo Rocha,ravi88@example.com,2024-11-19,Nunes,MA
23f785b9-40f1-4725-8c37-16510f0b45ac,Alice Almeida,arthur-gabriel22@example.net,2024-12-29,Nunes,SC
5e2850ae-80d1-48ce-a2b1-8f2a86549a6c,Davi Lucca Rocha,pachecoisaque@example.org,2023-12-22,da Mota do Norte,TO
c8d1eea8-f244-4caf-b3f8-e17b347d7efd,Dr. Paulo Sampaio,rfogaca@example.com,2025-03-12,Moreira Grande,RS
d09b4583-bcf8-412a-8a7f-266f23429ad7,Theodoro Leão,jmarques@example.com,2024-01-04,Barros Alegre,AC
f26aaac8-0e53-4455-a0e6-23da96964290,Gustavo Henrique Sousa,joao-guilhermesilveira@example.com,2024-12-10,Correia,DF
2b17a2a3-b28b-4e95-9de2-0e54d8f9f1e8,Milena Andrade,allanaduarte@example.net,2023-09-27,Pereira do Norte,SC
4b07da2b-cd4f-48e6-a6f3-fbb92b5904f1,Bryan Pastor,henry07@example.net,2024-02-27,Mendes de Nunes,TO
eb7e78dd-8fe4-4e8c-91f0-d987492656ad,Luara Pereira,omontenegro@example.org,2023-11-21,Oliveira das Pedras,RO
a1ac6a0c-e503-4992-a584-1745d183156e,Mariana Araújo,cecilia05@example.com,2024-01-24,da Paz,SP
cb590dde-66c2-4cf4-9a8f-ac398f86523f,Luísa da Costa,nathanmoraes@example.net,2024-06-19,da Mata do Amparo,ES
affa8f86-ebfd-4d0b-9001-3ff7be46d30b,Marina das Neves,bella45@example.net,2023-10-21,Farias de Minas,ES
61939fa9-84a5-474a-8c6a-c783b41fa40d,Srta. Lorena Sampaio,maria-luiza49@example.net,2025-08-13,Leão Paulista,MG
1987feb3-ba18-4cbb-95dd-71cd4ac08aef,Vinicius Vasconcelos,luaranunes@example.org,2024-08-01,Alves de Aparecida,SC
565eca05-690b-4329-ae05-5513542b2cd7,Luiz Otávio da Cunha,noah36@example.com,2024-10-02,Lopes de Gonçalves,PA
b6da0072-6ce0-47ca-976e-3feb42898f9a,Pietro Nunes,isadorada-mata@example.org,2024-04-25,Santos,GO
d17bdedf-4d52-4c4a-a867-510f22f3d1bd,Maria Laura Martins,lopesheitor@example.net,2024-06-01,Oliveira,RJ
6f66c961-ddee-4a74-91bd-fa4d98f34ec8,Josué Pinto,plopes@example.net,2025-01-24,Andrade,AC
cce0e623-9b66-431b-b367-c42dc12170e2,Emilly Nunes,maiteda-costa@example.com,2024-06-24,Vieira,RJ
c6a882f2-2e3d-490e-8702-620643490c55,Emanuelly Jesus,valentina55@example.net,2025-07-30,Melo,AL
9eb62416-1d26-45aa-a2d8-50eca8e45fb6,Apollo Barros,alexandre66@example.net,2024-06-06,Marques de Minas,PR
d3003a0b-5e32-4072-af83-133f5f6dde97,Manuella Cirino,correiajade@example.com,2023-11-10,Aragão do Oeste,BA
01a7d429-b24a-4556-b9f4-47d7cec09240,Sr. Enzo Gabriel Monteiro,alice34@example.net,2024-03-14,Machado da Praia,RS
8b39cc3e-bf5e-48b1-961a-c9033ffbe981,Dra. Beatriz da Paz,luiz-felipegomes@example.com,2024-08-13,Pastor,TO
587179e0-bf37-485c-99df-d1a572194391,Marina da Conceição,da-pazvitoria@example.com,2023-11-09,Jesus,SC
a82e2f92-610b-4ea6-9889-928dfc7382cd,Calebe da Luz,rpereira@example.org,2024-04-27,Caldeira,PA
909b7956-1f33-4ee6-a099-d80a4bfbaba0,João Moura,matteocamara@example.com,2025-05-10,Aparecida do Campo,PR
73f63c94-47fd-487d-9691-28db4bb84b7a,Melina Cirino,moraesleticia@example.org,2025-05-20,Aragão da Serra,PA
66d9230d-1591-4518-95f9-d58902a25481,Brayan Barros,rafaelviana@example.net,2024-11-10,Novais,RS
e665b3a1-3a87-4cee-9420-fbaa5a781776,Zoe Cavalcanti,duartekaique@example.com,2024-12-12,Mendes,AP
2df55008-44dd-4f56-a3eb-2be5fc5661af,Sr. Matteo Cassiano,lopesgael@example.org,2025-08-03,da Luz das Flores,BA
f9b87d15-b1e1-4f91-b0d6-d9db8a5e7ff4,Hadassa Cirino,kpastor@example.com,2024-02-19,Rocha da Praia,PA
f5a33a86-0468-4159-92ad-f8e8960610da,João Gabriel Melo,marqueseloah@example.com,2024-02-15,da Rocha,PA
d0ed0bda-776f-406a-a775-ee9c8bd1db4e,Sra. Eloah Nunes,rda-rocha@example.org,2023-12-30,Oliveira,AL
d2045547-8cd1-46b1-88c3-6b8e862869f2,Luiz Henrique Almeida,esilva@example.org,2025-04-10,Novaes do Amparo,SP
61ddde10-c164-4811-82c9-a28d4f85160f,Luiz Gustavo Ramos,luiz-henrique20@example.net,2024-12-15,Costa do Galho,MT
810adf2b-b3e9-41a6-a32d-b4f5c674aaba,Théo Abreu,rioslarissa@example.org,2025-07-24,Azevedo Verde,AL
4a4053ac-d9fa-453e-ae47-1499b5933096,Sr. Antônio Correia,luiz-fernando77@example.org,2024-06-03,Pacheco,PR
cba7b8e9-8987-4d33-8e6e-bf219294cf1b,Juliana Cassiano,joao-gabriel38@example.net,2024-09-24,Marques,AC
b924ec97-7c6e-4c1d-a758-ad07c7b65208,Dr. Vitor Gabriel Oliveira,,2024-05-13,Casa Grande,RR
7dd02243-9063-400b-8fd7-61f968d4ce84,Clarice Pacheco,nogueiramelina@example.net,2025-08-09,Vasconcelos,AC
9dd77d9c-7ee4-4815-b1e6-d734c9f82e44,Mirella Ferreira,maitecirino@example.com,2025-03-18,da Rosa do Norte,ES
df69fde8-0456-4582-bc44-1ec165ea3636,Júlia Caldeira,vsales@example.org,2024-06-17,Cirino,RN
291c9db4-39e3-41b0-859d-3554fec8d8fd,Dr. Arthur Miguel Ferreira,macedoana@example.org,2024-12-11,Pires,AM
1d3df0fb-49c2-4f12-8e36-01143729c99e,Ana Sophia Garcia,brenda26@example.com,2024-03-26,Monteiro de Vargas,RO
7c30f9b4-0a8d-4345-a8fd-23bee722eaf9,Isabel Farias,joanafonseca@example.net,2024-05-24,Machado,AC
85935bb5-d84e-404c-953a-79fd552ba4c9,Sr. Arthur Gabriel Cavalcanti,pedro68@example.net,2024-10-10,Nunes,GO
23256186-0e1e-4fb8-97b8-089752cb7d3e,Ana Cecília da Paz,siqueiramelina@example.org,2025-02-02,das Neves,SP
609c83a1-a0af-4a7a-9415-cc970718ced1,Heitor Sousa,joao-lucas10@example.org,2024-03-30,Machado de Peixoto,PB
1f30eb9e-3388-4ec8-8714-41bb1e7db783,Anthony Gabriel Moreira,rguerra@example.com,2025-05-15,Araújo de Leão,GO
4de8ca40-682b-40b7-a607-dfbe6a96143f,Raquel Caldeira,mirellaporto@example.net,2023-12-25,Freitas da Praia,DF
cb97e933-6156-4cb5-aa79-af55deb80991,Dra. Ágatha Teixeira,antonioalmeida@example.org,2024-09-20,Albuquerque,ES
cf1347a4-42b1-4032-8dfd-f98b9d117de9,Pedro Lucas Marques,moraesantonio@example.net,2025-09-06,Viana,PB
5ecd1f8d-13d7-4a0c-85bd-fd802d17b6d8,Dra. Emanuelly Barbosa,,2024-11-17,Pires,RR
35fd9348-4e77-4ca6-9d29-092f29335e64,Emanuel da Cunha,carvalhojose-pedro@example.org,2024-03-26,Siqueira do Amparo,MA
073df399-e5fc-42ea-9759-bb852bde7c3e,Vitor Castro,zjesus@example.com,2024-08-16,da Mata,MS
c9cd9bee-2f2f-4830-961c-864cebfc9781,Maria Sophia Andrade,omonteiro@example.org,2025-08-10,Macedo,AM
8f5983b6-0dc2-4011-9baf-2c9334ff6914,Enzo Gabriel Brito,mariane83@example.org,2023-10-09,Fonseca de Barros,TO
a147fadd-ec5f-436d-94dc-fe7a0d26b389,Rafael Siqueira,lucas49@example.org,2025-05-11,Porto Grande,GO
2b9efa0c-828e-4eba-bb25-1b6e82590844,Manuela Rocha,novaesmaysa@example.org,2025-04-30,Pereira,RS
97736fe6-3e3a-45c9-9eaf-40c680cc4db6,João Felipe Sales,anthonyalmeida@example.net,2025-03-28,Novaes de Silva,RJ
ec0b0227-b29f-411d-83b2-332e0ce29885,Juliana Lopes,andradepietro@example.org,2024-08-17,Costa,MS
bb2e4ae3-8aec-4c23-ae7d-604dfcf221a1,Raquel Almeida,luiz-gustavo23@example.org,2025-03-24,Aparecida de Casa Grande,MS
cab7aaa7-dcd8-45c2-95a5-9a22b3cad530,Natália Vargas,borgesana-vitoria@example.org,2024-05-24,Ferreira,MS
5045e31f-ecd0-49ae-b61f-dcd97fa80d8d,Paulo Moreira,benjaminalves@example.org,2025-08-29,Novais do Amparo,AM
555476f1-d812-446f-a70f-ed6e26e264e3,Lucca Cunha,yago84@example.net,2024-02-20,Teixeira,PI
f5322fbf-feb9-4ad1-9c85-e1e90d586455,Dante Oliveira,valmeida@example.org,2024-10-19,Silva,BA
10dcdc95-9cb8-497e-b583-ec5db0a238fb,Josué Brito,ramosmaria-laura@example.net,2024-03-19,Andrade,RJ
3b054989-a9fa-4d78-a1ef-efa2f271f95e,Caroline Rocha,manuelaaparecida@example.net,2023-11-06,Campos,CE
1401df48-879a-407d-9643-f63d990e1583,Antony Aparecida,bpereira@example.com,2025-07-31,Carvalho,RN
b4ca0734-3457-43ad-bcda-39406ab4f2c9,Elisa Carvalho,adas-neves@example.org,2025-03-20,Araújo,ES
bb4fa5ee-c28e-4419-8d20-674b5d66d15d,Zoe Barbosa,ymonteiro@example.com,2024-07-15,Peixoto,AL
71e44141-bf47-4bb9-9a09-461b30cb23d4,Gael Moura,bpacheco@example.com,2024-02-09,Siqueira de Azevedo,RO
7aa19357-c7a8-42d6-8e04-c73f7f4e8ed4,Dra. Maya Moraes,carlos-eduardoaragao@example.com,2024-02-09,Rocha,RN
4a0eedc1-210e-478e-bc74-14bfc33408f5,Gabrielly Silveira,bernardo38@example.com,2025-04-15,Cassiano das Flores,DF
bdbdce46-d553-4786-9b0f-1df83317d737,Antônio Barbosa,oliver93@example.net,2024-03-10,Ribeiro,MA
c054c0fc-32c6-44df-8c59-a07c6038252c,Camila Ramos,,2023-10-23,Caldeira,SP
a8f5ae1e-9b00-4a41-9578-809a83b868d2,Erick Barbosa,borgesmaria-laura@example.com,2025-04-25,Sousa de Mendes,MS
7b10b735-8914-406c-b255-8f0af260781b,Nicolas Souza,bda-paz@example.net,2024-11-24,Rodrigues da Serra,RN
ec05d338-0e1e-44ec-83e3-1b8b8360711c,Dr. Yuri Sousa,vitor-gabriel95@example.com,2024-03-17,Rocha,RS
919c700a-26d4-4732-9a4c-7e59cfe0af75,Srta. Maria Luiza Sales,maria-vitoriaoliveira@example.net,2024-07-24,Novaes da Prata,AL
a330a141-bef0-4af4-9cb1-930bed10ab32,Ryan Farias,,2025-07-19,Pinto,MT
8c2669c1-8789-4a65-b26c-1f3add0ec415,Emanuella Lopes,mayapires@example.com,2024-05-25,Ramos do Amparo,RJ
1b922c15-8b4b-4e43-9147-2fa578238ba5,Dr. Lucas Nascimento,macedoana-liz@example.net,2024-08-05,Mendonça,PE
d616062b-ae74-408b-a30a-35c194708fd5,Isaque Pinto,alice35@example.com,2025-03-08,Vargas,AL
96113959-86fc-4bf5-8fcf-783913f51297,Dra. Allana Cavalcante,alexandre72@example.com,2024-06-21,Costela,SC
49fa6016-aa62-47a5-bd63-9ebe8bf5dc0a,Mariane Gonçalves,calebfernandes@example.net,2024-01-20,Ribeiro,BA
d61185bb-42c2-4653-b30a-debc174edff5,Manuella Castro,sophia46@example.net,2025-05-10,Silva dos Dourados,TO
b7a656ef-34d7-44e0-a5b5-538549a4c955,Sara Borges,imoura@example.org,2025-03-07,Mendes da Praia,RN
5b601ccf-f81d-402b-8898-5a4b26d3a952,Vitória Sampaio,nmachado@example.com,2025-09-09,Aragão,RO
f62d2472-9137-4e62-af69-5e4749b024ac,Ravi Marques,rvasconcelos@example.net,2024-04-28,Melo,RJ
a7eeab5b-0cb0-4eb0-bf97-5575de1f3afc,Yasmin Nunes,cirinonathan@example.com,2025-03-20,Ramos,GO
4e853e8a-b185-4784-8c9f-71ccab3ca790,Henrique Araújo,fonsecaravi@example.com,2025-08-04,Rios do Sul,ES
7abe6594-d85e-4131-ba15-8221859da041,Zoe Silveira,rpires@example.com,2025-01-31,Campos de Minas,AC
068e703a-e7ac-4b47-8489-c58368a010a9,Enrico Campos,viniciusmoreira@example.org,2024-03-18,Duarte,PB
067590bb-3140-48d2-b0c6-59cb389f22ae,Carolina Aparecida,miguel95@example.com,2024-07-13,Borges,MA
49fc7dbc-b050-4bf7-9a1f-21245a3ad08c,Ana Garcia,bgoncalves@example.com,2024-10-06,Pimenta,PE
0c63334c-2b4b-42ae-a55d-3b250c4f42aa,Gabriela Fogaça,ana-juliada-cunha@example.org,2024-07-27,da Luz,PE
083546e2-8989-4f53-a6f2-72f2dc950ba2,Dr. Gabriel Fogaça,ferreiraarthur@example.org,2025-01-31,Ferreira de Goiás,AP
4cd4fa0b-3d94-4ffe-9219-2c22f81e4e80,Arthur Miguel das Neves,fonsecadom@example.com,2025-09-07,Correia Grande,RJ
8db85dae-c05b-4aa5-897f-7ca46b237d8d,Renan Leão,gomesmaite@example.com,2025-01-05,Vargas do Oeste,RO
5506eef6-3ccc-4f90-8977-fc32f880597a,Miguel da Cunha,luisa00@example.net,2024-03-22,Pereira,MG
b3e20178-c680-49b8-9508-d76cd2fbded6,Murilo Araújo,noah35@example.org,2025-01-10,Sá do Campo,SP
9da00ca0-9206-47a7-9bb4-9ae6f534f202,Vicente Mendes,da-rochaana-livia@example.net,2024-10-01,Cassiano,MG
6e8e50b4-35db-4e05-8e10-6f29062fd5dd,Anthony Ribeiro,anthonynunes@example.org,2025-07-12,Pimenta de Minas,PE
12f63dfa-1069-4d59-a39e-694addb38a01,Caroline da Luz,liz89@example.com,2024-09-09,Pereira da Mata,GO
115f421d-5442-4f7e-b166-a5891b51040f,Stephany Guerra,nbarros@example.net,2025-06-07,da Cunha de Albuquerque,SC
5f0b5aca-00a6-47f6-99ca-20266099f140,Srta. Luara Azevedo,ccamara@example.org,2025-02-19,Sampaio Grande,AL
e13b7cd7-456e-4c3f-9b4f-954fc15d16c4,Maria Macedo,cardosonathan@example.net,2024-11-16,Viana,AC
38f8cfcb-575a-4a0a-9e7b-71a58948b161,Mariah Pinto,gomesluiza@example.net,2024-10-13,Montenegro,CE
5418920c-2b7e-456e-866e-52cba573e215,Sra. Ana Liz Pimenta,abreufelipe@example.com,2024-12-25,Lima,MG
c922f0af-bd16-4f90-b8e9-7588ffe5c34c,Gustavo Alves,srios@example.net,2024-03-20,Melo,AM
ac5c0cd2-0a36-411a-8c57-2e1e877bd779,Raquel da Luz,da-luzthiago@example.org,2024-12-17,Costa,AC
164a6feb-0a22-424f-a2af-974871d0c577,Maria Helena Novais,,2023-09-27,Campos do Campo,BA
7b1b52d9-f470-4d1c-af4e-216874b181fa,Gabrielly Nascimento,cassianopedro-lucas@example.com,2023-12-26,Duarte,RO
38c0375e-cc56-4aef-a267-c7b95e669e18,Davi Lucas Sousa,,2024-12-01,Cirino,AL
9137401b-d728-482b-9fac-cbc08234a12c,Henry Gabriel Montenegro,tda-cunha@example.org,2023-12-12,Guerra das Pedras,RR
cf6f0a1e-b934-4a02-bd62-733f3fade739,Sr. Marcelo Rocha,sjesus@example.net,2024-07-01,Rios dos Dourados,MG
b4cd065b-3360-4d40-b98b-cfa5f15277d4,Maya Cirino,maria-sophiaazevedo@example.org,2025-01-18,Rodrigues,PI
3f11cd6e-aeff-4ac3-bfee-e36c97b28a7b,Jade Pimenta,lorena19@example.net,2023-12-08,Lima de Peixoto,CE
763b9526-9c32-4b9b-a76e-e2c329ef9835,Isabelly Rios,laura09@example.net,2024-03-23,Nunes Alegre,MG
,Maria Laura Moraes,alvesdaniela@example.com,2025-08-08,da Mata,MT
c3591ca8-018e-4bb3-871b-832bfbd05de5,Arthur Miguel Pires,freitasandre@example.net,2025-01-11,Pinto,RS
07631c59-65df-40d2-a465-5955a5637fb3,João Pedro Ribeiro,cavalcanteana-clara@example.net,2024-02-05,Moraes,SP
75167bec-f74e-4603-a5da-354f98ac49b1,Sofia Araújo,alicecunha@example.com,2023-12-10,Lima,RN
02b255be-4f20-4e0a-b9ad-f384d958324b,Cecília Alves,melokamilly@example.com,2024-06-03,Monteiro do Campo,AM
f185cefb-565c-4c52-940e-fbe3eea6ac10,Sr. Bernardo Martins,abreuana-cecilia@example.com,2025-04-12,Brito do Oeste,AM
9661ee13-9d9f-4bc8-9268-788c5e127b0a,Alexia Nogueira,ribeirobianca@example.net,2024-01-15,Montenegro Alegre,SP
7c77a273-78f2-47bd-8e45-c86d5c08b767,Amanda Castro,oteixeira@example.com,2024-11-14,Costa de Rocha,MS
c3718c52-57be-4dad-873b-3b44781910e3,Vicente Ferreira,salesotavio@example.net,2024-05-11,Nogueira,AC
635e980d-c70d-465b-85a4-32a0e34fc8b0,Brenda Sampaio,garciaevelyn@example.org,2024-12-20,Ramos da Prata,MS
d6a5bfb9-b97a-4d5d-a9be-6b134ff74838,Sr. Francisco Sousa,maria-ceciliarios@example.com,2024-07-16,Souza dos Dourados,SE
4d3b3b4d-3e25-4740-8c0a-39c4bb7ee6b9,João Miguel das Neves,emoura@example.org,2024-03-25,Nunes,PI
a989e6c0-4d20-41d6-aebd-d651cc243979,Clarice Siqueira,obrito@example.org,2025-04-23,Barros de Pacheco,AM
df60da4d-4a2a-4c0b-a9de-9682eceb3579,Luiz Gustavo Araújo,borgesemanuelly@example.org,2025-03-24,Borges das Pedras,PB
9233d9fe-168a-4035-bf37-9a614aa1266d,Dr. Pedro Lucas Câmara,camilabrito@example.com,2025-08-26,Gomes de Moura,RO
ff2eed3e-a385-432a-9d98-52ccc5eb2a99,Lucas Pacheco,gcasa-grande@example.com,2025-06-03,Casa Grande,PI
57940962-4253-482f-a322-52dbdce88aad,Ravi Sá,daniela15@example.com,2024-07-01,Câmara,RR
788ba3c0-69a7-4edb-85cd-b4f020c81c54,Melissa Cassiano,alopes@example.org,2025-09-15,Pires,AM
807360d8-1d42-4877-8874-6455bd68ccae,Ana Clara Teixeira,barbosacatarina@example.net,2025-05-21,Farias,RR
e6435a4f-566b-4d5a-9243-c4683625fd91,Sra. Natália Martins,vargasenzo-gabriel@example.com,2025-07-05,Mendonça do Campo,PA
5ee0f72b-107d-4c83-a6e9-54dcab783519,Guilherme Alves,,2024-12-25,Guerra,PA
06423866-4694-453e-9819-01100bf753f4,Davi Miguel Duarte,clarice08@example.net,2025-01-08,Viana,PA
36765cc1-732e-407e-a924-f205c32f87e0,Maria Alice Rocha,kgarcia@example.net,2023-12-27,da Mota,ES
461c51c2-b619-4504-a185-432af6c3df29,Maria Júlia Andrade,joao-felipe34@example.org,2024-12-12,Camargo da Serra,BA
ca4837ee-84bd-4c43-91fc-381803b694ca,Dr. Luan Machado,ana-livia73@example.com,2024-07-25,da Rosa,MA
5a77bc58-0c47-495f-877e-2d76775581c6,Sabrina Gomes,enzo-gabriel16@example.net,2025-07-29,Mendonça da Prata,PB
0588779a-d266-47c8-9bbd-915c8887ee41,Lunna Monteiro,costelaheloisa@example.net,2024-04-22,Dias,PB
5ba47e65-e39b-4ef4-bbd1-858e8c7b2a39,Gabriel Marques,antonio54@example.com,2023-12-18,Fernandes,SE
7609665e-9466-43dc-bfe0-a0c78eec4f56,Bianca Câmara,jose-pedro65@example.net,2024-02-29,Carvalho,PE
6fe0141b-bdf6-4a58-9b67-3465ea7ff9a3,Srta. Marcela Brito,valentinada-mota@example.com,2025-07-18,Vasconcelos de da Cunha,ES
794d45f9-0f0c-42dd-bab8-40e2bd9ed242,Maria Helena Aparecida,,2025-07-29,Lopes,ES
67452b1e-fb39-4d60-b6b6-91954168b26a,José Pedro Peixoto,nuneshenrique@example.net,2024-11-25,Pimenta da Mata,SC
98cdf27f-42c2-49ac-bf93-efa315999d65,Srta. Isabel Nogueira,andradeluiza@example.org,2024-03-15,Leão dos Dourados,ES
72d583dd-739b-48c8-bbf3-d04db15577d2,Ayla Guerra,joao-guilherme42@example.com,2024-06-24,Pinto de Siqueira,RN
59b46cb3-f183-4db3-b34f-2ff73555da4e,Davi Lucca Andrade,xalbuquerque@example.net,2025-02-17,Borges de Goiás,PE
1bdf71bf-dcf9-4482-ad7f-19e6d3456af0,Dr. Davi Luiz Aragão,da-matajoao-miguel@example.com,2023-10-28,Porto,AP
1d1dd48d-a13a-4ef8-8639-034fc52f5a2b,João Gabriel Almeida,dcamara@example.net,2024-09-05,Siqueira Grande,RR
40c98b99-94d8-4c90-855d-90c778744c0d,Júlia Sá,,2025-06-11,Barbosa,RR
43f8bb60-b5e7-4eed-b5a2-097e6e13a1b5,Pietro Novaes,gomesisabel@example.com,2024-08-20,da Costa,PB
d4a54803-662b-4b6f-817c-fca4f2cde6e8,Alana da Cruz,cgarcia@example.net,2023-11-13,Abreu Verde,AP
59e0b335-440d-4169-ae84-a0ec51b7413b,Miguel Cavalcanti,erickvieira@example.com,2024-12-09,Macedo,RR
48ffdf6e-2fbc-4002-adad-2dcf0c3f77db,Rhavi Gomes,costabernardo@example.org,2024-01-14,Gonçalves da Serra,RS
5f982349-5ca8-4ea3-9a73-1df3d384a790,José Cavalcante,sampaioemanuella@example.org,2023-10-09,Cavalcanti da Prata,AM
86ad3b18-06de-4fd1-be60-c65fcbe9479a,Igor Vasconcelos,albuquerquemariane@example.org,2023-11-26,Correia,PA
07b14a91-d625-41f4-b744-717c3f43b6d2,Letícia Silveira,cunhalaura@example.org,2024-01-02,Sampaio,MA
33c4ffc4-d67b-416e-ad6c-8e7681d4babb,Liam Ribeiro,ana-juliacardoso@example.com,2024-12-28,Cunha do Sul,SP
8f0cc550-71e9-4ebc-a092-7f2a49f6c1b4,Bernardo Rezende,lpastor@example.net,2024-02-25,Ribeiro do Campo,MT
33e8379e-147f-49ba-8bda-2ae37b9faf65,Ana Vitória das Neves,pcaldeira@example.com,2024-07-19,da Rosa de Rodrigues,PR
e7ceebd2-dea4-4376-a8fa-18f3298c667e,Nina Lopes,britomanuela@example.org,2024-06-22,Alves Alegre,AP
27984a21-009c-486a-ac01-18985e133994,Sr. João Gabriel Montenegro,jose-miguelnovaes@example.net,2024-08-17,Camargo de Minas,SP
7a978299-7f95-4861-a855-bb24fd069118,Maria Luiza Pimenta,jmoura@example.org,2024-03-18,Pastor,MS
,Ísis Abreu,azevedorafael@example.org,2023-12-31,Oliveira de Aparecida,RS
a0dba9f5-6653-404c-9d7d-2bd19fdcae22,Breno Farias,caua19@example.org,2024-02-23,Camargo Paulista,SC
5700b71d-12c8-4c49-a4bb-90f1bfb938aa,Rael Albuquerque,pereiraana-carolina@example.net,2023-11-29,Monteiro de Vieira,SP
90988251-aa68-4bf0-ba7f-1fa7f06fd84d,Davi Lucca Gonçalves,marcelosiqueira@example.net,2023-11-07,Melo das Flores,PR
395c982e-df7e-47dd-8ab6-14683888d3d8,Luara da Mota,caldeirazoe@example.com,2024-07-01,Cardoso do Campo,PA
e00b8e89-2e8d-47df-87b6-e766da1d26f4,Dr. Mathias Ramos,luiz-gustavo39@example.org,2024-01-09,da Rocha da Mata,RN
4b06dbb4-a710-4eec-924e-3e9f0fd68245,João Fogaça,eduardo80@example.org,2023-09-28,Vasconcelos de Goiás,MA
9bb9b002-0304-4ebc-b687-f4d2f9707a78,Ravi Lucca Cunha,qleao@example.com,2024-02-18,Vieira do Amparo,AL
ae048f49-c686-4878-8f71-f18a46b50019,Mateus Rios,goncalvesmaria-liz@example.com,2024-08-27,Rocha Alegre,AC
5818ab39-ed9d-4cf0-b959-e9d1bbeb9d35,Dra. Ayla Machado,da-rosaluara@example.com,2025-04-24,Pacheco,PB
d9c66347-bfd0-4d49-9fc0-e6216db87695,Sr. Vitor Gabriel Pereira,iborges@example.com,2025-01-12,das Neves do Oeste,AM
296ad9b6-d657-498c-8789-599e2bb462c1,Maria Porto,sampaioluiz-otavio@example.net,2025-05-04,Abreu Verde,RS
945ef442-b9b4-4850-a4fd-be93a90b0fab,Emanuel Gomes,rodrigo86@example.net,2023-12-29,Moura da Prata,RO
22ec4e67-ce76-4093-a27c-d8610707ca56,Srta. Antonella Aragão,fernandonogueira@example.org,2024-02-14,Costela Paulista,RS
19ecf1c6-f03a-4b61-a371-57491d18ae91,Bruno Alves,camaraayla@example.net,2024-07-25,Moura de da Conceição,RN
9195d41a-ecfa-4f8a-bd32-ad950b8424e1,Caio da Paz,macedoagatha@example.org,2024-11-11,Moura da Praia,RR
b4a902aa-9da8-41ce-ad74-acd2b9302d67,Davi Pinto,icampos@example.org,2024-05-10,Cirino,AM
4706e35e-ee92-4c27-b36e-299227085fc4,Raquel Rodrigues,mendoncadaniela@example.com,2025-07-11,Cavalcanti do Galho,SE
b924ec97-7c6e-4c1d-a758-ad07c7b65208,Dr. Vitor Gabriel Oliveira,osouza@example.org,2024-05-13,Casa Grande,RR
264e2ee8-4075-40bb-80d6-de5249743d57,Enzo Cunha,benicio74@example.org,2024-08-11,Almeida Paulista,MS
7609665e-9466-43dc-bfe0-a0c78eec4f56,Bianca Câmara,jose-pedro65@example.net,2024-02-29,Carvalho,PE
42097510-dc57-472a-a188-1f9cc30385e8,Nina Costela,pedro-henrique25@example.net,2025-06-12,Guerra,RS
f6265778-7810-4660-a4c7-251e81cfc3a8,Maria Fernanda Teixeira,correiacamila@example.net,2024-10-02,Abreu,AP
ccbaf044-fa95-4f5a-9221-abe0dcd86ad1,Isabella Pires,mendoncabenjamin@example.org,2025-05-22,Mendes das Flores,AL
,Bruno Vasconcelos,theodoro16@example.net,2024-09-07,Moraes,BA
dbf2d392-8094-4d9d-8934-10a8d9e28abe,Luísa Rios,qnunes@example.org,2024-07-14,Mendonça,RS
f2a317d8-8507-433b-9141-d885f5f9d710,Heloisa Ribeiro,qmendes@example.org,2024-01-09,Pimenta,MS
a65fe7f5-ad41-48dc-aa0c-d91c7cd666c8,Marcela da Luz,gpastor@example.org,2024-11-30,das Neves de Silveira,CE
1cc8e52a-f195-45e5-af8a-6d3fa927f346,Kaique Ribeiro,sophia53@example.org,2025-08-24,Fonseca,ES
44439d69-4afc-4999-9def-8217b9b58400,Cecilia Carvalho,giovannamartins@example.com,2025-04-28,Lopes,CE
7aa19357-c7a8-42d6-8e04-c73f7f4e8ed4,Dra. Maya Moraes,carlos-eduardoaragao@example.com,2024-02-09,Rocha,RN
3c9494b2-27a2-455b-8fcf-5f8be08c5002,Isabella Gomes,sophie76@example.org,2024-07-17,Fonseca,RN
f4a39e5e-04f2-465e-bc22-c7263992d04a,Benjamim Lima,luisacasa-grande@example.net,2025-05-20,Mendonça,SP
c026360c-a810-4e04-b29f-1fcfb00e9009,Evelyn Lopes,marcela59@example.net,2025-06-22,Fernandes,RR
a24da96c-72ef-41ba-9c48-fe9eeece3328,Calebe da Rocha,ksa@example.org,2025-07-25,Vieira,MG
4c494b6f-f160-4dfe-8d38-28206026a454,Julia Sampaio,meloian@example.org,2023-11-03,Gonçalves,GO
985cc9b6-630c-40b0-94a6-534e58c174ac,Srta. Liz Ferreira,halbuquerque@example.net,2024-08-21,Araújo do Amparo,ES
a216037f-b9ba-418a-a9e2-ce2c072982b6,Maria Vitória Lima,ravi-lucca98@example.org,2025-08-05,Freitas,BA
457f057c-964e-44bb-887e-5a60d5d68051,Sra. Olívia Montenegro,novaessophie@example.org,2024-10-26,Lopes,AM
ad89f78d-2276-49b7-9966-832dd946b3c3,Srta. Sophie Ramos,maria-helena38@example.org,2025-01-04,Câmara de Costela,AC
be5d8640-373f-4261-a7f7-37c5ea9afced,Maya Cardoso,calebepeixoto@example.org,2024-11-27,Cirino de Minas,RR
375e13df-fcea-4d33-855b-09e2cba01cab,Luiz Fernando Pereira,oliviada-paz@example.org,2024-08-11,Silva,TO
4de8ca40-682b-40b7-a607-dfbe6a96143f,Raquel Caldeira,mirellaporto@example.net,2023-12-25,Freitas da Praia,DF
f4b359c0-b37a-4bdf-9c1f-923c3421e2a4,Cauã Campos,da-cruzkevin@example.com,2023-12-06,Gomes do Galho,SP
bf0695ea-7406-4450-a307-08ca8a528f55,Sr. Yuri Brito,,2024-08-08,Vasconcelos,SP
cc9082e6-bb5a-41d3-94aa-6948bdca3f08,Manuella Abreu,domandrade@example.com,2023-12-08,Oliveira da Praia,MS
23752aac-4f46-41cd-b0d6-1bb6eca1ad6c,Sr. Luiz Felipe Machado,pereiraaugusto@example.org,2024-01-12,Peixoto de Mendes,RO
585d5694-9536-4993-8957-3cd66e87f749,Nathan Sampaio,fonsecasabrina@example.org,2024-11-26,Pinto,PR
eef62376-ecbc-4209-8bc0-9ffaba60f3f0,Rebeca Gonçalves,dom53@example.com,2023-12-02,Nascimento do Norte,PR
4e853e8a-b185-4784-8c9f-71ccab3ca790,Henrique Araújo,fonsecaravi@example.com,2025-08-04,Rios do Sul,ES
6fb86720-e93b-46ad-8a6b-2e62d0e78fb1,Augusto Borges,heitor93@example.net,2025-08-24,Nunes,RO
70a5e164-9350-4a1f-b7f2-62169c0b3409,Dra. Melissa Sá,ravi12@example.org,2024-01-31,Nascimento,ES
34beafb6-6896-4e13-a940-116a9694071a,Apollo Cunha,rodriguesdavi-miguel@example.org,2024-12-04,Aragão de Ribeiro,ES
fe84330a-b1ae-480d-97df-821032924506,Rhavi Monteiro,maria-alice81@example.com,2025-03-02,Nunes,PA
53ac9699-46d6-4b10-8db1-a6b89a119df6,Dra. Ana Carolina Nunes,pintoeduardo@example.org,2024-04-16,da Luz de Goiás,AL
b93aaedf-eed2-4adb-ba84-9dad9f5d715d,Liz da Paz,bryansa@example.org,2025-01-26,Aparecida da Praia,RO
242f45cd-2908-4f26-8215-60495effeb86,Lucca Vargas,isis91@example.net,2024-07-04,Garcia Alegre,MT
4371f433-38b2-4e92-8479-2a13ae98691d,Dr. João Miguel Monteiro,usampaio@example.net,2025-02-17,Rocha do Amparo,SP
