user_id,name,email,signup_date,city,state
b7d978b6-ace6-49df-836c-7dc91cf542cb,Ian Melo,luancassiano@example.com,2025-05-07,Viana,ES
24c88b53-a049-46a2-b6ad-0c7f24c1d4eb,Gabriel da Rosa,evelynda-rosa@example.com,2025-06-03,da Mata,MG
b74c4acf-40e6-4b43-9f9f-260a6df74dff,Luan Cavalcanti,cleao@example.com,2024-04-27,Fonseca da Serra,AP
90d8cd82-9364-4dab-a3f8-36286aed0562,Ana Laura Cassiano,gabriellylopes@example.com,2025-08-13,Azevedo,PR
605bcdb7-8549-46de-a9a9-f482924162d6,Léo Araújo,uda-cruz@example.org,2024-07-14,Ferreira,DF
3e1e74a9-e9fa-453d-babc-b6ac382c936b,Igor Rocha,maria-luisafernandes@example.org,2024-03-14,Montenegro das Pedras,MS
13b1b50a-2f13-40b5-934e-c5391182a1b0,Davi Luiz Mendonça,ana-luiza87@example.org,2023-10-03,Rodrigues de Costa,MG
f1cce006-8721-45bf-ad8d-9a1fb8b75ae6,Felipe Fonseca,bdas-neves@example.org,2024-04-22,Cassiano do Sul,MG
53a07a8c-567a-46a4-afe6-1ba9b00290c6,Emilly Abreu,ngarcia@example.com,2024-12-11,Campos,SC
e1978aec-7676-4f42-a1d5-3085e8dd7796,Dr. Davi Vasconcelos,fpinto@example.org,2024-12-17,Ribeiro,MS
d7036010-4eb8-4049-bb78-d9a85587076e,Liz da Paz,qduarte@example.org,2025-01-05,Pacheco,PB
2e50650f-07c4-436d-a538-472c1cf2af2b,Ayla Pinto,wmachado@example.net,2024-08-28,Farias de Monteiro,RO
810bbdca-7bdf-4768-b848-bd66939105c9,Hellena Melo,barroskaique@example.net,2024-04-24,Souza,RO
dc2d2351-1d4e-4fe2-8867-6287e640bcf6,Ana Viana,vguerra@example.com,2024-06-21,Machado de Moura,DF
94ebc1c1-f6a1-404a-bea7-1fa11a8d8e38,Anthony Gabriel da Cunha,bianca24@example.org,2024-01-16,Cavalcanti,RR
f464c8a7-ea50-4910-a9d7-2b6e9fc61dd8,Maria Flor Nogueira,saragao@example.net,2024-07-28,Teixeira,DF
82bb2de8-b0cd-4380-9713-3da735587df9,Dr. Luigi Nascimento,luiz-otaviocamara@example.net,2025-06-25,das Neves,MS
68d51898-fd3b-4b23-91a9-5aba03353d15,Dr. Isaque Camargo,peixotoclarice@example.org,2024-08-27,Andrade,RS
27d13ace-cb31-4953-80c2-15ea1722125c,Gabrielly Freitas,ferreiraeloah@example.org,2025-03-04,Azevedo,PB
ece0003a-d7f2-448f-aff0-8b265beb9331,Ana Júlia Moraes,,2024-11-26,da Paz,MT
42287547-d728-47e7-8615-28a2a013581d,Sr. Davi Ramos,borgesnathan@example.net,2023-11-06,Oliveira,RN
755eeef0-d706-4683-aea4-107a0272ea44,Sr. Marcelo Azevedo,luiz-henriquealmeida@example.org,2024-10-28,Leão,GO
f6028cd7-08bb-43ae-b774-8551ad70985f,Dr. Calebe Ferreira,ana-beatriz45@example.net,2024-02-08,da Cruz de Nogueira,PE
5b7b4eab-6896-418c-97c3-ccd6bf225dca,Dr. Rafael Fonseca,jdas-neves@example.com,2024-03-07,Moreira,PE
8d30b6fb-e416-48e9-88a6-42177b4a3abd,Rael Carvalho,lunna60@example.org,2024-04-21,Andrade da Mata,PB
a66f718e-7927-4938-a8a9-917288d1bbcd,Manuela Mendonça,liz72@example.org,2024-07-23,Jesus,SE
b1d15d17-343c-405d-8ff9-bbd54f87a403,Ana Liz Lima,isadora40@example.net,2024-10-22,Fonseca dos Dourados,CE
cda8cb22-cbb8-4c32-b860-ea419d997385,Stella Marques,luisa00@example.net,2024-03-20,Casa Grande de Peixoto,MS
a4c3ce6f-d561-4feb-abb2-ec3c591d7f28,Maria Costela,,2024-08-19,da Costa do Galho,AL
3983da34-456e-40b2-bd00-1d30255aee76,Leandro Vasconcelos,marianefogaca@example.com,2023-10-09,Mendonça,GO
bf6839e2-758e-48b7-93bb-88364ee7e260,Amanda Dias,mirellada-costa@example.com,2024-01-15,Leão do Campo,MG
a33f781a-1afa-4865-ac23-66d42d9a3128,Marcela Correia,luiz-gustavo31@example.org,2024-05-02,da Rosa,RN
d3668163-f19c-41f9-8665-e5a5dedf4162,Gabriel Nunes,montenegroeloa@example.com,2025-03-12,Vargas,RO
f51611e3-7bc6-4263-a660-56a944f3a139,Isis Barbosa,maria-laura81@example.org,2023-12-23,Mendes,RO
0eeae474-4a6d-4bd9-ba65-295af7db584f,Mathias Ferreira,zfernandes@example.com,2024-10-27,Cavalcante,AM
1883cd0a-2661-493e-9ce6-0d9fa9193328,Otávio Câmara,rmonteiro@example.org,2024-07-06,Carvalho,CE
359ed400-9489-4cd0-b250-2f4afecc59f9,Dra. Juliana Martins,da-conceicaodavi-miguel@example.org,2024-12-17,Pires da Mata,TO
fc432580-a60e-462c-be27-f34a069b3d71,Maria Clara Albuquerque,kgoncalves@example.net,2023-11-24,Silveira do Norte,PE
7450763c-ea9a-4d81-9fcd-1a552745a07f,Sr. Pedro Oliveira,jcardoso@example.org,2023-10-06,Alves de Mendonça,DF
a624da7a-0f04-41d8-89ec-e5cde72fce00,Julia Novaes,ufernandes@example.com,2024-01-21,Moura do Campo,CE
bd660f6a-a857-414a-b780-46fe7cc8dd13,João Vitor Rios,freitashadassa@example.com,2024-03-30,Correia do Oeste,RO
79024cef-bb64-4a61-875a-37c6f0e55174,Diego Melo,varaujo@example.net,2025-06-19,Gonçalves,AP
ab59f64a-4e49-4824-aad9-ca406e592d3e,Isaque Porto,santosanna-liz@example.org,2025-03-07,Costela de Carvalho,TO
05c3e438-a733-422b-9ba5-b8107e453259,Olivia Abreu,laviniacunha@example.org,2025-06-23,Pereira de Vasconcelos,GO
4b54e980-3384-4d10-a218-e5756990e550,Gustavo Henrique Dias,mmartins@example.com,2025-08-26,Dias,AP
f7c7a1d9-da1b-4ef6-a2a0-bd5c3c75fe6e,Matheus Cunha,diego79@example.net,2024-07-13,Silveira,SE
20c1dfbb-58fb-4998-ab3a-6c94791edb66,Gabriel Nogueira,oliveiramilena@example.com,2024-05-06,Andrade,SE
7892d4f8-893f-41fe-a638-d984380d7481,Vinicius Pereira,meloenzo-gabriel@example.org,2025-07-25,Novais,PA
c95ee907-e242-4ed9-9966-7f9e576dea1e,Otávio Oliveira,erick35@example.net,2024-12-22,Araújo das Pedras,PA
cd133e8f-3d4e-46a7-998b-e0339c7cd64b,Maria Alice Rodrigues,caiofonseca@example.com,2025-02-17,Pastor,PI
d0374353-47b9-4fab-a041-4db2fadbaa66,Anthony Gabriel Fernandes,,2023-10-21,Novaes,MG
61d98b9b-f0d1-4880-b7d9-3fcfbd8bfa18,Srta. Gabrielly da Rocha,mmoura@example.com,2025-09-01,Castro,SE
ebff1d74-db1a-4108-aa61-c755c4bb9b5a,Sofia Pinto,barbosadanilo@example.net,2025-02-05,Novais,AM
5e585dcd-1782-4598-9f75-1fe9e3057b79,Mathias Sousa,acampos@example.com,2023-09-25,Camargo da Serra,RN
321cfed3-ff85-41f9-9549-4461e6a2766e,Srta. Maria Clara Machado,grios@example.org,2025-08-15,Pires,RO
2800f4a0-bbfe-4371-b297-872eb573a786,Cauê Martins,maria-vitoria91@example.org,2024-09-21,Pastor de Alves,DF
5b7bf2c5-8311-4330-9ade-3a84a35bfb7c,Bella Mendes,ana-vitoriacaldeira@example.com,2024-07-27,Moura,MT
0f2c8544-67c6-4c0e-83c9-574ce70b8576,Ana Vasconcelos,davi-lucas63@example.net,2024-08-16,Correia Paulista,RN
52183505-e41c-4b3a-89ae-54984ea6385d,João Felipe Macedo,zcorreia@example.org,2025-02-20,Pimenta da Prata,PI
215fa72c-3532-4d9a-97ff-e42b4b37deb9,Hadassa Marques,camposluana@example.net,2024-10-04,Oliveira Grande,AC
c8c755cf-0f6c-49c8-8f4d-647a9a6d011a,Vitor Hugo Fonseca,thiagoazevedo@example.net,2024-06-02,Vargas Verde,BA
a3785542-6315-4dde-bae6-a53edd491fec,Antônio da Luz,eda-luz@example.net,2025-04-13,Dias do Galho,SP
5ff41ad0-7968-448a-9970-f5367af91182,Bárbara Azevedo,andradeana-livia@example.com,2023-09-22,Nunes,DF
da766ad5-2e8a-4fbf-9782-53581bd511cf,Vicente Caldeira,davi-lucasgoncalves@example.org,2025-08-07,Rocha de Minas,PE
53373a9f-2ec1-4f34-b637-b6fcfdd1a2e0,Vicente Campos,kmoreira@example.net,2024-07-24,Farias,ES
293cc0c8-76f3-43f6-8f0b-d53dec7cd617,Manuella Ferreira,gustavo91@example.org,2023-12-25,Freitas do Amparo,SE
38e87601-696a-40df-98ad-0ef51631a390,Heitor Ribeiro,vicente45@example.net,2024-11-02,Campos de Carvalho,TO
0f337014-fd02-47d3-a6c0-98d102ec70f6,João Guilherme Almeida,limajoao@example.com,2025-08-26,da Mata de Leão,CE
761a0e67-d999-43d2-ba8f-65be69a3e448,Luiz Felipe Peixoto,leandro08@example.com,2025-02-18,Albuquerque,MS
207cf82e-bfe9-4a4e-b4cb-cf4b1a63b05a,Heloísa Costela,marcos-viniciuscampos@example.org,2025-04-04,da Rosa,SP
fb83986a-de31-4ad2-a65e-bfa6d4d3a263,Sofia Novais,anthony-gabriel65@example.net,2025-05-04,Sampaio da Serra,MG
21e94a7c-952b-4d8e-bc4d-8fe0362c5bc9,João Guilherme Azevedo,mayada-luz@example.net,2024-11-25,Mendes da Serra,PR
37de148e-6042-40cf-b700-997a96db5a04,Eduardo Borges,araujonicolas@example.org,2025-02-01,Fonseca,CE
dc1a8db0-db15-41b2-97e1-9bad291f46a4,Gabriel Sales,kaiqueda-cruz@example.org,2024-05-07,Alves,GO
1f10d924-b6d2-4702-9860-2e636af8d766,Laura Pinto,,2025-06-10,Cassiano do Oeste,PI
c1b24268-c8ed-4bbe-b65c-5ae4a03fe52d,Samuel Guerra,nmontenegro@example.org,2024-05-29,Aragão,SE
b1e77104-a1d4-4c6a-bc8f-3be31d0049ea,Maitê Melo,silvaemanuelly@example.org,2023-11-18,Farias Paulista,RN
38a9594d-cb55-401d-b729-a845392e796e,Emanuelly Guerra,nascimentootto@example.com,2023-11-24,Araújo Alegre,SP
05b2653e-9d23-4088-8653-a500e23bc4a8,Letícia Machado,aaraujo@example.org,2025-04-20,Brito,ES
81a224fa-48e7-4ea5-8a56-2afe3ac955d6,Dr. Leandro Alves,heitorporto@example.org,2024-06-10,Pereira de Dias,AP
ab2e6cb7-7243-4099-a549-ead849b7ab88,Maria Sophia Pimenta,kazevedo@example.com,2024-05-28,Melo de Gomes,RJ
548f3b97-5a78-4a5d-9ac2-d7c06856f0a7,Guilherme Macedo,isisdas-neves@example.com,2025-08-22,Gonçalves,RO
3a8dfca5-7030-4051-8dd6-6d44a236abb6,Diogo Ferreira,,2025-05-10,Lopes,MT
56b7345c-0ec1-421b-b17c-b0d5087ab1c0,Thales Novaes,cnogueira@example.com,2024-05-15,Aragão de Minas,AM
33f4768e-4031-4efa-8fc9-3d759c1a89fb,Enzo da Mata,thales45@example.org,2023-12-29,da Cruz do Amparo,GO
4f590df4-33fc-4248-871f-6c89bc352070,Ana Beatriz Moraes,marina78@example.com,2025-02-27,Gomes do Amparo,PR
ab98ce63-0962-4677-a2a7-4db1734f10ed,João Gabriel Vasconcelos,camaraelisa@example.net,2024-09-17,Vieira,AL
6fc4b42f-0145-41ff-a282-2c0ea9888ca4,Rhavi Pires,mmontenegro@example.org,2024-04-25,Cunha,CE
64f5767d-7142-4bdf-9c4b-e7405fe629f0,Ana Laura Barros,kaique54@example.com,2024-10-18,Silveira do Norte,AC
1d83ba46-6ca2-4657-a424-7342c7afe3b4,Erick Sousa,ana-luiza79@example.net,2025-06-18,Garcia,AM
44318724-9255-4beb-915b-f181ced7eec6,Bruno Araújo,zvargas@example.net,2024-12-20,Rezende do Amparo,AM
7fca0933-ff3b-4206-8cc1-bb0dd187bdab,Daniel Silveira,eloahpacheco@example.net,2024-09-08,Araújo de Dias,RR
de0aa1aa-af98-4057-9d15-80ca49cf7d2d,Felipe Duarte,brenda10@example.org,2024-03-03,Moura do Campo,BA
e9330c3a-54d4-4c42-9616-28805cdfc20b,Sra. Helena Camargo,asafemendes@example.org,2025-05-23,Leão de Pereira,RO
6aed747a-5026-48be-8cec-f3b6aef23016,José Miguel Guerra,luigi73@example.org,2025-06-17,Rocha do Amparo,MT
b77904bb-bac6-4d8a-bddc-97d85bacc36b,Sr. Luiz Felipe Pimenta,pribeiro@example.com,2024-01-16,Araújo dos Dourados,BA
d61b3d1f-39a8-42d4-9de6-8194b6f1d753,Nina Teixeira,rezendevinicius@example.net,2024-08-07,Vargas,MA
040aa873-fac9-4349-83d6-816e4c3910f3,Julia Lima,sophia68@example.org,2024-10-02,Sá das Pedras,SP
1c6d42cf-0132-4dc9-9360-defd946bd798,Luísa Guerra,davi-lucca53@example.net,2024-11-17,Machado Grande,RJ
66d25a89-f83d-4829-97bb-71b6b4756ecc,Erick Oliveira,eduarda34@example.net,2024-03-12,Azevedo,PA
5ceb8652-36af-481a-845d-ff8775d4bdee,Dra. Sophia Camargo,ana-luiza70@example.net,2024-04-06,Porto,RO
02e19f6b-e743-4d78-acf9-805f34f87f4c,Luiz Fernando da Costa,hellena33@example.org,2023-11-30,Novaes,RN
88ad5b98-983c-467c-8205-d4043e6c00af,Cecília Casa Grande,clarice35@example.org,2024-05-03,Cardoso do Sul,RR
bb1b5d20-258d-4bc8-93b7-a8a18bfd13b7,Srta. Mariana da Costa,zda-costa@example.net,2024-03-28,Rocha do Galho,AC
b4e776ee-b9aa-4550-a286-93039f76163c,Maria Luísa Pastor,apollo89@example.com,2024-12-15,da Luz,PE
7b2af77d-679f-4801-97c7-6f41af93d292,Luiz Fernando da Mota,emilly40@example.com,2024-03-22,Barros do Sul,BA
47ec7ef2-02c1-4945-a8e7-23eaad6d2207,Ana Luiza Santos,antony30@example.com,2024-04-26,Cardoso de Teixeira,SP
537d7854-7012-4abc-94af-03b8bf5170d5,Sr. Lucas Novais,lunapires@example.org,2024-04-10,Martins,DF
056c8491-4126-4d3b-ab1c-fab3e49e276e,Rafaela Campos,lduarte@example.net,2024-05-28,Dias da Prata,AM
61d3ac22-bc90-4ad0-a17a-afcd4ff2773f,Sofia da Mata,goncalvesmaria-laura@example.org,2025-01-26,da Cruz da Prata,MT
024030e3-2efc-453e-a4bd-31280a56b1eb,Ana Beatriz Monteiro,giovannacorreia@example.org,2025-05-16,Montenegro,GO
916a2b5a-6af6-4ec9-8a5d-574bc2007511,Leonardo da Conceição,vrezende@example.org,2024-12-05,Garcia da Praia,RJ
06dc6142-33e6-4216-8794-6d5f57ba5636,Sr. Brayan Pastor,rodrigopires@example.com,2024-04-22,Marques do Galho,AL
6f6f69d6-9b70-402e-bde8-02dcbfd13a4a,Mirella da Paz,pintootto@example.net,2024-07-26,Cirino,PI
bd9c9fce-bb7b-4ad5-9614-f2359ecf41fc,José Pedro Azevedo,hmachado@example.net,2025-05-09,Cunha Grande,MG
09673f9b-55f5-45b2-87c6-c9e34c14ec69,Bento Freitas,matteomoreira@example.net,2024-09-28,Souza das Flores,AM
06a402a8-3513-4d02-9ac2-a577fd3fcabe,Daniel Oliveira,liam54@example.net,2025-05-07,Azevedo,RO
73b70948-211f-40c4-9456-6645eed9ed54,Rhavi Sousa,riosisabelly@example.com,2025-05-01,Andrade,BA
c5e30d64-d8e7-492c-a0fc-28d361b62b83,Rafael Viana,allana06@example.com,2025-01-12,Garcia,TO
c1706dd5-551e-4669-b92c-d054d8bdef93,Sr. João Lucas da Mata,nogueiranatalia@example.com,2025-02-20,Camargo de Machado,RN
d71912d6-b885-4acb-8e4d-6ace112d9a3f,Anna Liz Melo,andre98@example.net,2024-01-10,Almeida das Flores,PA
9c22a558-968a-404d-8f8e-5f8e6bd269c5,Lucas Siqueira,maria-vitoria52@example.net,2024-04-23,Costa Paulista,AM
9ffa0fce-1ab0-4c4d-b9b4-a6db09bb7051,Ester Machado,portoliz@example.com,2024-05-08,Novais de Teixeira,CE
0835e4f7-1195-43e0-8d2a-cee0629e7b24,Gustavo Henrique da Mota,fmontenegro@example.com,2024-07-10,Souza do Norte,BA
b5f79151-9946-4fa7-a705-affde2530e8b,Kevin Marques,galves@example.com,2024-03-25,Castro da Praia,PB
b7d607cd-eda9-4df8-88ef-e8755f0caba4,Sara Brito,elisa02@example.com,2025-04-30,Barros de Marques,MT
ebc386bb-2ef5-4c08-a652-755e8fe940ac,Bento Casa Grande,ravi-luccada-costa@example.com,2024-03-03,Vasconcelos,SC
81d7cbdc-443b-4b50-9165-10b075fdce4d,Ana Beatriz Pinto,eda-costa@example.net,2023-10-24,Rocha da Mata,SC
6bc4a72b-0632-4891-8cdd-20cc47cea3a1,Emanuel Macedo,goncalvesmaria-luisa@example.net,2025-02-23,Araújo da Prata,DF
9bfc0332-f431-4364-b1cf-1463e0f5f328,Maria Sophia Nunes,alicia18@example.com,2024-08-07,Rodrigues,MG
ceb4cb56-a5e6-4283-bfcf-f2df57b8d260,Sr. Samuel Souza,castropedro-miguel@example.org,2024-11-29,Abreu,SC
e0c7623d-6308-4741-86fc-e83f6cfff3c5,Eloá das Neves,cavalcantevalentina@example.com,2025-03-06,Martins de Marques,TO
f1713b86-cd72-44bc-b148-66ea87c5e718,Henry Viana,bentorocha@example.com,2025-06-21,Pastor,RO
03b32b5d-b3c6-42ba-8400-f8fc23f98bad,Ana Luiza Aragão,lavinia00@example.org,2024-01-04,Campos,TO
65f3ea4c-df9f-4330-b7b7-9f81ef278ae3,Fernanda Pimenta,emanuel56@example.org,2024-02-16,Barros,MS
421d7acf-f9b6-439f-b2e8-b78b64955941,Sr. Yago da Cunha,yuri50@example.com,2024-04-24,Costela,MS
0621f126-544e-40cb-9a2b-ff7b98d2508c,Ravi Azevedo,,2025-07-12,Borges,RJ
95388cc8-2b86-44b6-be4b-2457391f1b55,Bruno da Cunha,maria-laura93@example.org,2024-09-15,Guerra de Moura,RN
ae964c90-99ca-4e46-a1df-00ac5ff6f54a,Davi Lucas Moreira,riossabrina@example.net,2024-01-28,Brito da Serra,MG
96d7edcf-3b07-41fd-9e16-5f517731f0dc,Thiago Cunha,oguerra@example.com,2025-06-17,Correia,ES
88773ffe-5ee2-4be4-b87d-2cc2881a5481,Otto Sá,,2024-10-15,Santos da Mata,AL
4cbf0911-f4f6-4874-ba2d-e926e2a1fdbd,Alana Guerra,joaquim75@example.org,2025-05-17,Nascimento de Goiás,CE
041aebc1-5c99-4608-93f2-2c3531ace818,Guilherme Novais,albuquerqueolivia@example.com,2024-01-30,Ribeiro dos Dourados,DF
5aeb66f1-c410-47a6-8078-78682ad10ada,Luísa Garcia,pauloda-cruz@example.net,2024-03-01,Macedo,MG
23772440-703c-45fd-94bf-f2cbc5f02636,Davi Araújo,fernando41@example.net,2025-04-04,Nunes,PB
019bc63c-ee5e-4c65-b108-cf9276969b8f,Maitê da Luz,cauapimenta@example.com,2023-09-29,Machado,ES
375260dd-c375-4f37-b89e-6fa418f929f2,Vitor Silveira,,2024-02-10,Monteiro Alegre,CE
603b8395-8628-43d8-9e8b-475f03a17c58,Maria Liz Sá,ana-luizarios@example.org,2024-10-31,Câmara de Vasconcelos,ES
38fb8399-def3-4310-b2e7-b5ba9953274a,Dr. José Miguel Cavalcanti,juanvieira@example.org,2023-10-31,Moura,AM
99ddd1ca-eebe-4530-9686-2ad3893ae6f0,Lorena Marques,danilo98@example.net,2024-11-03,Sá de da Paz,MT
56ad646a-5a2f-468b-8847-2d83074d7a1b,Alícia Cunha,yansouza@example.net,2024-09-30,Fogaça do Campo,RN
33f05f05-6818-4ae0-be95-eb62632c1c59,Olívia Moraes,melissasantos@example.net,2023-11-25,da Costa de da Mata,AL
82b94ad9-73ce-481a-83bc-b94db161d13b,Lara Peixoto,,2024-12-18,Rodrigues de Goiás,TO
c9a22d5a-9a17-414a-8ffe-92d0bc8085a2,Eloá Brito,esa@example.net,2024-01-13,Novaes,GO
1149f345-f3d9-42db-b3e0-81135597bc09,Anthony Gabriel das Neves,luiz-felipeduarte@example.com,2024-05-13,Gomes do Oeste,PI
4b150fdc-2051-4adf-bc20-1bc64403dedd,Erick Dias,garcianina@example.com,2025-05-13,Duarte Paulista,AC
2cd6cf52-885e-49af-b989-587e4872bc08,Dr. Asafe Câmara,rafaelacaldeira@example.org,2025-03-28,Correia,MG
786202db-a148-42c7-a0df-9507247b785f,Benjamin Pires,davida-rosa@example.org,2024-10-31,Rezende da Mata,AL
55d53194-e180-4ad6-856a-84523a730c13,Erick Ferreira,correiamurilo@example.org,2025-08-11,Teixeira,AL
17b08298-a9d4-48c8-89fa-74bfcdb25005,Otávio Albuquerque,joao58@example.net,2024-01-25,Melo,CE
14e907c7-290f-4f9c-9c1e-27fc892cd6af,Caleb Gonçalves,lara72@example.org,2024-05-20,Aparecida,GO
1af4d75e-fa68-45d5-8016-c49c9fbd3a4e,Liz Nascimento,tnunes@example.org,2024-05-29,Monteiro de Cavalcante,GO
228cdf5f-da81-49ad-bce3-4ed5c4248551,Amanda Cunha,zgarcia@example.com,2024-04-04,Pinto Paulista,RR
a00da084-e4c7-4553-b4d2-0ac5478cb467,Srta. Isabella Cunha,augustoda-rocha@example.com,2024-02-26,Cavalcanti de Moreira,GO
d1192ed1-c8af-4742-bb02-41125c0fe8bf,Alexia Albuquerque,lais78@example.com,2024-01-31,Ribeiro Grande,RS
126a3570-09a6-484a-9a77-3d1f95e2245b,Júlia Cavalcanti,leandroalbuquerque@example.org,2025-02-27,Silveira das Flores,AM
77b891bc-74b9-40e3-bd59-102040f2f82c,Benjamin da Cruz,maysamacedo@example.org,2025-01-07,Marques,SP
5e6600c1-5d19-415c-bdf9-36da2e6a0a55,Anna Liz Nunes,mdas-neves@example.com,2024-01-18,Viana do Amparo,PA
45de8b2b-0d3e-4439-8483-4af9e295d2ec,Ana Julia Pires,epinto@example.org,2024-03-20,Garcia de Marques,SP
279a0836-6a21-40a9-b289-e32f4680fce4,Pedro Miguel Dias,uguerra@example.net,2024-06-18,Costela,AP
b5cb9ceb-b778-4209-9e15-9093e619ef8e,Srta. Maria Moreira,joao-miguelsousa@example.com,2025-06-04,Dias,RN
96800746-3a4c-436a-998e-2b0578ebdcd4,Sra. Clara Moraes,heloisa15@example.org,2023-11-14,Abreu de Montenegro,RS
1f644428-6791-4650-94b7-f8b3a7ca484c,Yan Gonçalves,albuquerquedavi-lucas@example.net,2024-10-25,Mendes do Galho,GO
fd5ce430-6f3b-43b6-aa0c-936809540ff7,Ana Pacheco,liam49@example.org,2024-02-23,Fernandes Verde,RS
c22ac02c-49f5-40cd-956c-50b001344ca5,Calebe Cassiano,peixotoana-vitoria@example.com,2024-02-19,Rocha de Souza,AM
33107dfa-72c0-43f9-86bd-c0f468bc82da,Heloisa Sampaio,beatriz76@example.org,2024-09-16,Nogueira de Pimenta,AC
97f9910d-6894-43a4-9e4a-676911d80a01,Gael Henrique Jesus,davi-lucca31@example.org,2023-10-14,Araújo da Mata,DF
26bdbb40-cade-4f06-b86a-728a82164899,Maria Júlia da Mota,pnascimento@example.net,2024-07-17,Almeida das Pedras,DF
6e2d73db-9ad9-4083-9e61-fca6ce08431d,Helena Monteiro,salesclarice@example.org,2025-02-19,Teixeira de Fonseca,DF
f23d01d1-5108-4063-a8f5-8d8396791720,Srta. Camila Vieira,zpastor@example.org,2024-11-02,Nogueira,TO
f4f1f7f5-40c6-4e40-8577-ed57d59d0ea0,Stephany Pires,liz38@example.org,2024-07-11,Leão do Campo,AC
293e0990-e82d-4f43-8c39-be932ab083e3,Srta. Fernanda Sales,montenegropedro@example.com,2024-01-18,Cavalcante,GO
7c1c2064-20cb-4a2e-a413-42a0223434dc,Isis Araújo,nascimentomarcela@example.net,2024-06-03,Costa de da Mota,TO
beb08891-aefc-4290-9dc7-068cdc0d0a5e,Sra. Agatha Nogueira,andremarques@example.org,2024-12-18,Ramos de Nascimento,AM
23f0ac2e-235a-46c4-b550-535147ddd7d6,Dra. Lara Siqueira,joanasousa@example.org,2024-06-13,Pimenta,PA
fbf22a3d-1890-473b-9ed9-77c166be8389,Catarina Novaes,lopesfernando@example.net,2024-07-22,Ferreira Alegre,GO
1296dcd5-9838-49a6-99da-eb57f0a037f7,Dra. Julia Pastor,fernandesandre@example.org,2024-11-11,Cassiano do Galho,AM
4865d34a-0452-4d9b-8e14-f9f10e66ef4d,Manuella Brito,rnascimento@example.org,2023-12-31,Borges,DF
fe1c7112-4726-4393-ac94-3dff5a4f8ef4,Vitor Hugo Barbosa,xnascimento@example.com,2024-06-07,Vasconcelos,AL
328f872a-0b19-4a62-99ad-efcf34b7dd39,Ana Clara Farias,marialeao@example.com,2025-03-17,Barros Paulista,PA
,Ravi Almeida,melolucas-gabriel@example.net,2025-01-04,Souza do Campo,DF
62e3597e-7aa2-4e8c-8cf8-6047092ce961,Sra. Lara Lima,pereiraclarice@example.net,2024-07-01,Borges de Fernandes,PB
96aebdcc-4a95-4a61-b01f-885ccf38a2f9,Lucas Gabriel Martins,ryancunha@example.org,2023-10-05,Duarte,RR
c39fea74-561f-457a-a57d-fc1fc128a17a,Gustavo Henrique Nascimento,maria-clara89@example.net,2024-05-09,Teixeira de Vargas,BA
baba5b8a-1e08-4cbb-9b2b-cbb30a2b5e1c,José Pedro Peixoto,pachecoanthony@example.org,2025-02-13,Guerra,MG
0d787b6a-9269-4185-9cbb-df302d688b63,Sarah Lopes,bryanaparecida@example.com,2024-05-05,Caldeira de Rezende,PI
2c1b4c12-4a53-43c7-926f-ade180350ff7,Isabella Cardoso,maria-julia32@example.net,2025-08-18,Freitas,RR
a84f2898-4654-4c2a-9ddf-0b75eec03c70,Juliana Barbosa,da-mataallana@example.org,2024-03-21,Pinto,BA
eaaa39e3-d752-4567-960d-cae8e5f2953c,Maria Sophia Nascimento,joao-guilhermeda-rocha@example.com,2024-08-27,Souza Grande,RS
ab120b44-6acc-45cc-bbd6-e7b5b81a746c,João Felipe da Rosa,taraujo@example.com,2025-01-04,Ferreira de Minas,RJ
2fb13f10-e4c8-467d-9d5a-be04205153e9,Luiz Henrique Cirino,augusto84@example.com,2025-08-26,Aragão,DF
d9f5fd37-d317-4904-ab7e-a020ccfb59b7,Nicole Cirino,lunna48@example.com,2024-03-31,da Mota do Norte,RS
e2e82530-c645-4bca-92f9-4a334f9af64a,Ana Cecília Brito,andradeayla@example.com,2025-01-12,Viana da Mata,RR
663db203-e323-4de8-862f-afac6e8e9a2c,Nicole Abreu,zda-luz@example.com,2025-08-13,Farias,RR
a3a39c0e-7f6e-4f6e-8920-862a1156196b,Vitor Hugo da Mata,maria-liz48@example.net,2025-09-07,Dias,RN
81d773ab-fd93-4cf8-857b-65224d2d9f1b,Luiz Gustavo Câmara,imacedo@example.com,2025-05-25,da Conceição,PA
0198791e-a693-47be-8739-52d3e43b3273,Ravi Pires,jmarques@example.net,2024-08-03,Viana,CE
3972d5ba-68ce-4bed-abf5-34a915444518,Rebeca Vargas,luccacunha@example.com,2024-08-11,da Cunha,SC
3182d104-b845-449f-903f-559c7b4f0e5d,Pedro Miguel Costa,da-cunhagael@example.com,2025-05-22,Cassiano,PI
398a3288-ea9c-4f74-9320-aade3cc662ca,Maitê Rocha,silvaisis@example.net,2023-11-24,Garcia das Flores,AP
5070a142-0220-4f4e-a1fb-d526b5c72728,Rael Oliveira,pduarte@example.org,2025-08-31,Cassiano de Minas,MA
fcfa8159-e82d-4e42-b184-b2daa83eec3d,Cauê Sampaio,marceloborges@example.net,2025-07-28,Araújo da Praia,AM
8e4c01b2-f24c-4932-857d-f3789b57d777,Pietro Melo,julianaduarte@example.com,2024-11-19,Sampaio,AC
a4416509-3f11-482a-9bbf-e8fe02ae9ab3,Bernardo Nogueira,isabelagarcia@example.com,2025-08-28,Rezende,MS
f4170cc2-acf8-44e2-9666-5fed048db1b3,Heitor Alves,anna-lizda-rocha@example.net,2025-02-17,Aragão,MT
17960017-dd2a-4fc8-89f3-4a26f3c2f1fe,Sarah Moura,rsantos@example.com,2024-11-29,Caldeira,TO
04825750-a965-45cd-898e-3893f76625e3,Diogo Camargo,pachecohenry@example.net,2023-11-24,Caldeira,CE
2afe0e6e-1571-40d4-ba4f-3b13f3d7bf96,Dr. Lorenzo da Mota,,2023-10-10,Camargo,PR
7b484b4c-bae4-4152-9df5-cd63fd8f849a,Emanuelly Farias,rnunes@example.com,2024-10-27,Moreira Alegre,PR
4b95f9f1-fa55-4e2f-ae79-6d2da6674496,Júlia Pinto,sduarte@example.org,2024-02-19,Monteiro dos Dourados,RN
24db8d5c-787f-4dc0-bed1-fd6fe3f837f0,Srta. Maria Isis da Cruz,nda-cruz@example.com,2023-12-09,Pereira de da Cunha,SC
,Maria Luísa Barbosa,maria-lizalmeida@example.com,2025-02-19,Aragão,GO
2dfbfe83-d56a-4d3f-8f41-c6fd05f88299,Diogo Martins,boliveira@example.net,2025-03-03,da Mota,RN
5723c47a-1e94-4933-975f-d353825ce9c0,Theo Peixoto,sousathiago@example.com,2025-07-05,da Rosa,PA
704433a2-a160-4093-a8a1-0e7410622c7e,Amanda Araújo,rafaelada-mata@example.org,2024-02-27,Duarte de Campos,MS
1e8bd8c9-f506-4244-bc9d-19321bb19e31,Sra. Rafaela Ramos,wcamara@example.net,2023-11-26,Mendes de Lima,PB
2b5ab6ac-d213-4369-add3-556cc7368a94,Emilly Campos,rda-luz@example.org,2025-08-09,Leão de Macedo,TO
7965cb31-0c2c-4219-b026-40632fa857bf,Ravi Viana,rael70@example.net,2023-11-13,Novais de Souza,AC
c56a5380-191f-41bc-ac47-ae2972576229,Aurora Costa,yuri45@example.org,2025-08-31,Sousa,MS
90393b53-6108-4950-a8c0-0fb7a7d1c72a,Anthony Santos,vcampos@example.net,2024-12-23,Vasconcelos de Almeida,PE
a5dbb5b4-4a4c-4ba9-ba71-98331fa6a9f5,Isabelly Barros,kaique42@example.org,2025-08-31,Pereira de Mendes,SE
e7d73b1d-11e6-492c-aabf-910d9e5908c1,Josué Araújo,mendoncahenry@example.com,2024-01-24,Araújo Verde,AM
793b27ee-f611-4f5d-aa93-b458e0adf2f3,Diogo Viana,ana-julia34@example.org,2023-12-30,Brito Verde,RR
5232640d-3299-4863-a124-778ea8f06601,Pedro da Costa,csilveira@example.org,2024-06-13,Martins Grande,AM
4867edb3-c08d-49c9-8db4-3f658b905f17,Ana Carolina da Cunha,fernandoalmeida@example.com,2024-01-18,Moura,BA
4e0dd097-32e0-429b-a9c7-a2d6ff1a424b,Clara Casa Grande,marcos-vinicius92@example.com,2024-03-23,Farias da Praia,BA
69e0175b-4f5a-4111-9db4-52f9546309ef,Eduardo Duarte,noah75@example.org,2023-10-28,Castro,SP
1d1c38e2-d8e8-4191-a750-54d289f74d09,Dr. Vitor Machado,sampaioguilherme@example.org,2023-09-22,Silva,SE
245cd52a-8a06-4f5e-b5b5-5de7baa2a5ad,Alexia Machado,,2024-08-13,Correia,ES
8e7666e1-a72b-4a3b-aed8-6d77a105dfbc,Benicio Pinto,anna-lizmelo@example.net,2025-05-12,da Paz do Sul,MA
d64ee709-c33e-4615-a3f7-ff620d049198,Mateus da Rocha,isaacsiqueira@example.org,2025-07-16,Fonseca,MS
adfce28f-b530-4821-a3f8-5a6765655750,Ester Rezende,fernandesjoao-lucas@example.org,2024-07-23,Alves de Minas,GO
a4131c59-c89c-451c-8778-41f11fbc9b5b,Dra. Luana Costela,apollo48@example.org,2023-12-16,Caldeira das Flores,GO
87b80040-6422-4570-8dc9-da9ce50436c7,Dr. Lucas Gabriel Brito,ana-vitoria36@example.net,2024-04-27,Souza da Serra,MG
823c2bbf-f49c-4ed6-885f-88156aa05100,Théo Silveira,luananunes@example.com,2024-05-09,Aragão dos Dourados,RR
e80245e8-a8c8-4be0-a153-ba1e8410889a,Gabrielly da Mata,xbarros@example.org,2024-05-16,Ribeiro de Silveira,RN
baefb3d5-705c-487a-98ee-7a9cd54ec703,Isabel Leão,joseda-costa@example.org,2025-02-09,Cavalcante,PA
1c66947a-b527-400c-98c9-d91c44e23101,Paulo Vieira,agathagoncalves@example.org,2023-11-21,Silveira,PE
124a8f7c-d03f-42cc-a8ba-a906f53eadbc,Asafe Melo,mendesthomas@example.com,2023-09-28,Cunha Alegre,SE
67280ab4-9a23-44c8-bf5f-2fb21cc872b8,Ana Luiza Novaes,luiz-miguelnogueira@example.net,2024-09-30,Rodrigues do Campo,BA
d2030b8f-711e-4557-92fd-4e152c1fa35a,Esther Dias,ribeiromaria-helena@example.net,2023-10-03,Pinto do Campo,RO
59f43d4c-bc97-478c-a5bb-c70b352f310e,Sr. Levi Ribeiro,,2025-05-02,Cavalcanti,RJ
96770784-9472-4c9e-9cc9-855b86cd7115,Theo Souza,ravi31@example.com,2024-03-26,Monteiro,RS
346dcbaf-6132-479b-8637-bae553a7d18d,Dr. Lucas Porto,enzo-gabriel46@example.com,2025-01-26,Cunha,SE
9335bea9-90ce-4001-b5e2-6fdfed8d99ba,Dr. Henrique Freitas,vitor-hugorios@example.com,2024-07-12,Oliveira,RS
b489654c-4875-4c42-b63b-df96e25adbd6,Ravi Lucca Lopes,leo45@example.com,2024-06-02,Rodrigues,RR
0a42fc90-8c27-48b9-8f82-790539532b50,Samuel da Mata,ester22@example.com,2024-07-19,da Mata,PI
5ceb721f-be2b-4e07-9a2a-6b44a5fa5a44,Dr. Caio Cassiano,ravi18@example.net,2024-12-31,Moraes,MT
,Allana Abreu,rochajuan@example.com,2023-12-27,Costa de Aparecida,RR
63738ebc-f77d-4358-9016-9250a67c9228,Henry Gabriel da Mota,luna37@example.com,2025-03-15,Rodrigues da Serra,MS
6072ec2e-c041-48ff-b6e0-8112d73bd993,Nina Fogaça,vcaldeira@example.net,2025-08-19,Barros de Teixeira,RS
da7acb79-c962-4c66-bbfd-c97520a5bb8f,Mariane Cirino,carvalhopedro-lucas@example.net,2024-09-08,Vargas do Amparo,SE
9b61bb0f-6732-4eba-a306-0cdbe70f4b5c,Pedro Lucas Gonçalves,antonella82@example.org,2025-05-19,Araújo da Prata,AC
204bf804-3c39-4c2f-8379-006a23ea34f6,Bruna Martins,,2024-04-26,Pastor dos Dourados,SP
705ecb41-1d9b-4a74-90c7-4a1a7dab5410,Luiz Gustavo Casa Grande,bruna26@example.com,2025-02-08,Guerra,AM
25e15db6-3e37-4b27-b5b2-d01f4be16fed,Maria Alice Oliveira,rvasconcelos@example.org,2024-12-23,da Conceição,PB
43ef50aa-1bc8-42cc-90f8-36650bcf5fc8,Manuela Viana,da-matamaria-helena@example.net,2025-06-15,Rodrigues de Minas,DF
91a5bb65-cf17-4469-9fa6-b330ff39b03a,Olivia Porto,aylaalmeida@example.net,2025-04-30,Montenegro,RJ
45a6d34e-d2ce-4505-b010-d11a48648846,Dante Camargo,blopes@example.net,2024-12-31,da Paz do Amparo,SP
0443894c-e254-4d03-aa1c-25f3a8a3d618,Maria Isis Barbosa,cunhajoao-miguel@example.org,2024-12-20,Novais,RN
12ab9015-9a5d-4007-914f-78d6bbb9572b,Sra. Ana Luiza Siqueira,cmoreira@example.net,2023-12-22,Montenegro de Cardoso,MA
a5b11688-b7eb-4d6a-989e-0b4dd352ad87,Brenda Gomes,daniela72@example.org,2023-10-19,Gomes,BA
7d4e586c-a20a-4d5b-a99b-be3bcf59ce1d,Vitor Gabriel Rodrigues,ycosta@example.com,2024-04-29,Abreu,MG
ee6e0ad3-296e-447c-93dd-ac9c83be8d95,Théo Sampaio,liam69@example.org,2025-08-24,Cunha da Prata,DF
81ad726c-32f0-4182-9bab-603d6a1a1eb6,Caroline Porto,xabreu@example.net,2025-04-11,Nogueira,RJ
541b6d14-60bf-4e03-b1f8-536374ddbfa8,Levi Alves,das-neveskaique@example.net,2024-03-04,Jesus,ES
d66bc657-5227-475f-8f7e-9c213552d0d5,João Lucas Moreira,qsa@example.com,2024-12-20,Jesus,TO
26dc303e-97a9-4148-8a66-893647fb7ade,Juan da Cruz,hellenarios@example.com,2023-10-28,Nascimento da Serra,RS
9895a432-33ab-4ccd-a387-3fa120b5a4b5,Ísis Barbosa,souzaallana@example.com,2025-04-11,Sousa de Almeida,ES
a5e3ded7-e80c-4492-b1ed-33a55ee4a47b,Maria Flor Siqueira,camposjoao-pedro@example.com,2025-03-07,Jesus,RJ
22d6879d-68ce-46c7-a2a0-7e402f754b42,Ana Luiza Cirino,maite86@example.net,2023-10-14,Pereira de Leão,AP
9b7c77ec-1db5-475a-ab41-a331498583db,Marcelo Peixoto,danielcamara@example.net,2024-06-29,Pacheco,AC
6d4a8424-d419-4923-99cf-f10a7d3b7ece,Dr. Davi Fernandes,pedro-lucascosta@example.net,2025-03-15,Martins do Amparo,SE
aa0fbc47-9866-4789-94e2-4c3268d8e57c,Maria Alice Peixoto,danilorodrigues@example.com,2024-06-21,Montenegro de Porto,PI
c7f66be9-8e79-4118-a50a-28552dec7efb,Yan Rezende,osousa@example.org,2023-12-03,Camargo,PE
fc520932-24ba-4d4a-8fd3-b6bc0237dc8e,Carolina Cavalcanti,mcavalcanti@example.org,2023-11-08,Silveira,RO
556112d4-aec7-412e-8f0d-33c8f74a51e8,Maria Cecília Martins,cmacedo@example.org,2025-06-13,da Mota da Mata,AP
2df9c0f8-b71e-43e5-bb95-041baf8d6713,Maria Laura Siqueira,daniel78@example.net,2024-09-11,Borges da Praia,SC
8759077c-5f87-4bb9-8688-13b9d044708f,Catarina Azevedo,diaspedro-lucas@example.com,2024-05-25,Rodrigues,MT
9144a34d-c926-40b3-b0be-fce82e047ec5,Ana Sophia Porto,ecirino@example.org,2024-01-17,Monteiro de Lopes,MS
9369f483-2122-4f05-9dc4-3095e5eeaa22,Elisa Guerra,caioda-paz@example.org,2024-07-22,Câmara,PA
c9e77331-bbb3-429d-869d-a5ccc27a759c,Dr. Isaque Garcia,ravi-lucca43@example.org,2023-12-12,Macedo,PR
92a49594-2a30-4248-919d-5c804b35c5d8,Luigi Sales,rebeca54@example.org,2025-07-10,Teixeira de Goiás,AM
63580210-63c7-406f-b1ec-5b9258ff53d7,Lucas Gabriel da Conceição,augusto24@example.com,2024-10-25,Vargas de Costela,ES
b75d9872-6a51-4c28-bce2-cea590ef20be,Brenda Alves,,2024-10-30,Sá de da Rocha,BA
071199b1-c8d5-4d57-8efe-44eae9890ecc,Emanuelly Pimenta,aparecidadavi-lucas@example.org,2024-05-24,Gonçalves Verde,PE
92e2224a-5ef0-4e0f-88fd-adb3dd2c62f1,Kevin Barbosa,thiago27@example.net,2025-06-04,Barbosa,PE
26f7c7c2-746c-413c-a84b-f30d123bcc9e,Kaique Peixoto,fernandaborges@example.com,2024-08-31,da Paz das Pedras,GO
f55d9482-2719-4a77-aaf9-cb52a9190137,Anna Liz Abreu,raularaujo@example.com,2024-04-13,Novaes de Minas,SE
511f3356-e61a-4b7e-8aa5-d06d8e3bcacf,Rhavi das Neves,da-conceicaolarissa@example.com,2025-08-20,Mendes Verde,RR
70a12c4f-b51c-453f-908a-5bd2392de558,Luigi Araújo,estherpacheco@example.org,2025-04-27,Cardoso da Praia,PB
ab3a38fb-be76-4e1b-91e2-c05772ab29d0,Bruna Pinto,costelaemanuella@example.net,2025-04-27,Casa Grande,AC
3fce9cb0-d97f-41fd-bdd2-d75fee3b8dfd,Bruna Machado,mirella89@example.com,2023-12-22,Peixoto da Praia,AM
31517c92-7387-45ab-87ff-a01a8f716bf4,Dr. João Souza,correiadaniela@example.net,2024-09-05,Câmara Verde,RR
c8ffc27f-0056-4902-8ce7-f26117c4128e,Leandro da Paz,correiamaria@example.org,2025-09-06,Gonçalves,AP
15d56b9a-25ce-41a9-bd10-66b06154a3d4,Yuri Moraes,limahellena@example.org,2024-12-03,Rios das Flores,SP
d0bef5cb-02db-4977-a09e-863a9be49742,Elisa Monteiro,fonsecaesther@example.org,2024-11-06,Dias das Flores,MS
67deda7d-93bc-465c-b8f2-d8276925597f,Ana Liz da Conceição,luna68@example.org,2024-08-10,Pinto,ES
84d6e52c-defa-4a9c-81c1-f2416a4bd73f,Srta. Maria Clara Sá,hda-conceicao@example.org,2025-06-14,Souza de Minas,ES
9524027c-41ef-480b-8923-8b6a6034385b,Gabriel da Cunha,nguerra@example.com,2025-06-26,Brito,PE
d978929b-d668-47bd-afc0-f615692313ee,Maria Luiza Siqueira,qcaldeira@example.com,2024-12-05,Montenegro Alegre,DF
0134205b-dd1b-46cc-a52c-2caf26911d10,Srta. Antonella Carvalho,yfernandes@example.net,2025-04-11,Freitas,MA
f37587ab-1e77-4ef9-9558-7a7fb88d9f12,Miguel Sampaio,ana-luizada-mota@example.com,2023-11-08,Borges de Cassiano,RJ
e961af68-5b70-4f2f-aa2a-9566cc35943d,Pedro Mendes,qcastro@example.org,2024-03-16,Azevedo,MG
aa6d131d-41e4-4e4d-a7e0-9cf4c3d1c051,Alícia Cardoso,lucasporto@example.org,2025-04-30,Casa Grande do Campo,SE
eb9e1e9e-3513-4912-812a-43eaf59902dc,Gustavo da Paz,,2024-09-25,Lima,AP
b86afa58-d37b-470e-8aaf-d0023cc176f8,Olívia Nascimento,aliciasousa@example.org,2024-04-01,da Costa de Vargas,MG
ecc9f234-8afc-417c-a150-49d8ca04647b,Dr. Thiago Almeida,clara53@example.com,2024-04-22,Guerra,MS
aade6dcf-d85d-4997-b89e-fcee281ff3f7,Vinicius Dias,renanporto@example.com,2024-04-15,Pastor do Campo,MS
ec612557-71e9-4136-a608-48553f8a2da7,Dom da Luz,,2025-02-06,Cardoso,RJ
2e528561-b617-45d0-a9c3-e65e661a5188,Henry Macedo,pachecosophia@example.org,2024-04-09,Ribeiro,MG
7a279375-e963-4fde-b7e6-fb6d7cff0fcf,Luara Aragão,viniciusmartins@example.org,2024-02-17,Rodrigues,ES
503f4aff-f364-4781-886e-0648cc31d2ac,Juan Gonçalves,vitor-hugocunha@example.org,2024-07-20,da Rosa,RJ
7444c93b-7139-47e7-b80f-82d83536db03,Kamilly Pinto,albuquerqueoliver@example.com,2024-10-21,Gomes do Amparo,GO
b5b944d8-f0d3-4bc8-95be-73a9c1ea9f81,Laura Monteiro,costelamaria-julia@example.net,2023-10-23,Costela,AP
927ac15a-383d-4431-b5eb-b60403cc7487,Isadora Siqueira,leaodiego@example.net,2025-03-25,Caldeira,PB
05fecb31-bda8-4512-8c97-b3fb38b5b854,Maria Luísa Macedo,sda-cruz@example.com,2025-05-13,Pacheco das Flores,PI
06bdec96-d6a2-4483-872b-1fbb4e365e1e,Maria Júlia Porto,joao-vitor99@example.org,2025-04-09,Brito,MS
24ed28fa-2eb0-4bad-bb2d-c7b91e43d37e,Diego Macedo,sribeiro@example.com,2025-01-14,da Luz,ES
b4298f35-467a-426e-9fde-2e1b2ed8f12b,Yuri Ferreira,brocha@example.org,2025-02-04,Araújo,AL
7cb75318-7ee9-46d2-a6e8-36145925536d,Beatriz Santos,yago16@example.org,2025-09-09,Pereira,PI
56ffb497-52b3-4c85-bf2d-ad73a7d8775c,Vitor Gabriel Pereira,lferreira@example.org,2024-10-12,Andrade de Lima,ES
d0f754ca-e997-4c21-80c1-9c214f9ac938,Maria Luiza Alves,costelaasafe@example.com,2023-11-13,Alves Grande,AP
4b738f0c-cc32-4035-9ca1-812e91f1b5fb,Gael Cunha,yuri07@example.com,2024-06-06,Vargas,GO
0b0ce7bd-d7a1-40ba-849a-30caa5c8fc7b,Ana Cecília Almeida,kamilly07@example.com,2025-08-24,Siqueira de Azevedo,GO
2665a315-e6f2-42ab-b446-ba76944b73d7,Bárbara Casa Grande,lavinia51@example.com,2025-08-22,Rezende da Prata,CE
33bb0707-1020-4aae-9f5c-40097ff28b30,Kaique Caldeira,nicolesales@example.net,2025-08-18,Borges das Flores,AL
d29da1e1-81de-45de-b759-3aacd9b2b87c,Sara Rocha,lorenzofarias@example.com,2024-10-13,Jesus,RN
cca5974f-0099-46c5-bff1-76ca6741936e,Natália da Luz,sferreira@example.net,2024-09-29,Ferreira do Amparo,MT
bd2fca4a-8aae-4a96-9993-cf93b47dce1d,Ravy Marques,apollocosta@example.com,2023-11-13,da Conceição Grande,SP
9b48b573-70c7-496d-8112-a52c8125cfc7,Dra. Juliana Pires,julianaalbuquerque@example.org,2024-01-18,Cavalcanti,BA
df8e8710-972d-4aad-a86c-4c820119bb92,Maria Luísa da Mata,pedro-miguelrodrigues@example.com,2024-11-20,Oliveira do Amparo,PB
7f387542-596d-4511-8f16-e306ac910844,Mathias Casa Grande,isaac26@example.net,2023-10-16,Vieira,PR
1589531f-6137-422b-af16-1aec9362b670,Srta. Maria Luísa Pires,caldeiramilena@example.net,2025-04-10,Albuquerque,SC
297a0006-2fc3-4c64-be91-0cd5a1e9943a,Lucca Cavalcanti,samuel79@example.net,2024-12-19,Câmara do Oeste,RJ
c2a8815f-188b-4c22-a121-2857abc9a8ef,Sra. Maya Santos,lais02@example.org,2024-08-30,Alves Paulista,AM
a4e81b16-e3c1-494b-bd46-3d45265a770a,Sr. Pedro Azevedo,oliveiraana@example.org,2024-08-17,Gonçalves do Oeste,AL
f99b3838-a84f-4cab-805c-3b2680d4ac69,Dr. Yan Aragão,beatrizda-rosa@example.com,2024-11-15,Marques,SE
18c22733-c995-4175-8aab-d04d60775255,Diego Cavalcante,nnovais@example.net,2025-01-29,da Cruz da Mata,RS
4e70bc52-84ab-40c3-819a-828c84006b65,Joaquim Sales,yrocha@example.com,2024-06-06,Carvalho do Oeste,TO
c33a93b0-40f0-4552-98f6-6e1ec6940c6b,Lorenzo Silva,ppacheco@example.net,2024-12-06,Alves do Oeste,AL
b8516f6c-258c-4e78-aaad-d9fb4a3cf793,Marina da Mata,aliciada-conceicao@example.net,2025-01-11,Duarte do Galho,MT
574e95ce-edef-4ca8-b0c6-aaf3453e3b9d,Sr. Asafe Sá,alice91@example.com,2025-01-08,Moura,TO
431257c3-b671-421e-bddb-fc7035df95a6,Yan Ramos,nguerra@example.net,2024-10-03,Alves da Serra,AC
ff92e406-998b-4f49-a0bb-4ff265c9c4b7,Yasmin Moreira,stellarezende@example.com,2025-03-11,Ramos das Pedras,GO
b910a813-b49e-4ed1-9749-0a9e4e401869,Alana Pereira,sousajose-miguel@example.org,2025-09-15,Melo da Prata,MG
6fff2efb-594c-4afe-999d-a5167b831882,Sr. Theo Nunes,yago10@example.com,2025-08-25,Pereira do Galho,PI
534306c1-f67a-411c-a968-8a3d5208bf69,Manuella Cirino,rhavimendonca@example.com,2024-07-31,Lima,MS
e8e47218-5f09-4bc3-93cd-6f6b235d5232,Ester Leão,krios@example.com,2023-11-15,Silveira do Sul,SP
6c6fb9e9-8ae4-49cd-be74-1f764d9b00da,Sr. Arthur Gabriel Dias,pda-rocha@example.net,2023-11-18,Nascimento,DF
8df17cd8-10dd-4773-a351-aec629d5a6bb,Isaque Sales,macedoana-cecilia@example.net,2024-09-07,Almeida,DF
51da62fd-ef8a-4548-974b-1d98f6ff92ec,Henry Gabriel Teixeira,,2024-05-14,Vargas da Prata,PR
e7d221d6-161c-4848-8fa0-f1754928d460,Sr. Davi Miguel Barros,gmendonca@example.org,2025-05-06,Sá,ES
226bf173-bf9f-4853-9c20-3ce203f8db53,Lavínia Souza,zoe49@example.org,2024-09-15,Camargo,SE
d5cd0611-f25d-4aac-b58e-b29e2bc2acb7,Calebe Câmara,bianca85@example.net,2025-09-08,Rios,AM
86adc75a-08f9-4b73-846b-6dff56f243af,Alícia Andrade,ayllarocha@example.com,2025-02-25,Fonseca da Praia,SP
9df6fec1-ac90-4e21-9968-4f3797dfb81a,Yago Rezende,ateixeira@example.net,2025-06-07,Correia de Oliveira,MS
aa7009da-ab6f-41d0-bf9a-b533d5059397,Daniela Machado,ecorreia@example.com,2024-09-27,Vargas dos Dourados,AP
1e148d71-c9c6-4095-a252-c7bf97869cff,Srta. Gabriela Costa,viniciusnovais@example.org,2024-10-27,Mendonça das Flores,ES
b89e8b6c-f12b-49de-962c-404595258bef,Maria Liz Cardoso,manuella25@example.net,2024-07-25,da Mota,RN
501f2dea-9108-4d9a-b3da-2d0cb2c1f681,Nicole Porto,lorenasilva@example.com,2024-02-01,Abreu das Flores,TO
3e8fb7cb-ffc3-4eeb-be3c-8791810b554d,Sr. Rael Sousa,andradeana-luiza@example.com,2023-10-03,Pires das Pedras,RS
b95330f8-2fee-44cf-8095-dafa67da25f2,Asafe Vasconcelos,matteorocha@example.com,2023-11-23,da Mata,PA
841cc08f-3865-43d4-9732-d53020b69c0f,Heitor Peixoto,mariana05@example.com,2025-03-11,Oliveira do Campo,RS
b9dc770a-f831-4f80-b550-74f90991f0a7,Ayla Novaes,,2023-10-21,da Cunha Verde,MG
dce36601-0d94-41db-adcb-4cd5e23191e1,Clara da Costa,maria-eduardagomes@example.net,2025-03-20,Macedo de Pimenta,PR
8e746ca6-a896-4b3a-8a40-44b5561c7fdb,Manuella Fernandes,zvargas@example.com,2025-08-02,Moraes,PI
30547a36-d53e-4272-9151-d1d336d95e69,Sra. Jade Moura,alicemoura@example.net,2023-11-21,Freitas do Galho,AL
96872d72-5b7d-4eb9-b25d-e6f36ac2c304,Yasmin Jesus,ferreiraevelyn@example.org,2024-06-13,Dias,PB
b582f7f9-ad0c-48ad-be5d-00682ab1983c,Lucca Farias,kfernandes@example.org,2024-11-01,Costela,SC
19a126cc-7a07-48b3-b8cf-4a7c26bd9a42,Igor Oliveira,ypacheco@example.org,2024-05-25,Nascimento,MG
49b909bf-8c1d-48ed-a714-53bebca4dcd0,Yasmin Farias,goncalvesgael-henrique@example.org,2025-02-18,da Rosa Verde,MG
120155f8-e328-4111-8f29-1f1cef49ea7d,Caleb Sá,carvalhoeduardo@example.org,2024-04-24,Mendonça,MG
e2b6fe38-ce07-4833-87c3-b6acdf6829ee,Otto da Paz,maite53@example.net,2023-11-03,Aparecida,PE
c7b9e32a-b0dc-4f4a-a636-3938d6f3ea98,Luiz Miguel Novaes,antonyalves@example.com,2024-04-07,da Mata Grande,CE
c75832c2-8f90-411f-9745-cbcb926445bc,Leandro Castro,silvaluiz-otavio@example.com,2025-01-13,Fernandes,AL
,Aurora Marques,matteocastro@example.net,2025-04-10,Pinto do Amparo,SE
85c03615-d05e-4b42-8a4c-eb39b8a2079b,Maria Isis Alves,isabelnovais@example.net,2024-07-11,Cardoso,AL
15ca3db4-6c78-4522-8daf-b1941201aa5a,Isabela Machado,garciamariah@example.org,2025-04-22,Pinto,RO
289e951a-2c11-4fea-a859-b1da937d6418,Sophia Vasconcelos,luisa41@example.org,2023-09-24,Barros,RJ
5a35fc2f-75aa-45bd-9fe9-4a4287f7ca81,Emanuelly Moreira,da-pazjose-miguel@example.org,2024-03-09,Oliveira,PI
d3ea3012-7724-4ebd-850a-b4cc27628725,Sr. Otto Freitas,borgescaio@example.com,2025-02-22,Novais,RN
950d33c8-7cc6-4968-8586-7c436b0071f5,Maria Eduarda Peixoto,cavalcantimaria-julia@example.org,2024-05-27,Costa Verde,SP
cc04b892-17dd-4920-bf0f-2e6fb2e07b79,Dr. Gabriel Pereira,isabellada-conceicao@example.com,2024-10-04,Oliveira,MT
8c4a1c33-24e3-4e06-aa66-ec01efe9c168,Giovanna Araújo,rsales@example.net,2024-08-30,Cassiano,MA
b228f9c6-5b4b-4d47-95ed-798d9efab47a,Daniela Peixoto,noaholiveira@example.net,2023-10-02,Oliveira,TO
eeaf9a48-fec5-498d-b98b-76cf82aa239c,Luigi Souza,fernandesvitoria@example.org,2025-09-16,Duarte de Rios,SC
b67eccb2-f3f4-4c6e-a25e-823df6b6569d,Dr. Vitor Hugo Rocha,,2024-07-02,Cirino,AP
26be93f9-a5f7-4b00-b0f9-d5afa512ee6f,Srta. Cecilia da Mota,calebmelo@example.com,2025-02-26,Mendes,AL
f95a8b2a-a024-4145-83f8-d83623f68aee,Dra. Emanuelly Machado,mirella47@example.net,2024-12-22,Barbosa,MS
4b10503d-61b5-481e-aa80-28e370d85406,Letícia Moreira,isaque11@example.net,2024-12-12,Sousa da Praia,SC
8c6d2721-a44c-4c46-a456-d0376e86deb2,Dra. Ana Carolina Casa Grande,kpereira@example.com,2025-06-10,Pereira de Sampaio,GO
2689f837-0e9f-40e3-b836-187d57408443,Dra. Sofia Marques,santosdavi-lucca@example.net,2025-04-17,Barbosa de Guerra,RS
71360171-84b1-4dea-9058-4d9487365d20,Sr. Francisco da Rocha,daniela72@example.net,2025-06-12,Camargo,RS
01f277fa-9775-4168-aae0-cca865b417f6,Davi Luiz da Conceição,nicolas07@example.com,2024-05-06,da Rosa dos Dourados,PE
226fe605-41f6-4120-9808-6ad7dae447e5,João Felipe Novais,barbara10@example.com,2024-07-16,da Mota de Lima,PB
4c1eefda-cff8-4e2c-9182-c2246e030cc3,Srta. Mariah Barbosa,jesusluiz-gustavo@example.net,2025-01-11,Borges Alegre,SE
c4baf19c-f1a0-4192-98ec-466bfab73592,Daniela Andrade,,2024-01-05,Gomes do Norte,RO
a6656f97-9be8-4091-8814-7ce1e7b4ab57,Anthony Santos,juliana06@example.org,2024-12-27,Viana das Pedras,AM
2ca547b8-7b7d-4393-adfe-d14d40ee579c,Maya Lima,juliasilveira@example.net,2024-12-24,da Rosa,CE
dea30e2e-3db8-4f6a-a0d4-f3b63ba156cd,Vinícius Borges,luiza25@example.net,2023-12-15,Fonseca dos Dourados,RS
6fe3443f-162e-49e3-a19e-2cd91bd732dc,Maria Luísa Lima,jose54@example.com,2024-06-13,Teixeira das Flores,RS
c763c2cf-8004-4f9e-8f34-214ef517609a,Sarah Oliveira,barbosakevin@example.org,2025-05-05,Moreira,PB
da9f6e34-0941-46ef-84c4-b492aa836896,Ana Carolina Silva,,2024-10-29,Costela,SP
b28524ab-f27a-4310-a3bf-00acc0525c2d,Vitor Gabriel Oliveira,luiz-henriquejesus@example.net,2024-05-18,da Luz de Camargo,AM
51501c0b-c7bd-4bbc-a344-ec84642739af,Eloah Dias,emanuellacarvalho@example.com,2024-03-22,Azevedo Paulista,SP
ef9c4ce3-c701-499b-9a2f-62c919acccc4,Bárbara Garcia,barbosaana@example.org,2024-08-23,da Paz,RO
2d2947e7-b2d2-4137-905b-f01ad264be6f,Luiz Fernando Melo,laura01@example.net,2023-12-24,Sá,BA
4306ffed-81fe-4a6f-8f2b-4646f273d173,João Guilherme Ramos,garciajoao-pedro@example.org,2023-10-11,Câmara de Sampaio,AL
e1cc82b8-2ce4-4799-8e92-2c30d651bc4e,Alexandre Lopes,da-matafernando@example.net,2025-05-09,Lopes,RS
9fd0dd4f-a402-459d-b7a3-d33d73267bde,Felipe Ribeiro,maria-cecilia27@example.net,2023-10-01,da Conceição,RR
420230e5-76df-4846-8a97-52e01adb3869,Pietro Fernandes,fariasfernando@example.com,2024-03-26,Moraes,AL
00cd63f5-e47a-4bf0-b25f-376101b2b16f,Daniela Rocha,moreiramilena@example.net,2025-02-12,Casa Grande,GO
bd3ac8dd-749b-4fcd-b4b3-8224f5147147,Josué Souza,manuellavieira@example.com,2024-09-24,Castro de Minas,TO
040dd95c-4efd-402b-9802-81c1275c2255,Sra. Bianca Ribeiro,qguerra@example.net,2023-10-27,Nogueira,GO
477d612c-89d8-4f34-98e6-ddb5642024cc,Aurora Cunha,rlopes@example.net,2023-10-28,Cirino,AC
6cf71914-ecbe-43c0-bda4-8711213a32ce,Maria Luiza Aragão,ravi31@example.com,2025-07-07,Camargo,RS
72e65f55-7965-4cb8-9eb0-15b1afb95df9,Pedro Sampaio,emanuellasantos@example.net,2023-09-23,Caldeira de Jesus,SP
b2d05b78-d86e-43fa-8e24-fbd4f813231e,Clara Machado,scasa-grande@example.org,2025-08-23,da Conceição do Campo,SC
492d2f92-c3d6-4893-b6aa-f3d9701414bd,Sr. Dante da Rosa,cassianoluan@example.com,2023-12-17,Cavalcanti da Mata,MS
1cfa2f13-4110-478b-9ee1-c79f57cf6187,Letícia Montenegro,jaderocha@example.org,2024-04-08,Cavalcante Verde,CE
045284f2-5d36-4441-86e9-de28654c8f10,Vitor Hugo Cirino,lramos@example.com,2024-09-22,Camargo das Pedras,PI
34396504-09c7-43b5-8785-b8a2d2621dde,Dr. Otto Carvalho,agoncalves@example.net,2025-08-06,Oliveira da Praia,AL
4937dd6c-7c51-40a5-934f-55ea11dd7182,Valentim Almeida,sda-conceicao@example.com,2023-11-24,Freitas,RN
b63359bf-0df9-459b-baeb-9d3e3fc5405b,Mariane Sá,jade57@example.net,2025-02-15,Costa,MG
e7085fbb-1839-47e5-aa69-91f9161f6b42,Luiza da Cunha,luiz-miguelabreu@example.net,2025-06-12,Costela,RS
768d164a-3018-4261-9106-4419111dbfb0,Amanda Sampaio,matteo59@example.com,2024-08-14,Barros,PB
ccc8ea73-dce6-4968-8bf7-3e27b6f34d11,Gabrielly Alves,jose-miguel40@example.org,2024-03-21,Barbosa Alegre,GO
b5f8a2bd-9b27-4010-92cb-2c7bcb115c17,Nina da Conceição,britokamilly@example.org,2023-10-30,Cirino Verde,RJ
9702b230-df7e-4753-80b2-e5b1dbb5b379,Apollo Oliveira,tribeiro@example.net,2025-06-13,Aparecida da Praia,PI
eeb7e5eb-fd7a-4c88-ad6a-12d0280e6a59,Srta. Nina Fogaça,znovais@example.com,2024-12-15,Rios,TO
3dadfab2-1da2-4395-b227-14b1ab4a5713,Jade da Luz,vmacedo@example.com,2024-05-21,Rezende,PA
d8d695a7-f0eb-4370-891c-619a04a6b1cb,Cauê Pacheco,castrosamuel@example.com,2025-02-21,Teixeira dos Dourados,PR
1f10ac74-343d-42ea-a036-ecc340f56cb3,Marcela Rezende,eduarda95@example.com,2024-10-09,Machado do Amparo,PR
b44a397c-865b-489c-9b96-e8d8e661acc9,Gabrielly Aragão,alana52@example.net,2024-06-07,Nunes Alegre,SE
1725854d-18a7-4858-bf12-d5d7b25c5295,Dra. Mirella Nascimento,jpacheco@example.net,2024-01-05,das Neves dos Dourados,AL
e3743c00-460d-423d-8c74-2225e63a619b,Maria Alice Borges,alicia83@example.com,2025-01-16,da Costa,RJ
3b483fff-c5be-43f9-90ad-9c9acd1ab114,Lunna Cardoso,helena87@example.com,2024-09-02,Campos Grande,PA
e73a1488-5dcb-424b-b875-f39e5b5682e4,Yasmin Araújo,cecilianovais@example.net,2025-02-22,Santos do Sul,RN
2554f5a7-415d-4441-b613-972494bda5e2,Henry Gabriel Costela,isabelly36@example.org,2024-03-23,Sá,AP
7b7b5aae-0201-4b4e-8dd8-6da9e8abf827,Dra. Heloisa Casa Grande,eloa44@example.com,2023-10-06,Abreu,SC
14d4473e-81d2-4223-a51a-30ee4a72c8ab,Dra. Giovanna Vieira,hdias@example.org,2024-07-27,Albuquerque,RS
4cdf281f-6449-499f-bd21-6a91d72652a9,Nathan da Conceição,valentinacosta@example.net,2025-09-04,Viana,PI
edb81a14-5fa2-41e8-80e3-dd122ff3477d,João Pedro Guerra,zoe20@example.org,2025-09-03,Campos,AM
2eadedde-5d22-4492-8875-1855fdcaa4d9,Srta. Isabelly Rezende,camposraquel@example.org,2023-10-12,Cardoso de Lopes,SP
fc4195bd-9fa6-4b12-a01f-a2a33177be01,Calebe Borges,,2024-02-19,Gonçalves do Galho,ES
56afbf7e-0182-4eb4-ab9a-2a8d9c30518f,Heloisa Sales,brenofogaca@example.org,2024-07-22,Fogaça,MS
a28050bc-8645-4c71-b806-9d61d63b7bb0,Davi Lucas Nogueira,leandrofogaca@example.com,2024-02-18,Cavalcanti,GO
3338b18a-2431-4156-898c-00c8fc76bdb6,Evelyn Santos,augustoferreira@example.org,2024-04-30,da Luz,MT
6bfb4717-84c1-48a1-9493-25c950c2102a,Luara Freitas,macedolarissa@example.net,2025-07-25,Costela,MG
0fd76199-2014-4b2c-ba38-1a0181c0ab34,Rael Azevedo,ana94@example.com,2024-03-30,da Costa,AM
17cd9a25-44d8-4d3f-9479-a750a62cd525,Maria Macedo,isabela53@example.net,2025-05-07,da Rocha do Sul,BA
ee6d7778-d5b0-421b-80b6-290605417ed7,Dra. Maria Vitória Vieira,theocasa-grande@example.com,2023-10-19,Vasconcelos da Mata,PE
73df59b3-008b-4904-bfc6-be18a5fb950e,Marcos Vinicius Pacheco,fernandesbruno@example.org,2025-01-28,da Rosa,MT
05ccc9af-c9ba-47d9-8ba5-9293d652f67b,Murilo Araújo,da-motarhavi@example.net,2025-03-04,Porto do Sul,PA
12b76439-0041-480e-9779-bbb9dad1a404,Bruno Abreu,liam34@example.net,2024-03-03,Leão do Campo,PE
5eb0d432-43aa-448d-b34e-a12ae715ef87,Ana Laura Fernandes,britovicente@example.net,2024-07-02,Peixoto das Flores,ES
9b836c1e-089a-4c44-9561-89326e5b5c57,Antonella Vieira,eduardo51@example.com,2023-12-10,Camargo Grande,MS
6fe64cc9-7f3f-4389-99fa-adf0b727f560,Clara Camargo,lmonteiro@example.com,2025-05-07,Ramos Paulista,BA
13017e44-ad30-42e8-b9f3-424322da615a,Danilo Costa,helenapires@example.com,2024-09-11,Brito do Sul,ES
2fdf1b7e-b4ba-4fe3-9d13-6cdc27b15c27,Enrico Moura,caroline12@example.com,2024-05-12,Sampaio de da Mata,RR
df08ba41-3071-4799-83ca-1cb5344bd3da,Eduardo Melo,isabelacampos@example.com,2025-02-01,Sá do Amparo,RO
a8e4a8ae-c928-4798-a5ab-1acf96e2ab0b,Carolina Castro,icastro@example.net,2025-03-31,das Neves,AL
4ae11a63-23b2-4a01-bd2a-7614a0b21156,João Pacheco,rodrigoda-mota@example.org,2024-08-15,Cardoso de Camargo,MT
8a0c981e-69d9-4881-9056-72f841ac7b4c,Fernanda Almeida,eloa50@example.com,2025-01-07,da Rocha de Almeida,AP
fbce5685-26c8-4a27-b750-1b4247ba29ed,Liam da Rocha,isisdas-neves@example.com,2025-06-14,Castro de da Rosa,PI
9f01cba5-8f30-41e3-ae9e-d98a44c9945e,José Miguel da Rocha,azevedorebeca@example.org,2025-04-06,Albuquerque de Monteiro,TO
0c223bfa-7b59-497f-9c36-a579ea4a8b8f,Pedro Miguel Castro,yuricastro@example.net,2024-03-11,Peixoto,MS
aae57cb1-b9df-47ae-9098-5c96c4adefe6,Dr. João Pedro Casa Grande,alanajesus@example.org,2025-09-03,Santos de Cunha,SE
26360d30-e001-4e25-9bf9-f26c860f7703,Ian Pastor,,2024-09-02,Sales,MA
68036071-ec09-4cbf-92bc-4b1eaadd634f,Marcelo Andrade,laisporto@example.org,2024-01-30,Barbosa dos Dourados,PI
f40170f0-14a3-4009-8a34-a9634345d8eb,Maria Julia Teixeira,oliver27@example.net,2025-03-03,Sales,ES
ff0a5024-66da-4d28-a0a2-22c12718e44a,Eduardo Nunes,rafaela29@example.com,2025-08-23,Sá,PB
0454e7dd-4790-48e0-82ef-76f4ee132108,Maria Cecília Porto,maria-isisfreitas@example.net,2024-03-17,da Mata Grande,RS
,Maria Flor Aragão,alana34@example.net,2024-09-10,Barros de Minas,PR
0fbdb752-e3e9-4c36-94a7-bc2c4cedc2b4,Camila Vieira,ybarros@example.com,2023-12-24,da Luz,RJ
9d950457-b627-4302-bee5-6f9d1a2409e8,Anthony Viana,ana-vitoria77@example.net,2025-05-10,Mendonça do Amparo,RN
d03b05c0-c4aa-4929-8522-ce261c5c4324,Dr. Vinicius Leão,da-rochatheodoro@example.net,2023-12-28,Sales,MA
5de6ad5a-0bb8-4fbf-ba07-b764ecd2be2b,Leandro Cunha,bsilveira@example.net,2025-08-18,Sales Paulista,AP
727ac686-1afc-4ca7-88cf-8d9cb60acac3,Milena Cirino,sophiemontenegro@example.com,2025-04-19,Farias do Amparo,PA
351dbec1-53fb-45d5-a352-9ac16691d6a5,Dr. Benicio Jesus,isabelamoraes@example.org,2025-03-02,Fernandes,SE
9c5f0a13-3f8e-45cc-8981-e4ab318ce4c9,Dra. Alana Porto,ofarias@example.net,2024-02-17,Ribeiro do Norte,PI
15f008dc-b279-4d49-91a4-e88a9af5beee,Sra. Melissa Azevedo,zsilveira@example.org,2024-10-31,Sales da Serra,CE
edc80569-6010-4d9c-9b7b-5f94f621c3ec,Rebeca Pastor,danilo47@example.org,2024-10-07,da Conceição,GO
3df4e227-73a6-4d36-aba2-7969371769e7,Alícia Araújo,nsiqueira@example.net,2024-07-14,Leão da Praia,RO
f5aada0e-6314-4bbb-8b30-e0ac8cf55b16,Luiz Otávio Silva,olivia14@example.org,2024-09-16,Pimenta,MG
73c54d9b-e320-46d9-8f61-8a8a75157dff,Anthony Gabriel Pastor,ysousa@example.org,2024-02-26,Brito do Oeste,MS
,Sr. João Lucas da Paz,cazevedo@example.org,2025-02-23,Fogaça das Flores,RS
4cdee2f6-fdf0-4cd9-8f1a-173fe64d3aa9,Antonella Moura,nina00@example.net,2024-07-28,Lima do Galho,RS
07833abb-efe5-4ec4-a398-799b074c2479,Sr. Davi Pastor,maria-florda-luz@example.net,2025-07-27,Martins,PR
,João Miguel Carvalho,ana-luiza39@example.com,2024-07-11,Freitas da Praia,MS
2dfc69a9-2e19-4488-90ff-a8f4f81b2223,Luiz Fernando Monteiro,kmonteiro@example.org,2024-02-09,Macedo do Amparo,MG
a71d8818-9735-4ff9-b694-2fe68a9c8fcf,Ayla Abreu,znogueira@example.net,2024-10-04,Melo,AC
eb120368-11bc-43eb-8ed0-0aa92b2f57dd,Léo da Costa,lda-paz@example.org,2025-02-05,Abreu de Alves,SC
37d3a829-37fe-456e-b9c8-06024d40d349,Gabrielly Cirino,joao-vitorcardoso@example.org,2023-11-19,Pereira,DF
0aab5d40-c424-4fff-8dbf-973929c1221f,Ana Rocha,wbrito@example.net,2024-11-26,Almeida do Campo,MG
446292ee-703b-4af2-9455-a7b89beaf64f,Ravy Farias,vitor61@example.org,2025-06-03,Moura,PI
639ec3c4-007f-4f93-bd4b-1f05ade48911,Guilherme Martins,qmelo@example.org,2024-10-01,Dias da Prata,PR
cbdf0f8c-0261-4e4d-bd2e-7f84bfe04756,Davi Lucca Cirino,,2025-06-21,Costa,RR
790d301a-e2ea-43c6-bce6-ddaadc0160aa,Srta. Stella Almeida,clima@example.org,2025-04-15,Marques Paulista,PI
e1b761e3-0b4f-47a3-9d27-919c064c0ff7,Thales Cassiano,davi-lucas63@example.com,2025-03-15,das Neves,BA
d680aa8a-4b8c-471d-8b87-277dae893779,Sabrina Leão,diasemilly@example.org,2024-10-11,Alves de Minas,MA
2bf978f2-e2c2-4c3d-ba25-d4c17999b914,Emilly Nunes,pedro-henriquedas-neves@example.net,2024-10-27,Fonseca de Borges,ES
6423d26f-9545-4e32-8932-3614d4acad9d,Nicolas Moura,maria-vitoriasilveira@example.com,2024-10-26,da Rocha,MT
558c280a-5b96-4879-afe8-c9697063f348,Maria Liz Cavalcanti,joao-vitormacedo@example.org,2024-12-25,Vargas da Serra,MS
7450c885-1011-4885-b74b-7c15b0608227,Carlos Eduardo Alves,ryansantos@example.com,2024-12-25,Azevedo,SP
4f6448eb-dfa3-4a87-a05e-e45c67a9eddb,Dra. Eloá Novaes,souzathiago@example.net,2025-04-29,da Cruz de Minas,GO
e02e3ddd-ea47-4668-b4cd-2bd095b8cfdd,Nina Correia,hcorreia@example.net,2025-04-27,Cirino de Azevedo,RR
dbcb4b4d-526a-4773-9884-fac1d90a03c2,Dr. Ravy da Rosa,icamara@example.net,2023-11-17,Pacheco do Oeste,ES
b9de3cd1-3d36-4bef-b205-7b2960fdecab,Ana Liz da Rocha,gabrielcamargo@example.net,2025-03-13,Gonçalves,RJ
e50b9be3-8899-41fb-a225-22319f44d4db,Ana Laura Sampaio,mathiasaraujo@example.org,2024-01-12,Viana do Campo,CE
71577332-6fdf-4d5f-aded-31b99ca3c641,Kevin Rios,casa-grandeisis@example.com,2024-05-08,Rodrigues Paulista,SE
7317359c-96ba-4a5e-8d1a-06cc4047fffe,Erick Fernandes,augustovieira@example.org,2024-03-16,Novaes,AP
e5c05b6d-a476-4767-be12-209669d1bb95,Danilo Silveira,maya87@example.org,2024-02-07,Moreira de Macedo,GO
acbf69f8-37ef-4830-b430-47d591d7886b,Maria Clara da Mata,souzabeatriz@example.net,2024-01-24,Pacheco Alegre,GO
0addf613-791a-47bb-95d7-fef9ccbc79e7,Maria Luiza Oliveira,carlos-eduardoda-mota@example.org,2025-04-27,Pereira de Lopes,MA
bbf68845-e643-4aa8-ba26-aa02f3d540ef,Stella Campos,pmoraes@example.com,2024-09-21,Peixoto do Norte,RJ
5c643438-f4f3-426e-9e20-810b913affa2,Hellena Borges,fmelo@example.org,2024-06-26,da Cunha,PE
4ca93800-1b19-44d2-9ae5-052640b63423,Isaque Pastor,epacheco@example.net,2024-04-21,Monteiro,DF
5753e336-59d4-4315-83f9-3dedf778541e,Maria Julia Duarte,ana-luizacarvalho@example.org,2025-05-31,Garcia,PR
67cd103a-84ca-4d73-b694-a0affa75f76e,Srta. Nina Viana,uda-cunha@example.net,2024-11-09,Fonseca Verde,RO
12d07d67-031a-4e39-b18c-f9cb2fa42b71,Maria Leão,,2023-11-25,Mendes,PA
f5f4f4b5-6953-457a-98f7-3789e70ddb5a,Camila Sousa,diasemilly@example.org,2024-02-19,Garcia,ES
,Bárbara Pastor,ana-liviarodrigues@example.org,2024-11-17,Cirino,PI
1cef20c8-3877-40f3-ad0c-592e0469602a,Dr. Renan Moreira,anthonycostela@example.net,2025-04-30,Novais da Prata,PI
92532899-5b17-4641-9710-c05cd644abdb,Murilo Fernandes,vcosta@example.org,2025-07-12,Ribeiro de Minas,GO
babbe3e6-b43c-4692-9168-3836fa900914,Gabrielly da Mota,da-rochamarina@example.org,2025-02-21,da Conceição,PA
8b19506a-0441-4f11-af61-1345c43b7cbd,Yan Monteiro,halbuquerque@example.net,2025-06-03,Ribeiro,RR
135bc6f5-c4da-4ccd-95d5-5cbb8323fb45,Dr. João Guilherme Araújo,,2024-12-27,Campos de Garcia,AP
46c56d07-e943-4b15-be94-eef4d5d7ac35,Dr. Caio Cardoso,henry-gabriel95@example.org,2024-04-25,Martins,BA
8478492c-a877-4c44-b4ee-3567ec8847bc,Anthony Freitas,,2023-12-12,da Rosa,AP
d06112ec-27da-4082-881f-74347fc750dc,Sra. Clarice Pires,mathias30@example.com,2024-04-03,Carvalho de Goiás,SP
b9074acf-1d7a-4929-b5cb-275b89c9fc73,Bryan Lopes,benjamim91@example.net,2024-08-15,Melo das Flores,AM
e389147c-564c-45b3-bb4f-5ad2a317308b,João da Rocha,malmeida@example.com,2025-09-04,Gonçalves,MG
111df3fd-e1b2-460e-9b2b-b9cf08ad7bba,Ian Correia,yasmincirino@example.com,2025-02-20,Fernandes,RJ
46456c39-a32c-47a7-bc37-120452e5e0d8,Lorena Novais,juan41@example.com,2024-02-29,Costela Grande,DF
4d81e04c-275b-457c-9730-851c7caa5e14,Luiz Felipe Pacheco,camargobento@example.net,2024-03-06,Pereira,PR
,Rafaela Borges,joana92@example.net,2025-09-01,Vargas,AC
31210241-00a4-4c3e-9bc5-a32c93cc9325,Letícia Silveira,daniela57@example.org,2025-03-27,Carvalho,SP
e63389c6-223b-465e-b11e-7c0638c3bf01,Dra. Zoe Fogaça,pimentamaria-fernanda@example.org,2024-10-04,Correia do Norte,CE
bee7f0bb-f579-4ada-8486-f741cbf82a63,Luiz Fernando Gomes,lopesmaria-cecilia@example.net,2025-04-06,Mendes,MG
2c9b8185-cf47-4634-82f1-2a48226e51c0,Ian Peixoto,,2024-05-01,da Costa,MA
cf5c2b18-e369-44c5-8b23-0f04be05aca5,Maria Vitória Camargo,novaisdavi-luiz@example.com,2024-01-14,Teixeira,SC
79e3e7d9-985f-43c5-a52c-3a910d991921,Joana Sousa,ndas-neves@example.net,2024-09-09,Alves,AM
7b8d60b6-9e9f-49de-b21e-ccf46e673136,Dr. Calebe da Rosa,pietraalves@example.org,2024-11-14,Moura,RN
ecf609e2-90b1-4edb-808d-d33826d559b0,Thales Marques,mcirino@example.net,2025-03-16,Castro do Sul,RR
7fbcbf77-425a-49dd-911c-84716f11bf7d,Melina da Conceição,maria-luisa88@example.org,2024-05-13,Gonçalves da Serra,AP
91216d62-cee7-4c81-9144-41847fb256e2,Lívia Sá,jesustheo@example.org,2024-11-21,da Luz,RN
86e522ab-6ec4-48e8-8488-896f3ef65fe3,Bernardo Alves,ana56@example.net,2025-06-17,Nascimento da Praia,SC
42c9f679-bf07-4ddf-8280-950a2657b739,Marina Cardoso,da-cruzgustavo@example.net,2024-06-14,Garcia do Campo,SC
f3203801-bb6c-4307-a405-f5866abd6774,Brenda Ferreira,ana-sophiamontenegro@example.com,2024-08-31,Gonçalves,RO
bbe0605d-00de-480a-bc20-823009c56021,Léo Pires,tgomes@example.org,2023-12-11,Cunha do Galho,MT
9c925841-e47b-4f99-b217-1dd79639087e,André Castro,leandro83@example.com,2023-12-31,Costela,RJ
29215b2f-6630-45e3-8600-458e161c9fa5,Josué Cavalcanti,davi-luccacirino@example.com,2024-11-10,Lopes do Norte,ES
e88f7368-709e-411a-8ea6-6541f5abacd8,Dr. Dante Pereira,theoda-mata@example.com,2025-01-14,Gonçalves do Oeste,AP
ac0d8404-05b6-44b5-8848-2419efe0a41c,Vitor Hugo Pacheco,salesisaque@example.org,2025-05-29,Aparecida Paulista,SE
96f3337f-542a-459f-ab98-038dac2d8dbb,Sra. Esther Cunha,larissaoliveira@example.org,2025-01-14,Silva de Rocha,PI
a20737c1-c9f4-4909-93f7-54da260b59d0,Lara Pacheco,paulo73@example.net,2025-09-01,Cunha das Flores,PE
b736d950-0147-4fcb-a115-812c5ceef6c2,Danilo Novais,borgesmarcelo@example.net,2025-02-18,Moraes Grande,AC
eeb7b2b1-1759-4d69-bfd8-beb29b73ab5e,Dra. Emanuella Aragão,leo06@example.com,2024-09-26,Montenegro do Galho,GO
668e794f-92cb-4dd7-a51c-eeacf53c0cee,Manuella Cunha,ramosyan@example.org,2025-08-01,Pastor,PA
fa5c05d7-1305-4580-8ed3-f9ee233c48cc,Sr. Pedro Lucas Viana,maria-claramachado@example.org,2024-10-04,Barbosa do Galho,CE
0b27b8b7-feb2-4ad9-9fa2-68028b4b9546,Daniel Lopes,ycavalcanti@example.org,2025-03-27,Duarte,MT
eb03ca54-739e-4099-8496-733e0955aee0,Bernardo Andrade,thiagocaldeira@example.com,2025-04-20,Gomes,MA
f745c85a-cda1-4fd7-9ee2-5241f0288cd2,André Gomes,da-luzemanuella@example.net,2024-02-29,Lima,TO
d1dc5756-9051-4269-982c-1e2611a14786,Dante da Cruz,ssantos@example.com,2025-08-05,Fernandes do Norte,AL
f0eddf06-9d03-4a5a-b0ec-c43d13eaae03,Stephany da Cruz,esthernascimento@example.org,2025-07-09,da Rocha,AC
e1266b1d-fa95-406e-808a-c2aa102ef09c,Davi Lucas Cirino,ssouza@example.org,2025-05-17,Fernandes,MT
71304489-64a4-40f3-bb7d-bba26508d056,Ester Ribeiro,ana-vitoria57@example.net,2024-11-03,Correia,RN
b6e555f6-fa38-4d0d-95d1-9fafeaf149da,Clarice Duarte,benicio78@example.net,2023-12-12,Vieira dos Dourados,RS
a823b4ca-b1eb-425b-82c9-a4d904e87cba,Gustavo Peixoto,vferreira@example.org,2023-10-26,Mendonça do Oeste,AC
0a8339ca-e4fb-49ad-9eb9-78d0e2c10618,Maria Luiza Costela,fariasfernanda@example.org,2025-08-28,da Mata Grande,AC
70a19a25-2d7a-4409-925b-f0f98e00503c,Mariana Nascimento,kandrade@example.org,2023-10-16,Novais,SE
9599bd23-95ff-49d3-a1ba-b5be664081fb,Kevin Moura,nporto@example.net,2025-08-09,Nunes de da Rocha,PB
84654c88-a778-4874-b109-86b45f65ef43,Antonella Aragão,macedocaleb@example.org,2025-03-24,Silveira,AP
88df0371-9ffb-4c86-9c87-f4bc64fcbbf7,Lunna Farias,wsampaio@example.org,2024-09-09,Melo,RN
aac7690d-0b82-4f64-8b1d-c6f5ce089b05,Ryan Câmara,barbarapimenta@example.org,2025-08-01,Machado de Goiás,MG
b7597e73-e13d-48ac-8a04-b5aa346dc972,Sr. Renan Ramos,ipastor@example.net,2024-09-29,da Mata do Amparo,RO
32859650-c5cc-4cd0-9a7b-6d054f9e528b,Melissa da Costa,garciaraquel@example.com,2023-10-30,Nascimento,RN
9ac264ae-715c-4b04-9ddc-ddb3c74bdfb4,Sra. Luara Gonçalves,sophiecunha@example.com,2023-10-11,Pacheco,PA
d918bb4c-32f4-4396-a205-66d9cc8672eb,Oliver Aragão,jose-pedro84@example.net,2025-01-15,Abreu da Praia,SP
3f92739b-fe88-4257-833d-146003244750,Dra. Maria Júlia Leão,maysasousa@example.com,2024-09-05,Pacheco,MG
324e06b3-8713-4f7d-b341-c52125d008f1,Fernando Fogaça,almeidafernanda@example.org,2024-08-30,Novais do Campo,MT
95e2f7c8-4fe2-4685-820f-ebce6e05194d,Dr. Cauã Cirino,qsilva@example.com,2024-08-18,Costa,MS
0a0577fd-b85e-47a8-8fd8-656d606c5408,Dra. Joana Guerra,ydas-neves@example.org,2024-09-25,Cassiano Grande,PI
71936789-e93a-41fd-97f4-58b50a3abf79,Ana Lívia Teixeira,epinto@example.net,2024-06-25,Costa das Pedras,AC
ded0097d-d7fc-45cb-badb-99a0bb34147f,Lucca Moraes,araujolarissa@example.net,2024-09-14,Azevedo Verde,RJ
ae68e0f0-d7e8-46e6-a161-fd57536f45cf,Larissa Machado,jmonteiro@example.net,2024-08-05,Monteiro,RO
118917c0-8db1-4165-b951-8645706a4e6e,Dr. Antônio Santos,malmeida@example.org,2025-09-08,Nogueira,SP
f17bade4-1a31-4d6e-9dac-2545c49167d4,Bernardo Casa Grande,fariasnina@example.com,2025-04-15,Cassiano,AP
bee41623-76cb-4c69-8388-f70a672bee76,Alexia Cardoso,muriloviana@example.org,2024-08-01,Almeida,SP
a3a5fe8d-ebde-4ad6-8a6e-356f1d824576,Anthony Silveira,maria-florrezende@example.net,2023-12-14,Freitas Paulista,RR
ede3cb29-8d11-459c-ba38-8341d27d04d6,Srta. Luna da Conceição,caroline78@example.net,2025-04-10,Moura do Norte,SC
d102fa64-f4f2-413d-b6fc-8b8766962547,Francisco Sá,xgomes@example.net,2024-05-15,Almeida,BA
aaef165e-795d-475e-bea6-b163db9e1012,Raquel Fogaça,melinasa@example.com,2024-04-10,Freitas,DF
ca534ba3-d8e1-49d2-abd1-76aada1a1c35,Sra. Alexia Mendes,britoian@example.org,2024-09-26,Camargo,AL
847b2ec4-b2f2-4d7c-84f6-ede055ddd45e,Dr. Brayan Moraes,joao-vitor19@example.org,2024-05-04,Cassiano do Sul,RR
35e57b4c-fea2-4760-907f-6fdcf94f4444,Luiz Otávio Pastor,pimentaarthur@example.com,2024-08-21,Vasconcelos da Praia,PR
cfe1cb11-e05b-43e6-b18f-15a45e6068e6,Cauê da Paz,xcirino@example.net,2023-11-02,Moura de Goiás,TO
84a70675-d912-4c55-a51c-158e809f9067,Otávio Fogaça,davi-luiz35@example.com,2025-01-08,Fonseca,MT
6da3b35f-ed96-4c0a-b93c-b876eca3e1af,Felipe Montenegro,vasconcelosayla@example.com,2024-04-05,Almeida,RO
0cd6db5f-4939-4d9e-8d1a-d3b40ee79b74,Sra. Maria Luiza da Mota,agathanovais@example.net,2025-07-16,Pereira de Minas,MA
b1fee64b-88df-4618-9d89-8980434b162d,Dr. Lorenzo da Rocha,francisco62@example.org,2023-11-08,Santos,AP
4d9c42a3-ce42-4916-849a-de2ea177f24b,Fernando Duarte,camaralevi@example.org,2024-11-14,Caldeira das Pedras,PA
b394ef3d-0e2c-4cea-9101-9312843a04be,Sra. Giovanna Machado,orodrigues@example.net,2025-06-03,da Cruz,RN
c8cd59cb-8923-4db0-8aee-58e5d4e6c2c5,Vitor Dias,ryanda-rocha@example.com,2024-11-28,Marques,PI
eff1119d-9259-48b8-a5e4-2f4f5685285e,Laís Albuquerque,nrocha@example.org,2025-03-19,Alves,AM
e1eb0846-d490-4589-9836-3734fd8c1823,Sr. Pedro Dias,,2024-09-03,Ribeiro do Galho,TO
a58310e4-d54b-42f7-bdea-f45826bf0aff,Mathias Leão,carlos-eduardoda-cruz@example.net,2024-10-03,Ramos da Prata,MA
3fd138dd-d50f-4267-b2c9-0c712baa124e,Jade das Neves,joao-guilhermecastro@example.com,2025-08-03,Montenegro,BA
54b571f7-b724-4ff8-bff4-2159e5bbe3ef,Laís Sousa,xribeiro@example.com,2024-08-11,Siqueira,DF
b7b35f95-f68c-4768-97a0-19dce1929bba,Felipe Macedo,allana01@example.com,2024-07-14,Mendes do Norte,PA
0fdb7a64-4deb-4a18-9a55-69933aec7334,Joana Barbosa,emilly99@example.org,2024-04-10,da Cruz,MS
a63652fd-8f82-43e9-9b80-b3a34499c469,Srta. Zoe Borges,pereirajoao-pedro@example.com,2023-12-29,Araújo,MT
f10f84be-99af-4d9d-81c5-d97a7c7a5ad0,Dr. Benjamim Carvalho,cassianoguilherme@example.net,2024-10-08,Monteiro,ES
418df4fe-e795-4da4-9018-68c89b67556d,Davi Lucas Ribeiro,azevedoluana@example.org,2025-04-09,Pastor,SE
7d19bb1b-2839-403b-be94-35cb57b2b2d5,Maya Porto,tborges@example.com,2025-01-27,das Neves do Campo,PE
97cb9980-611f-4777-80c7-c54eb1b167c9,Diego Moura,antoniopacheco@example.net,2025-07-08,da Mota do Amparo,ES
ebe66436-2d18-46e7-a13c-493ea92a609c,Emilly Araújo,da-conceicaomaria-liz@example.com,2023-10-07,Fonseca de Nascimento,DF
0d2b9003-9fa5-4aa8-88fd-03b1ce988b97,Dom Melo,britodavi-miguel@example.org,2024-10-22,da Costa,AM
,Srta. Maria Flor da Cunha,da-cruzvicente@example.net,2025-02-25,Campos,MS
7a81969b-292d-4d1d-93f2-770ca5ba768a,Bella Lopes,novaislucas@example.net,2024-06-15,da Rocha,RN
ae0c58c0-a852-4ccf-b33a-62838a9b43a9,Hadassa Lopes,nfogaca@example.net,2025-09-02,Viana,MG
e6cd6af8-1e1a-4c6d-be93-485be7792817,Dr. Bento Andrade,da-rosaana@example.org,2025-05-01,Macedo Paulista,RR
95e1dfc4-7ae3-4175-a3a6-fb03a49c0a57,Sr. Renan da Costa,,2024-09-22,Pastor da Mata,SP
d43dc204-5145-4ffa-82d5-589f0754790a,Matheus Almeida,mateus78@example.org,2025-02-22,Vasconcelos,MA
e741146b-eed0-4b1d-98f6-924842c380c4,Stephany Vasconcelos,ravi-lucca70@example.com,2024-08-06,Silva das Pedras,GO
edbd2981-d7a3-4f42-9ca7-47f69e0b2b2b,Samuel Cavalcanti,kda-mota@example.net,2025-04-17,Costela,PA
5d1408d1-e0b9-4166-b035-0e010e79ac54,Dra. Esther Lopes,ejesus@example.com,2025-06-05,Vieira do Galho,PR
5c18e824-781b-42eb-baa0-8c639275d02b,Davi Luiz Novais,scavalcante@example.org,2024-02-29,Souza de Minas,RR
459fe7ea-034a-4602-b5c0-17e1f1faf4ed,José Fernandes,marcelo53@example.org,2023-12-12,Marques de Souza,RN
34a7cce9-4872-4e79-bf03-35b55487f30d,João Siqueira,isadoraaparecida@example.com,2024-01-10,Moraes das Pedras,BA
fd9984e8-50a2-40fc-8ce1-3598e96074eb,Maria Isis Leão,,2025-03-01,Rios das Pedras,ES
f5c71a39-eaed-47f9-b9c1-d6b3615b4937,Maria Laura Cavalcante,pedro-henriquebrito@example.com,2024-06-28,Cardoso,AL
99e62698-a4d9-49df-a1e6-13a5d955a9b8,Mariana Vieira,da-conceicaothales@example.net,2024-11-25,Mendes,RN
e7019006-1271-4676-9953-89cfe7b1c3a5,Antonella da Cruz,thiago73@example.com,2023-12-16,Pimenta do Sul,RJ
0afd574b-f970-4bea-a5ed-183caceb6cc9,Luiz Henrique Pereira,oribeiro@example.org,2025-04-08,da Luz,AP
d750117f-b210-4acd-b9e9-19a79519acca,Maya Silveira,esousa@example.org,2023-09-20,Silva,MG
c16dd0f2-97ce-46d5-9960-bf6f66d421d1,Danilo Pimenta,rsouza@example.org,2025-07-05,Rocha das Pedras,RN
2eacb494-8ad2-458f-90ac-de4c3ad8bf4f,Matheus da Cruz,matteo76@example.com,2024-08-29,Fonseca das Flores,RO
e7f5bd34-5eaf-43e1-9933-dba850074890,Stephany Vasconcelos,joao-gabrielmachado@example.org,2025-05-18,Cirino,PI
29be8538-dd98-4c05-85dd-faa5f965c1c7,Emanuella Carvalho,caue67@example.com,2024-01-16,Barbosa da Praia,PR
caf3791f-9818-4a96-8987-dd6fd9ae0a87,Sr. Antônio Pimenta,jadecostela@example.net,2024-04-25,Sousa de Albuquerque,TO
8032b35c-7b3a-47f2-8d55-626b8e9e214e,Francisco da Cruz,kfonseca@example.org,2024-03-29,Vargas,RJ
ff4e8570-efbe-4d38-892b-fff7dcdf2c6a,Valentina Melo,maria-lauracostela@example.net,2024-02-03,das Neves do Oeste,RR
454522e4-b924-44b8-b513-58f2ee2b68e8,Maysa Sousa,mendesyago@example.net,2025-05-24,da Costa da Prata,AM
2f017fbc-a5ce-4e12-85c2-ca72038b7692,Bento Pacheco,sarahbarros@example.org,2024-11-03,Alves Paulista,SP
6054150b-a2a5-46bf-adff-bdc40207204f,Vinícius da Luz,efogaca@example.net,2024-01-13,Aragão,SC
d8900bff-50ab-4cba-ba7f-5795fc9f6b12,Julia Vasconcelos,qsiqueira@example.com,2024-11-29,Porto de Minas,MA
259f769b-fe8b-4925-abc3-b4b3671b469a,Sr. Thiago Vieira,marcos-viniciusmontenegro@example.net,2025-06-14,Cavalcanti da Serra,RO
00a21041-fcab-48e5-889f-e013d1b0d844,Maria Clara da Costa,alexia08@example.org,2024-11-03,Câmara do Campo,AC
040a09d7-0585-4f6f-b60c-2679276fed93,Maria Julia Monteiro,das-nevesmurilo@example.org,2025-08-10,Marques,RO
c1aff059-08fc-430d-bf24-334296608a87,Dr. Vicente Sousa,monteiroapollo@example.net,2023-09-22,Monteiro das Flores,PE
c470261f-37f5-4301-a6fd-7d352b6fc032,Isadora da Luz,lucas-gabriel42@example.net,2023-11-08,Abreu,GO
95e141b5-937c-4593-a392-7bc85111c995,Bella Jesus,maria-helenavieira@example.org,2024-12-30,Mendonça,MS
c067f027-e204-45a2-a1ea-fc933188ed23,Olívia Guerra,da-conceicaomilena@example.com,2024-11-14,Vieira de Teixeira,SC
bad7dcb2-79b4-4d29-a878-80d3aa4e02ac,Francisco Macedo,bcarvalho@example.com,2024-01-08,Borges do Galho,RR
556ebfc2-3760-46e6-9a5a-7eda7a8c787c,Dante Pastor,heloisa78@example.com,2024-11-01,Cassiano de Vasconcelos,PE
9d7c2268-ef87-4a6d-a039-1a50be048396,João Lucas Sousa,ida-cunha@example.net,2025-05-30,Pastor dos Dourados,MT
,Hadassa Novais,jesusmaria-cecilia@example.org,2024-05-31,Cavalcante,PR
d1b90071-bca5-4a22-aae9-5889db00763e,Dra. Liz Marques,tvargas@example.net,2025-08-21,Costela,RJ
67dded12-edd9-49ae-bd69-646cc40accfd,Maria Helena Araújo,sophiacasa-grande@example.org,2025-01-26,Cavalcanti de Dias,CE
0885122a-9582-451d-874f-2d242a88d5e3,Ian Cavalcante,moreirabenjamin@example.net,2024-10-28,Duarte de Melo,PA
18af38f5-3d94-446a-bf93-3f1848d3a619,Yasmin Carvalho,maria-luisa37@example.net,2024-06-15,Machado,PB
21fa3287-7132-41b9-8002-d37d46189fb5,Eduardo Brito,lcosta@example.org,2024-02-03,Moreira do Campo,TO
f435736e-3371-456e-a560-29841a5c3ede,Josué Vieira,vitor-gabriel37@example.net,2024-07-21,Pimenta,SC
b3ee4887-2d19-456a-bd01-6b91da33f462,Sra. Olivia Campos,mendesemanuella@example.net,2024-12-30,Borges,TO
3e451e87-f8d2-4674-96d8-c3e29a3717d0,Anthony Cavalcanti,dnogueira@example.net,2023-09-28,Ramos,TO
570a6eee-71a1-460d-bce6-7f2fa4361877,Daniel da Rosa,lunasantos@example.net,2025-05-24,Abreu do Sul,AC
b9f5ac71-f110-435b-91a4-b9e351e69dcd,Ana Júlia da Cruz,yleao@example.com,2024-07-01,Camargo de Fonseca,RN
8d572ac0-5ae0-4a12-8e83-93abfb4e1873,Eloá Freitas,gabrielsilva@example.com,2024-01-23,Lima de Nogueira,PE
c8c3792d-127b-47df-83e0-52da972188a6,Srta. Luna Cunha,henry-gabriel45@example.org,2024-11-30,Porto,AP
1eea9bc8-76a7-4edf-a125-6b0ef1fd0780,José Pedro Garcia,vicente50@example.net,2024-01-16,Abreu,PI
b1fadda9-4967-4e1c-8097-23ebcac37161,João Alves,davi-lucas39@example.org,2025-07-07,Lopes,SE
74390b75-a156-4389-9b1a-9460085c2a67,Erick Alves,pereiraelisa@example.org,2025-08-11,Garcia,MT
bd0b7f67-ebac-4dc7-b967-55f1b93baf31,Maria Brito,alicia30@example.com,2024-10-27,Garcia,MG
cffacd50-9617-40fa-be8e-198b0366f554,Daniel Macedo,bjesus@example.net,2023-12-02,Machado,MT
252acbe5-c656-43f3-98b6-ac3fd67dea66,Luan Câmara,stephany49@example.org,2025-01-08,Cardoso,AP
5a0faa9f-f51e-41cb-8931-95ce83eb6bd4,Luiz Otávio Freitas,ramoslevi@example.org,2024-05-06,da Cruz do Norte,PE
eabd2dca-c93d-40fd-ba68-d6fb3ecae421,Dr. Diego Cunha,mcirino@example.com,2024-09-13,Correia de Duarte,SE
7839bcf5-a784-4b77-ba73-e471a3f7a113,Otávio Teixeira,esterda-cunha@example.org,2024-08-15,Campos de Silva,RJ
14dbc2bf-44d5-43e5-b48d-409e2f3be957,Sr. Bento Cassiano,gcostela@example.com,2024-08-22,Cassiano,MG
4ba08f38-ec80-4f2c-92f7-6293b729665c,Esther Lima,fonsecapaulo@example.org,2024-06-09,Melo,RR
dfe5ebc4-adf7-4cd5-875b-4a94853ffd68,Pietra Ferreira,heloisa44@example.net,2024-10-25,Aragão,MG
18560762-60e9-424c-a024-90d87883fbde,Bianca Pires,rodriguesdavi-lucas@example.org,2025-02-08,Cassiano de Brito,MT
f4cd9827-a4d6-434c-9b0a-84ef5ba254f7,Ana Liz Nascimento,das-nevesisadora@example.com,2024-09-26,Araújo,SE
cf87e1cd-da4e-4756-be41-7221a3504523,Caleb da Paz,cardosoyasmin@example.net,2025-07-07,Ramos Alegre,RJ
26b5418b-3556-48d7-8ea2-e8f2c700057a,Arthur Marques,erickfarias@example.org,2023-11-13,Garcia da Praia,RN
b1f3726e-41c7-4f40-bd43-b6bc747f3acf,Rebeca Teixeira,ana-lauramelo@example.org,2025-07-06,Cirino da Prata,GO
fe10d450-afcd-496a-baf3-d009feaa98b2,Eloah Azevedo,diogo67@example.org,2025-04-13,Silva do Amparo,RJ
b6f08403-04d7-4094-b277-ca9cb93ce4f5,Srta. Bruna Mendes,hmarques@example.org,2024-01-14,Jesus de Goiás,AL
9e9eb53a-36dd-4ed7-b1cf-e808461a7a6b,Emilly da Rosa,rhavi60@example.com,2024-04-17,Melo,ES
20195b04-b361-4541-bd83-06b9e0111458,Ana Carolina Teixeira,jpinto@example.com,2025-06-03,Cavalcante das Pedras,AC
a8f16be4-f807-4ad9-bddf-04d7884e8ea3,Maria Sophia da Cruz,isaacsiqueira@example.com,2024-12-28,Alves,ES
fe905843-f8ae-4156-b31a-e3b6bd66a3b6,Srta. Ana Vitória Cardoso,qda-rosa@example.org,2024-04-22,Rodrigues de Monteiro,RJ
af35887a-6f4a-47bd-a773-ad9801e6df2f,Gustavo Henrique Moraes,rpacheco@example.net,2024-03-09,Fonseca,PB
887ca05a-e420-4a9f-971f-4ec368c76e13,Anthony Gomes,britogabrielly@example.com,2024-05-21,Camargo da Serra,MS
aa355f65-c7f9-4515-9eb9-99ff7a7c0c9c,Levi Lopes,yda-mota@example.org,2024-09-27,Aragão,DF
7813af5b-21aa-49f5-88aa-7c6ea48eafbc,João Felipe Guerra,agatha85@example.org,2025-03-31,Teixeira,RS
95bc2983-d731-413e-a302-43451ea6ae1d,João Pedro Pastor,ana-beatrizporto@example.net,2025-06-10,Moraes do Campo,PA
997116e2-bf81-4297-b554-e9b17a9e5104,Laura Pastor,nnunes@example.com,2024-01-21,Moraes de Minas,MS
3155b711-4a5c-4dd6-92ef-0bb963f0e4a7,Brenda Cunha,hfarias@example.net,2023-10-25,Freitas,AC
2fd9dc58-60de-4b56-b3aa-022c20061c2c,Isaque Cunha,das-nevesluiz-gustavo@example.com,2025-03-18,Correia da Prata,PB
2b8ef331-f090-4d30-bffb-4f0468c6daca,Letícia Azevedo,kda-cruz@example.com,2024-05-31,Araújo de Albuquerque,MA
b350f2e8-d175-4e06-89e2-11999973d1ef,Noah Guerra,kaiquealmeida@example.org,2024-02-19,Teixeira,PA
49051591-d2ad-4b1c-b101-ee528974f713,Ana Laura Souza,gabrielly68@example.org,2023-12-15,Azevedo,PR
dd476946-67fe-418a-b10d-3f66c363236a,Danilo Rios,zaraujo@example.org,2025-03-18,Castro de Sales,GO
1ad45221-a535-4c4f-850d-587e810ceddb,Sr. Luiz Otávio Viana,,2024-08-12,Abreu de Pires,PR
9653e027-6694-4bdc-8c83-283430174a63,Ana Laura Nunes,xcarvalho@example.net,2025-05-10,Abreu,MS
cf4babbb-a4c7-427e-a03e-2390187eb35c,Breno Guerra,,2024-04-28,Marques,TO
602b31f0-b337-4b12-96f1-8809a59f8370,Heitor Fernandes,natalia38@example.com,2025-02-19,Porto,RS
8dca401c-7e3a-4e84-9866-b0ddf85436b9,Dante Santos,bvargas@example.net,2024-10-15,Gomes,BA
252475d3-cf65-4591-8b08-9e97d45217f5,Levi Ferreira,siqueiraenzo@example.org,2024-08-17,da Costa Alegre,AM
,Raul Marques,olivia02@example.org,2024-04-01,Fonseca,RS
eae602e1-d76a-4c60-ab51-3a747a2a38a5,Levi Barbosa,luiz-henriquedias@example.com,2025-01-28,Pimenta dos Dourados,AP
2780df25-e607-473e-99e9-0815746b5137,Dr. Luiz Felipe Sampaio,martinssara@example.org,2024-03-30,da Costa do Galho,MS
6221828b-96f7-4d44-b60c-ef541aac87c7,Gustavo Henrique Nogueira,mariahda-rocha@example.org,2024-04-20,Macedo,SP
674ea8c2-c1d7-433d-a4a9-13106a422e3c,Bryan Freitas,mrocha@example.com,2025-07-15,Moraes,SE
,Letícia Machado,emilly71@example.net,2024-04-26,Cassiano de Borges,RS
eccb0f7f-2ba1-4338-bfdb-2bf2f109a411,Melina Castro,arezende@example.com,2024-07-28,Fernandes da Praia,DF
39547183-50c0-427d-bf3e-f2d5654f0547,Luiz Gustavo Santos,ana-claragoncalves@example.org,2025-04-05,Castro da Praia,RR
ec4a4253-82fe-4382-80fe-e732e1e80a18,Sra. Ana Lívia Lima,alvesnicole@example.com,2024-01-15,Costa,SE
03275c3b-fa44-486a-a89f-d74b1d15166b,Nicolas Freitas,pedro-miguelsa@example.net,2024-12-08,Correia de Sampaio,AP
68fad332-2627-4c30-bd05-4558aaca2ea2,Luiz Felipe Duarte,piresbento@example.org,2025-07-08,da Paz Alegre,TO
2f2ac7ba-3e32-4d04-a854-646174dae862,Ester Porto,joanavasconcelos@example.net,2023-09-29,Cunha,MT
ac73be73-5d58-46a3-b2e7-d1dcc8a85645,Pedro Henrique Siqueira,,2024-10-06,Nunes do Sul,ES
,Otávio Fogaça,pcavalcanti@example.com,2024-12-18,da Mota,PR
423b3456-0b74-46b0-bb87-ce2817edbb6a,André Araújo,pintosabrina@example.net,2024-04-09,Lopes,ES
da5b01cb-2dc4-434b-93c2-a7d402a6c577,Luna Nascimento,vasconcelosisabela@example.org,2025-09-06,Porto de Mendes,PB
41289677-937c-4cb8-a5f0-6befd2381aae,Ísis Pereira,wmonteiro@example.com,2025-01-25,das Neves dos Dourados,PI
494adaa7-5012-4669-97ab-b21e08f19589,Amanda Pimenta,zrios@example.com,2025-05-27,Monteiro,TO
f6d9a742-b148-4789-8c9e-26d2acae44fe,Raquel Moura,vsousa@example.org,2024-05-22,Rezende,AM
71d5161c-4c39-49bf-87fe-993a3ee93b83,Sr. Augusto Rezende,sarahcasa-grande@example.net,2025-04-01,Fernandes,PB
e25e4df8-4530-41fa-9c7b-81a9b1778e14,Bernardo Sales,blopes@example.org,2024-07-28,da Rocha Paulista,TO
d63dec2c-fdd3-442b-b505-977acaaf5acf,Bruno Pereira,fernandesravi-lucca@example.net,2025-07-15,Teixeira,SP
da70c311-0b15-4fc8-8f8b-c8233652e9e7,João Guilherme Siqueira,vandrade@example.net,2025-09-06,Macedo do Campo,MT
ab639e75-327f-45cb-bc63-8d41a4e7b26c,Sra. Luna Sá,salesnina@example.org,2024-08-23,Vargas das Flores,RS
48e7c45f-135e-4680-bcc3-1d773e4f93eb,Dra. Júlia Cavalcanti,theoteixeira@example.com,2024-10-11,Oliveira,RJ
8ca90790-2504-4c37-9ee8-a346415504ba,Kevin Carvalho,joao-pedroduarte@example.com,2024-09-28,Machado,PI
5f350c13-d9c9-499e-889e-e259b84314c1,Bella da Conceição,ada-mota@example.com,2025-01-22,Rocha do Amparo,PB
01659661-92af-4168-b122-b4af052c76e6,Dr. Kaique Siqueira,,2025-04-25,Campos Verde,TO
c66a9a1e-d325-43d3-8f69-20cc52e09ad0,Apollo Jesus,luiz-fernando48@example.org,2024-10-11,Camargo,RN
e1f76646-9d1e-420d-aa16-290f83d8fc23,Brenda Pacheco,almeidaluana@example.org,2024-01-03,Gomes de da Cruz,PB
ea49f64f-4792-4d88-a295-8db33e275175,Gabriel Porto,dsiqueira@example.net,2024-03-04,Gonçalves das Flores,TO
0df77e07-428a-43b2-993a-28746199b034,Gael Rios,antony25@example.net,2025-05-03,Guerra da Serra,TO
f3ffaab7-632b-4eda-b9a7-0ab11d558b12,Theo Albuquerque,crocha@example.com,2025-03-31,Costa,RJ
26db6615-a23a-4285-8adf-594a1ed9e2e3,Danilo Ramos,ksales@example.net,2024-05-07,Monteiro Paulista,MG
3c7ec1ce-466f-45d6-9239-0f4ce4bf1bf1,Pietra Moura,leonardo82@example.net,2023-11-10,Machado de Nogueira,PA
460345d5-467a-44e4-b452-3b9267d424f7,João Guilherme Silva,gda-costa@example.net,2024-02-02,da Mata Grande,GO
a3013514-c87c-4d66-bc04-4e0659735acd,Enrico da Cunha,alicemonteiro@example.com,2023-12-23,Garcia,AC
9e5a6b06-b876-4bab-9950-85f29c27b3b1,Bento Machado,joaocirino@example.net,2024-10-29,Câmara,MT
a87462f6-1340-41c9-83d7-c8b8185d72bc,Sr. Noah Pires,beniciovieira@example.org,2025-07-05,Almeida,RO
890dc825-d1ee-4131-baa0-f8852129c060,João Guilherme Correia,dsampaio@example.net,2025-02-28,Barbosa,SC
605e6416-995c-4e4d-a5fa-38b6b2c3db4f,Davi das Neves,epeixoto@example.org,2024-08-18,Silveira,MS
10825e5d-9649-4e39-85ec-b9a16830dc65,Maria Clara Oliveira,usilveira@example.com,2025-07-26,Pereira,AM
9e96b9d5-76f0-49fe-b055-b76f97620691,Brenda Gomes,stella15@example.com,2024-02-20,Abreu,PA
b83c7f0e-f286-4b7c-96c8-acf13c5586cf,Lucas Gabriel Cardoso,costaester@example.com,2023-10-21,Mendes Paulista,BA
ca63b587-ded5-4e7c-9af6-8fb2afec5e00,Paulo Casa Grande,freitasbento@example.com,2025-06-11,da Conceição da Mata,PA
35c9d195-b0fb-484a-bbbd-dca0a748352d,Srta. Maria Sophia Leão,vitoria41@example.com,2024-07-28,da Costa do Sul,MG
fce7a754-d185-43fe-9ce9-d6423f3574f6,Rebeca Monteiro,ana-vitoriaaparecida@example.net,2023-12-17,Correia da Serra,RJ
f3c77209-9abd-41a3-997c-846966f939ca,Luiz Otávio Abreu,marquesmilena@example.com,2024-07-31,Pimenta,MG
bb0ae241-40d2-4243-81cd-1b7c2b3ec4f5,Benicio Rodrigues,ivargas@example.org,2025-02-06,Moreira da Mata,DF
097c403b-81be-4881-b3e1-dc4e14835921,Sara Mendes,vinicius62@example.net,2023-10-31,Ribeiro,RR
9e2b16aa-102f-4c07-8679-7e08bd764d9d,Ana Vitória Albuquerque,davigarcia@example.net,2023-11-30,Rodrigues de Santos,RO
78483f1f-0776-4a78-b95f-ed82c06e160e,Dr. Pietro da Conceição,,2025-09-11,Vasconcelos do Amparo,AL
b22ecd81-fb73-4a84-a68d-059b7b69250e,João Vitor Viana,lorenzo97@example.com,2025-08-01,Cassiano,PR
686ba5c1-1c11-4999-9e59-c5f866278da6,Dra. Valentina Gomes,hellenasa@example.org,2023-10-27,Moreira do Campo,MS
d3d196c2-0b19-4700-a09d-32a29237dc86,Eloá da Rosa,lnunes@example.com,2023-11-09,Gonçalves,AC
9c12f1f3-6c6c-4e71-b129-fd3fde5e60cf,Leonardo Marques,sophiecostela@example.org,2025-02-11,Rodrigues,MS
50555cb0-5247-4a0c-a829-f7feae402024,Brenda Sousa,sabrinaaparecida@example.net,2024-04-17,Cardoso de Pinto,BA
2b7d6ae0-e2c7-463f-b72a-8845a861e01f,Otto Casa Grande,pirestheodoro@example.org,2024-05-28,Monteiro,MS
862302b1-2066-4c90-8c23-e547ce99840f,Davi Lucca Costela,correiaemanuella@example.com,2023-12-21,Castro da Serra,AC
d2c92c22-e41f-43ea-b793-c1fdca2dad8e,Clarice Ramos,almeidaesther@example.net,2025-09-17,Casa Grande de da Cunha,BA
9900620b-0464-4418-9763-a3c52d706c62,Srta. Nina Melo,isabelamendonca@example.com,2025-04-03,da Mata,DF
a6f29e1b-e8cb-4b98-8d55-5ecf5a0f5234,Diego Correia,siqueiraotto@example.com,2025-06-16,Nunes das Flores,RJ
12c8b5d6-d2e7-40ba-b3ba-5715ae2b4f44,Bento Macedo,da-pazjade@example.org,2024-12-19,Abreu do Amparo,CE
b8058b3a-fbbd-48ea-8d77-015feeb491e7,Raul Jesus,ana-lauradias@example.net,2025-05-24,Guerra,TO
2a054ca0-d04d-451a-aaa0-ea49a52f6e61,Ana Laura Borges,alana84@example.net,2024-11-17,Pacheco Grande,GO
2473c529-a025-4cbd-9039-8bc5ed48d279,Luana Freitas,kda-rocha@example.org,2025-06-01,Teixeira Grande,TO
67b13977-70fb-49a4-b437-fc2c757f7a7d,Ana Sophia Gonçalves,ssilva@example.com,2024-06-17,Sá,PB
a631628a-1077-4a9b-99ca-a5fee19f4492,Maria Luiza Nascimento,rsilva@example.org,2025-02-01,Nascimento da Prata,RS
82a22b16-025b-4ff5-9687-c7207ed71ed4,Luigi Siqueira,gvargas@example.net,2025-08-17,Sousa do Sul,SP
8e9a6913-1a28-4e8f-90b5-87f683ca2a0a,Ian Pimenta,monteirocamila@example.com,2024-06-05,Nascimento,PB
b7881353-79bb-4fde-97e7-2d82d6ced6d5,Luiz Otávio Moraes,ana-laura80@example.org,2025-01-24,Melo de Camargo,RJ
bb21d46a-f1c0-49cc-a223-f7591ab979f2,Sr. Caio Rezende,,2025-08-24,Abreu de Caldeira,AP
3596402f-39f5-4905-8db2-0826ea370344,Kaique Abreu,luiz-henriqueda-cunha@example.org,2023-11-09,Ramos,MS
5aee5b08-8959-46c0-87f4-8a9eeae8eecf,Srta. Raquel Sampaio,,2025-09-02,Moreira da Mata,BA
62eb37b1-4e86-4a0c-a810-8756000f59da,Sophie Castro,bianca31@example.org,2025-08-23,Freitas,AL
c371105c-43e2-4b6b-9fc0-057976d04c06,Anthony Sousa,enzo38@example.com,2024-06-11,Santos,PE
52a6597f-4144-4f6f-bb12-8ed1231588ae,Miguel das Neves,jose-pedro65@example.org,2024-08-10,Novais do Galho,PI
e30743c7-539e-44a2-a84a-327f03f5745d,Sophie Ribeiro,alicia57@example.org,2024-02-13,Fernandes,BA
217dc11c-f72d-45b3-b0bd-b5198e454e35,Sabrina Dias,,2024-04-17,Cassiano das Pedras,AM
ea6892a0-9c0c-4e05-afb7-08058119ac2a,João Guilherme da Costa,jdas-neves@example.net,2025-02-06,Araújo do Sul,BA
9034b5c4-e585-4192-96ce-e372c8a22056,Mateus Novais,maria-luisacamara@example.net,2024-06-29,da Cruz,SC
d5db2a5f-b399-4cd9-ab21-ed010c7406d8,Ana Luiza Mendonça,ana-carolina56@example.org,2024-09-26,Santos,MG
3ba8d538-798a-47ee-b2a7-121c99302b38,Gustavo Lima,barrosthales@example.com,2024-01-21,Martins da Mata,PB
c4b858de-ebac-4c6b-a141-de05f93a3061,Stella Carvalho,correiacaroline@example.net,2023-12-18,Almeida do Campo,SP
c899aff1-e45e-4519-8081-636d55ce09e7,Sra. Sofia Ferreira,rodrigo55@example.com,2025-04-27,Sales da Praia,RS
d782ba4f-1962-4e5f-890d-53d01356e52f,Ravi Lucca Porto,kazevedo@example.com,2024-06-12,Lima de Melo,RN
6836ed76-5497-4fc0-a287-1b5a1fab9590,Antônio das Neves,enriconunes@example.com,2025-05-26,Fonseca,RO
a1b671b0-e233-4319-a482-8e931a1a006c,Sra. Maria Flor Rezende,guilherme00@example.com,2025-05-09,Viana,RR
d920fb66-a37e-47de-ac91-3c62cfbb5298,Renan da Rosa,yda-costa@example.com,2023-09-23,Souza,PE
1254daf2-c7c1-4a0f-b700-fafb74ba763f,Henry Mendes,pimentavinicius@example.org,2023-09-19,Caldeira do Oeste,RO
eda8e0f6-a723-4985-97e5-00e35dc3e3ae,Esther Lopes,brayan69@example.org,2025-04-28,Casa Grande,SP
97ad30b5-bcd6-48c2-ba6d-8ffa73af6337,Heloisa Garcia,bpires@example.com,2024-09-29,Moura de Oliveira,RR
90c544ec-4a1b-4087-bc89-1094c69f69d5,Joaquim Lopes,nunesleandro@example.net,2024-03-13,Sales da Prata,SP
2202c34a-3185-4b6c-be4a-746030cd7ac8,João Guilherme das Neves,costelaliz@example.net,2025-04-30,Abreu das Pedras,SE
45e30f92-d548-4e1c-9cea-8c1b6d7d25da,João Vitor Montenegro,stephany81@example.com,2025-09-12,Vargas,PE
75661916-a4dc-408d-b2c9-283d7433b9be,Larissa Vargas,aborges@example.com,2024-01-11,Dias Verde,PR
84224e12-c981-499f-806b-643010d88b66,Fernanda Oliveira,rodriguesluna@example.com,2024-06-13,da Cunha,PI
7ec868df-51cf-44dd-93ac-e907318a2b95,Mathias Sales,fcarvalho@example.com,2024-05-11,Andrade,AC
86f62243-76fb-4356-a54d-6b085ca5e33a,Maitê Ramos,tcavalcanti@example.org,2024-08-16,Monteiro Paulista,AC
7219cef2-cea5-4aef-99ba-6e498e3c80ee,Joaquim Fernandes,riosjosue@example.org,2023-11-03,Cavalcanti da Mata,BA
cf26e911-7017-4765-8ec7-0200f263b049,Pedro Miguel Camargo,nataliaramos@example.org,2024-02-03,Sales da Prata,RR
88506698-cc3c-40b8-8968-d7a42321ba24,Sabrina das Neves,nsouza@example.net,2025-08-01,Gomes,TO
eb6d5cff-ac03-4ed9-934b-535c6cecb6d4,Maya Pires,martinsmaite@example.com,2023-10-04,Câmara,RJ
cc314d25-0532-45d9-a1a9-0fd3b560013c,Davi Luiz da Mata,eloahnovaes@example.com,2023-09-22,Farias,MA
52a2ee4f-6102-4b18-bf30-89f902de18d6,Caroline da Mata,nicolaslopes@example.com,2024-01-15,Macedo,RR
7acff848-397e-4ae7-a21b-4cf32c69387d,Srta. Maria Isis da Luz,lpinto@example.com,2025-06-03,Porto,PB
4b49564d-86fb-46ee-854c-11306b7cf911,Matteo Oliveira,brayancassiano@example.org,2023-11-12,Novais Paulista,RO
bdfa840d-40fb-43a7-a49f-d5a07d4e7241,Dr. Theodoro Aragão,rafaelaporto@example.org,2024-10-13,Guerra,RR
9c47e423-f989-4c38-a271-c7c6164e771f,Pedro Henrique Alves,eferreira@example.com,2024-07-23,Vieira de Lima,PE
e7c4bc77-e957-4bd4-9361-53cdd9388b37,Dra. Ana Laura Pacheco,xsilveira@example.org,2023-12-01,Montenegro das Pedras,RS
14819fcd-39d3-4be1-a964-83fe8a6e8e92,Maria Vitória Pacheco,hellenapastor@example.net,2024-06-28,Sousa Verde,SC
12718197-966b-4379-803a-7aa90b0b5e5a,Gustavo Barbosa,marianeda-conceicao@example.org,2023-10-05,Vasconcelos,CE
,Theodoro Pimenta,qalves@example.net,2025-09-08,Sá,SP
4f956235-4a2a-4d44-8f07-788a51d49aae,Vitor Hugo Fogaça,elopes@example.org,2024-10-17,Borges,BA
65bfcb4b-5641-4467-b2d5-56e058019d75,João Gabriel Teixeira,maria-helenanovaes@example.com,2024-01-25,Viana de Goiás,AP
92847240-a654-44e9-a752-9170d32c883a,Heloisa Pinto,ialbuquerque@example.org,2024-12-01,Pastor,PB
11626d7c-bb0e-41a0-8751-94c6120a92c3,Augusto Cunha,bellada-mata@example.com,2024-03-12,Almeida Alegre,SE
c4386dcc-8848-4d4b-bac5-2f2df28982b6,Theo Garcia,henriquecaldeira@example.com,2025-01-25,Nogueira da Prata,MG
126abb38-3622-490b-ae72-f569d40b1fb4,Calebe Souza,mendesgabriela@example.net,2025-06-17,Barbosa da Serra,PR
33b0d342-9e69-458a-8eeb-a1a11cddf033,Ana Beatriz Barros,maria09@example.org,2023-12-29,Vasconcelos de da Rocha,RR
3b03d989-507f-42df-a670-b6b8dad5aa9d,Srta. Ana Laura Oliveira,alexandre76@example.org,2025-06-21,da Conceição do Oeste,SC
11c8add3-ac40-4ac2-8bd4-d8753f12a7de,Dr. Marcelo Dias,leogarcia@example.net,2024-02-15,Gonçalves do Amparo,AP
0527b471-5c8f-4e20-866c-7f05fc8a2449,Ana Laura Andrade,cnovais@example.org,2024-11-05,Marques,RJ
47d046df-a78f-4a89-9a88-fbe7136c6d03,Júlia Duarte,aalmeida@example.org,2024-03-15,Novais do Oeste,PB
a4580682-fdf4-46a5-b74e-2279e25d48e8,João Sá,arthur-gabrielcastro@example.org,2024-03-11,Lopes,AM
d77133e8-c8b4-4056-8e52-732aa8f3a388,Benjamim Fonseca,caiocavalcante@example.org,2025-06-08,Camargo das Flores,AC
3acefa88-6ba6-4657-a6c9-6aabd477febb,Luiz Miguel Rezende,alana23@example.net,2024-09-10,da Rosa,DF
a866ba90-8437-4362-97ec-2640bf017e22,Nicolas Silveira,yanmacedo@example.net,2024-05-14,das Neves do Campo,RS
5e34658c-d86a-4da5-b10c-ad40d2a5710f,Isis Melo,aylamartins@example.com,2025-02-26,Correia,AP
67bd39f6-1608-4899-8d64-4b57ad97e1e0,Maria Luísa Marques,sara19@example.net,2024-07-18,Aragão,MT
f77c8e9a-7590-4aef-91a5-d64e6daf6946,Antonella Farias,vargasmaria-eduarda@example.com,2024-07-25,Melo Verde,SC
afb7a219-eff0-4d9e-ae76-3085d9383e02,Maria Laura Abreu,rodriguesagatha@example.com,2025-05-20,Pereira,TO
30d5edea-2689-47d4-a9c2-c56951cb49b8,Leandro da Rocha,juliacunha@example.com,2024-06-24,Cirino Verde,PA
9a6b5b96-cd91-44c1-ae11-b28f95ef3579,Srta. Vitória Rezende,rebeca76@example.org,2025-08-09,da Paz da Praia,TO
22b4c618-3a5e-4b0e-ac43-632f84c59f2b,Alana Vieira,yuri75@example.org,2024-03-23,Cavalcanti Verde,SP
fc1f7c71-9c17-47d4-9a97-2158ec94896b,Benício da Cruz,raquelfogaca@example.net,2023-12-03,Sousa,MA
,Nina Sá,marcela31@example.com,2025-01-24,Novais de Mendonça,SC
a9a5ecc6-2b91-4fda-a152-2324f1552179,Gabriela Camargo,carlos-eduardo10@example.com,2024-08-05,Pires de Sá,AC
3b0ca3f4-e359-4779-b9e0-a3e0476d2caa,Guilherme Leão,pereiramaria-helena@example.com,2024-08-21,Castro,PE
1f822995-3c83-42e5-b163-39d253cedc0a,Gabrielly Jesus,dfogaca@example.org,2024-11-07,Marques,RN
5ce2a389-aa1a-4ce6-8b11-2fd31c460791,Antonella Mendonça,maria-lizcunha@example.net,2025-03-22,Barros,AP
32b933d9-7f37-4eb2-8d2a-155fe6975f2b,Eduarda Moreira,vabreu@example.net,2024-05-03,Gonçalves do Amparo,MG
e204fc45-5e96-4409-95f6-c117c930b0ee,Erick Camargo,znunes@example.org,2025-08-04,Lima,AM
5e0ca165-216e-46d7-94c2-b34e1b0581ea,Marcos Vinicius da Cruz,cardosoluisa@example.net,2025-04-10,da Mota,MS
f8b5b77a-8438-4f1c-a1ac-ffae0a95c3c9,Maria Júlia Pires,nferreira@example.net,2024-12-19,Siqueira de Goiás,GO
4785e9bd-82fb-4053-95fe-e296912347a6,Nicolas Carvalho,valentinarodrigues@example.org,2024-07-10,Costela de Goiás,MT
ef3d56db-b4bb-4f61-b4c6-0a7eb25a446a,Lorenzo Castro,henrique42@example.org,2025-09-12,Garcia,CE
22c88939-164c-4db0-863d-9b7acb5b57d9,Ana Beatriz Santos,amoreira@example.com,2024-05-08,Moreira de Minas,AM
66234930-78af-4496-b253-aef530e5a8b9,Dra. Beatriz Ferreira,asales@example.net,2024-03-22,Cavalcante de Melo,ES
27415e62-4dda-4959-a328-b9ea5de2c8e4,Dra. Maria Vitória da Mata,,2024-09-03,Gonçalves,GO
dc237fb8-0473-407e-9536-aa8d34b4c866,Sr. Renan Garcia,caioda-cruz@example.net,2025-01-13,Vieira da Serra,AC
15afb569-792e-45bf-bd65-d707659d1535,Isaque Pastor,pedro-miguelcampos@example.org,2024-12-05,Nunes das Flores,RO
82eba96e-0c08-4d75-bacc-bb8949c151fd,Maria Sophia Camargo,joaquim35@example.org,2025-02-05,Novaes,SP
58a85a55-9dbf-4178-92d5-9058e0f5ff41,Ana Luiza Ramos,samuel72@example.com,2024-09-03,Oliveira,ES
2c60dd4a-6b90-4f2c-a415-e27571c21a08,Dr. Arthur Gabriel da Mota,ana-beatriznascimento@example.net,2024-01-19,Vargas,ES
21b25720-84a0-43e0-87c5-84eebea8c70d,Ágatha Campos,gabriel91@example.org,2025-03-05,Pimenta de Sá,PE
c9978d66-0832-40f8-bd9b-cddce5b8c1c0,Rafael Albuquerque,piressofia@example.org,2025-05-19,Peixoto,AL
0b4babac-2511-4687-8abe-dcaf5175f276,Rhavi Moura,leaobento@example.net,2024-07-22,Brito dos Dourados,CE
b21c6324-b6ca-47e5-9122-13d3e6a3c277,Luna Borges,giovanna72@example.net,2024-10-13,das Neves de Leão,RR
969263d4-8276-46f1-8042-0f976f503e3e,Maria Julia Moraes,santosrafaela@example.org,2024-09-21,Castro das Flores,TO
ec8d5ba4-955a-4e35-a1c7-5d9106327bd6,Sr. Luiz Gustavo Campos,evelynda-luz@example.com,2024-03-03,Caldeira de Cunha,AL
9368f663-880c-40e4-9b85-434d2b7881f0,Arthur Mendonça,ravi-lucca19@example.com,2024-01-12,Castro,SP
74e10483-0857-4597-9682-ba09be31fb88,Vitor Hugo Cavalcante,biancasa@example.org,2024-05-18,Mendes,GO
f8548a42-f036-4788-99b2-ba3039cddde6,Mateus Casa Grande,hramos@example.net,2024-09-26,Santos Paulista,BA
a86ed5fe-8289-4df1-953a-c5bb865dc278,Ana Julia Sousa,teixeirapedro-lucas@example.net,2025-06-21,Abreu,RN
1a6634a3-75b1-4575-bdf2-5f3433466985,Manuela Cassiano,costagiovanna@example.net,2025-08-06,Santos da Prata,PR
e445e986-bb8b-46ec-a474-b0a8b73c2b6f,Dante Gomes,,2023-11-12,Novais de Macedo,AC
d8f91455-5c44-434f-89e8-f86dd9ddf95b,Srta. Emanuelly Sales,sampaioleo@example.net,2024-02-26,da Conceição,GO
0982693c-1e2b-47e2-a299-e9bc427989c8,Lívia Macedo,agathada-cruz@example.net,2023-09-27,Costa,AM
f1dd9283-356e-48c7-b692-53ff61a25462,Marcos Vinicius Gonçalves,ana-beatriz04@example.net,2025-04-17,Duarte,RN
1f8b72fd-dafb-4811-9955-0c4a0b22643d,Pedro Miguel da Conceição,vieiraoliver@example.net,2024-12-06,Garcia,AC
5180a1e6-c5aa-4c01-8ff4-dcb935c68f08,João Cunha,moreiramarcelo@example.org,2025-08-01,Castro,AM
2aebb433-b00b-46bd-87c9-c60703a8b8c9,Alícia da Rosa,luiz-miguel42@example.net,2023-10-15,das Neves Grande,SE
c382c79f-3930-48f4-ae01-faeb843fa1be,Dr. Thales Nunes,matheusalves@example.net,2024-12-24,Teixeira do Campo,MA
d19e5ced-fd11-4827-87e1-60b356595aef,Evelyn Abreu,benjamimmendes@example.org,2024-01-19,Lopes de Goiás,PB
f1d71bd6-a78e-42bd-adec-f536fde28521,Antônio Albuquerque,brenda82@example.com,2024-07-07,Siqueira do Amparo,DF
8638bd99-d9a9-4b44-a5ac-34460574b30d,Sr. Vitor Gabriel Gonçalves,ibarros@example.net,2025-05-30,Novais do Campo,BA
,Milena Vasconcelos,maria-julia30@example.com,2024-10-21,Costela de Azevedo,RJ
04f468a8-ae5c-4fb5-ba62-3ac65c00a9c3,Srta. Lavínia Carvalho,pietro71@example.net,2025-06-16,Sales,AP
3b8212e7-d5f3-4095-912b-99bcbcc2547c,Sr. Luiz Gustavo Sousa,ecassiano@example.com,2025-06-02,da Cruz,MA
19b8b8ec-ccf7-4bee-9dea-4b5a90a53e7c,Ana Beatriz Carvalho,jborges@example.net,2025-02-21,Lima das Pedras,MT
9d2a96de-bcf3-4cab-87db-64725fd5f1aa,Evelyn Vasconcelos,theovasconcelos@example.net,2025-05-14,Pinto,TO
cbb614ea-5d02-45a7-af23-017aeb85667d,Mariane Santos,jose-miguelteixeira@example.net,2024-03-09,da Mata,RS
621dc0f8-02f3-43d4-bb14-bc323ff519df,Theodoro Barros,camilada-rosa@example.org,2024-06-29,Silva,PB
9dea9cfd-6978-4f23-b728-c42b69f2e43e,Larissa Viana,xsales@example.com,2024-07-24,Leão,MG
f219c5c7-8ebb-4fdb-9d9c-bf0a4e4406c3,Eloah Marques,heitorsantos@example.com,2024-06-01,Pires,RN
bd2fdeea-ad19-4e5a-8ea4-51a8b0a8af5f,Anthony Melo,theodoro34@example.com,2025-05-21,Fernandes,SP
157f3aa5-2854-470d-9d66-dd0b81cb4ced,Sara Andrade,andrecasa-grande@example.net,2025-05-16,da Paz,ES
20a7bd2b-7b28-4240-957a-f3acf2868e39,Marcelo Cirino,kbarbosa@example.net,2025-03-25,Moraes do Galho,RJ
c6234ea7-6b31-4eba-8fd4-406e74cc3ccc,Raquel Pastor,ida-costa@example.org,2024-02-16,Borges da Serra,PE
5f57fb4d-1123-4989-b04f-e3ae6174328a,Ana Luiza Rodrigues,vitor-hugosales@example.net,2025-09-09,Ramos de Minas,CE
0d2942b7-d64d-4e41-860c-7add97283034,Eloá Teixeira,liam75@example.org,2024-01-27,Viana de Ribeiro,AP
98c5ad48-88bd-4eb2-bf1e-cb47497f5772,Ryan Jesus,mgarcia@example.com,2024-01-28,Sá de Araújo,MA
ddc1a52a-33ed-4201-bd18-4fb1a1de1bee,Yago Souza,yvieira@example.org,2025-05-25,Novais,MG
ec89f4e5-901f-4642-8a21-9afab9f1d95c,José Miguel Cirino,santosjuan@example.org,2024-01-20,Ribeiro,GO
dde27c5c-16ff-4061-9c37-2f449ffaf932,Leonardo Marques,,2024-11-14,Cardoso do Sul,AM
ae268144-d96a-4382-877f-68898381571d,Natália Ramos,franciscosilveira@example.net,2024-09-26,Pimenta,MG
aadf240b-16f9-4c59-a197-2ecc488a0867,Thomas Pereira,isis80@example.org,2024-06-30,Rodrigues,MT
b1dd0dee-3f41-4f9a-98ea-2e1947cc4ce4,Francisco Farias,rodrigo91@example.com,2025-06-01,Montenegro,DF
08d79c2c-6403-4541-9762-53104e1a92a3,Joana Caldeira,npinto@example.net,2024-05-04,Sá,ES
d4834d4b-b9c8-4515-bf9b-0f846214b817,Dr. Benjamin Moura,ooliveira@example.com,2024-08-22,da Conceição,MT
884ff473-8573-445f-8101-010f8b8122c6,Juan Freitas,montenegrolivia@example.org,2024-12-17,Araújo das Pedras,CE
f49928b8-37bc-4610-8a0f-32d05f8d119c,Rodrigo Ferreira,maria-clara51@example.com,2025-03-23,Nascimento de Goiás,BA
9fabefbe-e244-46c9-9b3e-5984d38503b8,Davi da Rocha,moreirabrayan@example.org,2024-12-10,das Neves,RJ
6af12fe8-d5a3-4683-a562-5fc75ccefd2c,Dr. Fernando da Cunha,bsiqueira@example.com,2024-01-15,Lopes,DF
ff17d4f7-f004-4c79-9e69-30ec73af1c9c,Ana Clara Carvalho,carvalhoantonio@example.org,2024-02-04,Siqueira de Machado,MS
6bffda45-7bc2-4b3a-a7ab-307937eefdb7,Ravi Lucca Montenegro,davi-luiz66@example.com,2025-09-02,Peixoto Verde,AM
ea1a2e4b-c07f-40f4-b922-0193cb582279,Pedro Lucas Nogueira,vcavalcante@example.net,2024-07-31,da Conceição,AC
3e279f68-246b-4c96-b806-f07894d4a26b,Marcos Vinicius Peixoto,luiz-felipe83@example.com,2025-08-30,Dias Verde,RJ
6787e207-752b-40c8-9ad7-0b312125bbff,Levi Sousa,nascimentoravy@example.org,2025-08-05,Rodrigues,MA
4e837396-5101-42ca-8750-fb1d663be802,Luiz Miguel Lima,maria-isispinto@example.com,2025-01-22,da Mata,SC
ee28a72a-eded-4646-b93f-3e44ebf93e8d,Sofia Alves,ana53@example.net,2024-02-27,Caldeira da Mata,SC
28aabe85-813b-4f00-8235-ffe6ede9bd80,Sr. João Farias,vieiracaroline@example.com,2024-08-10,Casa Grande do Galho,RJ
83a0ea55-eb7b-4622-a37b-34c2e7b99196,Renan Araújo,isabela12@example.org,2025-09-08,Farias,RO
d9290fea-7858-42d5-8a1e-37ecaefaa1b5,Sra. Ana Beatriz Rios,pimentaoliver@example.org,2024-05-08,da Costa,MG
ad415f02-3ce7-4626-8d0c-5fe1036b25d2,João Felipe Pinto,benjamim21@example.org,2024-05-19,Sousa,PI
dd6925c2-3a6d-444f-a4da-60d6d94a1502,Lavínia Garcia,dmonteiro@example.net,2025-02-21,Duarte,RS
11f62c32-e3e3-494d-8cbb-795d4d62ccbb,Erick da Rocha,upacheco@example.com,2024-12-27,Mendonça da Prata,PB
e2b288e0-c5ff-49b8-8c57-06d8f8812603,Josué Novaes,,2024-03-23,Rodrigues,SC
6696cc94-79ae-49fb-920e-9f22694ff4ea,Clara Sampaio,sabrinateixeira@example.com,2024-10-26,Sampaio Paulista,SE
76e54c04-3cc1-425a-bc8c-ccf2f0ca9f11,Maria Luísa Pastor,umoura@example.net,2025-09-16,Farias,AL
36f1a4ba-9eec-4066-9c74-5868e70aa117,João Guilherme Guerra,peixotosabrina@example.net,2024-08-31,Casa Grande,GO
49945870-f0ae-4433-b893-8405ecb28b91,Ana Lívia Rodrigues,andre95@example.net,2024-11-07,Fernandes,AP
bfd975a8-e780-41eb-b2db-c0721b7f6c3c,Luiza Fogaça,emanuelly70@example.net,2025-02-28,Farias,CE
f6bc9fdc-088f-44d9-9990-acdee868d0ce,Maria Flor Fogaça,hnovais@example.com,2024-07-05,Costela,DF
965db1e0-7423-4442-a4d2-c52c9a92dd30,Danilo Correia,duartecaua@example.net,2024-01-22,Pinto,PR
e694fa6c-e575-42f3-912f-0056255a62ea,Enzo Almeida,kpires@example.org,2024-01-01,Moraes do Amparo,CE
e61521cb-ff1a-43ee-8cee-df3f45388c62,Thiago Alves,thalessouza@example.org,2024-09-29,Lima de Costa,MA
1a1878a7-240b-40b2-92ee-bf9071e974b5,Guilherme da Cunha,pachecoemanuel@example.com,2024-10-28,Sampaio,RS
3ca901c1-17f9-49c0-9bbf-fa46661ac722,Olívia da Mata,joao-pedro36@example.com,2024-08-01,Vargas de Freitas,RO
3b4301f4-339b-434c-9457-ac961b187219,Dr. Yago Lima,mmontenegro@example.com,2024-11-14,Silva,RO
19088f1d-b633-4120-95bb-9aec7079477e,Antonella Sá,macedogabriel@example.org,2024-06-14,Ramos,MA
9ea4c9b5-32ff-4555-8c3c-b95b2417cdb3,Sra. Evelyn Montenegro,,2024-10-23,Mendonça,GO
92916fec-0eb5-4366-a27b-6921dacacbc6,Ana Júlia Sampaio,thiago56@example.net,2024-04-22,Macedo,SP
c1602513-e68e-47da-9359-b1a9f72aaa01,Sr. Henrique Fogaça,isispereira@example.net,2025-03-15,Machado,MG
a2174495-35c4-4ba4-9e4d-195e27470a0b,Vinicius da Luz,luanferreira@example.com,2025-06-18,Pereira,RR
d72f6532-6426-4680-98e4-2d067d23d944,Pedro Henrique Aragão,pimentavitor-hugo@example.org,2024-04-15,Andrade de Ramos,SC
acffb436-ab3f-4065-ace5-82acc16945e9,Pedro Miguel Farias,ana-vitoria80@example.org,2025-03-04,Barros,MT
371b0d91-8ebb-46f1-a0ab-687648e92e11,Maria Laura Albuquerque,garciagael@example.net,2024-01-28,Barbosa,SE
b74cc333-416d-4a1f-9572-789106cd237f,Maria Laura Sá,tpereira@example.net,2024-09-08,Pacheco,MS
fd1204b5-e2dc-4133-8fd5-7a4498927fe7,Dr. Ryan Rezende,livialima@example.com,2024-07-04,Rezende,RO
5b094e4d-e170-4a78-8caa-1f2fa6a0c429,Isabelly Garcia,cunhaarthur-gabriel@example.org,2023-10-19,Cassiano,PB
155168d4-e72b-4b0d-844b-6d3bb902f82f,Allana Barbosa,smendes@example.net,2023-11-04,Câmara Grande,PE
d8cbac8e-b563-4cf0-8a6e-de8d1545edd5,Eloá Rezende,leosampaio@example.com,2024-10-03,Vasconcelos,PA
91e6fda0-e398-4cd6-b67e-35d76c154b7e,Marina Pimenta,ana-luiza14@example.org,2024-11-29,Pacheco do Norte,MT
1b0dad45-07fd-4d2d-8971-7f95c5141614,Luiz Felipe Macedo,luiz-gustavo49@example.net,2023-09-21,Silveira das Pedras,PR
e0c120eb-dda8-4e80-b522-cfba20f43396,Rafaela Cavalcante,asafe54@example.org,2024-12-28,Martins,PE
e278fc90-d313-49e2-bbbc-f0b5aed9bfa8,Larissa Pires,luiz-otavio10@example.com,2023-11-24,Garcia,RR
6a986072-5741-4931-b6fb-bb7efb788855,Maitê Rios,sophiafreitas@example.org,2024-07-21,Cunha,RS
fa2df439-0281-42e4-a15f-2ecd91688f43,Benjamim Costa,aliceborges@example.org,2024-11-30,da Paz,BA
f7f86db5-e267-48f8-bcf4-801ae551c5a7,Maria Helena da Mota,yan09@example.net,2024-10-15,Castro do Oeste,MT
9ab923a6-c35b-4502-9ef8-b1af1454ece5,Maria Alice Marques,sousamaya@example.org,2024-10-31,Porto da Prata,RS
ea4f36d2-c263-4323-86d6-a7205e462f2e,Ana Luiza Alves,ymartins@example.com,2024-01-22,Pimenta,DF
a316e660-01d6-44ba-9843-80b9f51fea89,Gustavo Henrique Castro,rebeca99@example.com,2024-05-01,Moreira,RS
040501e7-5c83-41ea-8661-9c6da53f1cb1,Emanuella Machado,tfernandes@example.org,2024-02-06,Castro da Praia,CE
6b1f2c0c-2e1c-41bb-abc5-a61f6bf43eef,Samuel Câmara,llima@example.org,2025-08-18,Fonseca de Vieira,MS
9d3f0b8f-0920-43f9-b0e9-bb89acbbc90a,Dr. Antônio Farias,fduarte@example.com,2024-04-07,Ramos de Teixeira,SE
fd533a4b-6157-45fe-a953-1459283cf526,Bianca da Rocha,davi-miguel21@example.org,2024-11-11,Gomes,PB
d9ff3e62-5924-4fa2-ad64-c1d86e7568e7,Bento Câmara,,2025-02-02,Macedo,MS
0cd62aa8-fa2b-4cfd-bfa1-8d58f4162ef7,Rafaela Fernandes,da-costaana-julia@example.net,2024-10-03,Rodrigues,AP
e4339447-79e0-40e2-86f1-e37251e8c9fd,Marina Marques,sarah57@example.org,2025-09-08,Cassiano de Novaes,PI
03db382a-7d24-4a4d-ba5f-526a60387150,José Miguel Leão,moreirajoao-pedro@example.com,2024-01-31,Dias,DF
,Henrique da Mota,tpinto@example.com,2023-12-18,Costa,PB
c8967ac2-1f31-499f-85db-dad23c2ab4db,Bento Gomes,rebeca63@example.net,2024-04-18,Abreu das Pedras,MS
3ffe4c03-97e8-475a-a366-bbf8f0d25315,Manuela Duarte,ravi72@example.org,2024-11-24,Camargo,SC
f16fcef4-cc2c-4bb1-95f9-a128ac764cce,Arthur Gabriel Guerra,ninaandrade@example.org,2023-10-19,Silva,PR
001e7a8e-a345-4c3e-b1f4-0f830106483c,Melina Ferreira,upeixoto@example.com,2024-11-05,Aparecida,AC
aed7e2d7-a007-4b0e-a164-9bb4f1c42d1c,Melina Jesus,heloisasilveira@example.com,2025-04-27,Abreu,MA
,Mariah Azevedo,camposhenrique@example.com,2024-07-12,Sales de Sá,MA
baa6608a-a1be-40dc-a822-26b429d950e1,Diego Vasconcelos,emanuelgarcia@example.org,2024-03-10,Gonçalves,RO
44ac6f06-92f1-4240-b701-512085a79fcc,Srta. Sara da Mata,joao-lucas37@example.net,2024-08-27,Caldeira,ES
c42e0538-8fba-4372-bcf2-496cbe8508e6,Luiz Miguel Moreira,maria09@example.org,2025-08-31,da Costa de Goiás,MS
373cdd90-d082-411d-97bc-b6d6e17f4f1c,Isaque Mendes,mouranathan@example.net,2024-05-15,da Conceição,DF
,Leonardo Rios,,2024-01-21,Pires,RS
56279f85-333e-4751-97d7-7e7d4927f331,Maria Sophia da Rocha,alana19@example.org,2025-07-18,Rios,MS
f1a2cd0c-667c-4b15-bb7e-f26e7aea41c3,Larissa Andrade,correialunna@example.org,2025-09-14,da Conceição do Amparo,RS
9e1faaae-adae-4762-acde-c4f38be5be03,Sr. Apollo Cirino,caue51@example.com,2024-10-03,Oliveira,MS
3b03d989-507f-42df-a670-b6b8dad5aa9d,Srta. Ana Laura Oliveira,alexandre76@example.org,2025-06-21,da Conceição do Oeste,SC
4cdee2f6-fdf0-4cd9-8f1a-173fe64d3aa9,Antonella Moura,nina00@example.net,2024-07-28,Lima do Galho,RS
56ffb497-52b3-4c85-bf2d-ad73a7d8775c,Vitor Gabriel Pereira,lferreira@example.org,2024-10-12,Andrade de Lima,ES
dc237fb8-0473-407e-9536-aa8d34b4c866,Sr. Renan Garcia,caioda-cruz@example.net,2025-01-13,Vieira da Serra,AC
82bb2de8-b0cd-4380-9713-3da735587df9,Dr. Luigi Nascimento,luiz-otaviocamara@example.net,2025-06-25,das Neves,MS
9ac264ae-715c-4b04-9ddc-ddb3c74bdfb4,Sra. Luara Gonçalves,sophiecunha@example.com,2023-10-11,Pacheco,PA
df08ba41-3071-4799-83ca-1cb5344bd3da,Eduardo Melo,isabelacampos@example.com,2025-02-01,Sá do Amparo,RO
4d9c42a3-ce42-4916-849a-de2ea177f24b,Fernando Duarte,camaralevi@example.org,2024-11-14,Caldeira das Pedras,PA
8b19506a-0441-4f11-af61-1345c43b7cbd,Yan Monteiro,halbuquerque@example.net,2025-06-03,Ribeiro,RR
e88f7368-709e-411a-8ea6-6541f5abacd8,Dr. Dante Pereira,theoda-mata@example.com,2025-01-14,Gonçalves do Oeste,AP
53a07a8c-567a-46a4-afe6-1ba9b00290c6,Emilly Abreu,ngarcia@example.com,2024-12-11,Campos,SC
a00da084-e4c7-4553-b4d2-0ac5478cb467,Srta. Isabella Cunha,augustoda-rocha@example.com,2024-02-26,Cavalcanti de Moreira,GO
47ec7ef2-02c1-4945-a8e7-23eaad6d2207,Ana Luiza Santos,antony30@example.com,2024-04-26,Cardoso de Teixeira,SP
0cd6db5f-4939-4d9e-8d1a-d3b40ee79b74,Sra. Maria Luiza da Mota,agathanovais@example.net,2025-07-16,Pereira de Minas,MA
4937dd6c-7c51-40a5-934f-55ea11dd7182,Valentim Almeida,sda-conceicao@example.com,2023-11-24,Freitas,RN
92847240-a654-44e9-a752-9170d32c883a,Heloisa Pinto,ialbuquerque@example.org,2024-12-01,Pastor,PB
001e7a8e-a345-4c3e-b1f4-0f830106483c,Melina Ferreira,upeixoto@example.com,2024-11-05,Aparecida,AC
ea4f36d2-c263-4323-86d6-a7205e462f2e,Ana Luiza Alves,ymartins@example.com,2024-01-22,Pimenta,DF
78483f1f-0776-4a78-b95f-ed82c06e160e,Dr. Pietro da Conceição,,2025-09-11,Vasconcelos do Amparo,AL
84a70675-d912-4c55-a51c-158e809f9067,Otávio Fogaça,davi-luiz35@example.com,2025-01-08,Fonseca,MT
14819fcd-39d3-4be1-a964-83fe8a6e8e92,Maria Vitória Pacheco,hellenapastor@example.net,2024-06-28,Sousa Verde,SC
26bdbb40-cade-4f06-b86a-728a82164899,Maria Júlia da Mota,pnascimento@example.net,2024-07-17,Almeida das Pedras,DF
95388cc8-2b86-44b6-be4b-2457391f1b55,Bruno da Cunha,maria-laura93@example.org,2024-09-15,Guerra de Moura,RN
45e30f92-d548-4e1c-9cea-8c1b6d7d25da,João Vitor Montenegro,stephany81@example.com,2025-09-12,Vargas,PE
2dfbfe83-d56a-4d3f-8f41-c6fd05f88299,Diogo Martins,boliveira@example.net,2025-03-03,da Mota,RN
71577332-6fdf-4d5f-aded-31b99ca3c641,Kevin Rios,casa-grandeisis@example.com,2024-05-08,Rodrigues Paulista,SE
54b571f7-b724-4ff8-bff4-2159e5bbe3ef,Laís Sousa,,2024-08-11,Siqueira,DF
1f822995-3c83-42e5-b163-39d253cedc0a,Gabrielly Jesus,dfogaca@example.org,2024-11-07,Marques,RN
f4cd9827-a4d6-434c-9b0a-84ef5ba254f7,Ana Liz Nascimento,das-nevesisadora@example.com,2024-09-26,Araújo,SE
31773442-f4f9-49d1-b35b-ae92902db405,Srta. Maria Flor da Cunha,,2025-02-25,Campos,MS
b1fadda9-4967-4e1c-8097-23ebcac37161,João Alves,davi-lucas39@example.org,2025-07-07,Lopes,SE
c8cd59cb-8923-4db0-8aee-58e5d4e6c2c5,Vitor Dias,ryanda-rocha@example.com,2024-11-28,Marques,PI
22c88939-164c-4db0-863d-9b7acb5b57d9,Ana Beatriz Santos,amoreira@example.com,2024-05-08,Moreira de Minas,AM
d03b05c0-c4aa-4929-8522-ce261c5c4324,Dr. Vinicius Leão,da-rochatheodoro@example.net,2023-12-28,Sales,MA
8032b35c-7b3a-47f2-8d55-626b8e9e214e,Francisco da Cruz,,2024-03-29,Vargas,RJ
68036071-ec09-4cbf-92bc-4b1eaadd634f,Marcelo Andrade,laisporto@example.org,2024-01-30,Barbosa dos Dourados,PI
eb120368-11bc-43eb-8ed0-0aa92b2f57dd,Léo da Costa,,2025-02-05,Abreu de Alves,SC
d06112ec-27da-4082-881f-74347fc750dc,Sra. Clarice Pires,mathias30@example.com,2024-04-03,Carvalho de Goiás,SP
35e57b4c-fea2-4760-907f-6fdcf94f4444,Luiz Otávio Pastor,pimentaarthur@example.com,2024-08-21,Vasconcelos da Praia,PR
,Brenda Alves,fariasrafaela@example.org,2024-10-30,Sá de da Rocha,BA
eccb0f7f-2ba1-4338-bfdb-2bf2f109a411,Melina Castro,arezende@example.com,2024-07-28,Fernandes da Praia,DF
86adc75a-08f9-4b73-846b-6dff56f243af,Alícia Andrade,ayllarocha@example.com,2025-02-25,Fonseca da Praia,SP
f5c71a39-eaed-47f9-b9c1-d6b3615b4937,Maria Laura Cavalcante,pedro-henriquebrito@example.com,2024-06-28,Cardoso,AL
62eb37b1-4e86-4a0c-a810-8756000f59da,Sophie Castro,bianca31@example.org,2025-08-23,Freitas,AL
6bfb4717-84c1-48a1-9493-25c950c2102a,Luara Freitas,macedolarissa@example.net,2025-07-25,Costela,MG
cda8cb22-cbb8-4c32-b860-ea419d997385,Stella Marques,luisa00@example.net,2024-03-20,Casa Grande de Peixoto,MS
d63dec2c-fdd3-442b-b505-977acaaf5acf,Bruno Pereira,fernandesravi-lucca@example.net,2025-07-15,Teixeira,SP
7450763c-ea9a-4d81-9fcd-1a552745a07f,Sr. Pedro Oliveira,jcardoso@example.org,2023-10-06,Alves de Mendonça,DF
95e141b5-937c-4593-a392-7bc85111c995,Bella Jesus,maria-helenavieira@example.org,2024-12-30,Mendonça,MS
4ae11a63-23b2-4a01-bd2a-7614a0b21156,João Pacheco,,2024-08-15,Cardoso de Camargo,MT
