user_id,name,email,signup_date,city,state
f3ad6c98-4827-4fdc-b0a6-c8d6a1b972db,Catarina Dias,dfernandes@example.net,2024-04-28,Gonçalves Grande,PE
24236925-9938-4bc2-af08-bd345bc433e6,Laís Ferreira,pedro-lucas47@example.net,2025-05-07,Macedo do Sul,AP
f685c8e3-59a8-4711-8126-e9864185ec99,Henry Sampaio,luaramendonca@example.org,2024-05-09,Gomes Paulista,TO
a23e9891-87e3-4216-a48a-41f6704983fd,Ana Beatriz Aragão,cavalcantevitor-gabriel@example.net,2024-07-04,Camargo,GO
a944ad2d-5cf4-45ed-9355-8e8e09665e64,Manuella Costa,loliveira@example.net,2024-10-12,da Costa,PB
5daf4e1c-b652-4cef-bc2a-bc575b42081e,Sr. Enzo Melo,samuel15@example.org,2025-01-27,Pinto do Amparo,SP
,Anthony Cardoso,rhavialbuquerque@example.org,2024-04-01,Vieira,PI
2519b6ff-9b8a-461c-8f8e-e85165e050eb,Sra. Isabela Gonçalves,marquesmariane@example.com,2024-01-06,Andrade do Norte,SC
6f067fd4-0b50-4844-9f7a-66f9bbbcb606,Marcela Porto,isis72@example.com,2024-08-24,Sousa,BA
b361fdff-8efa-4f6d-830e-60c4372893dd,Maria Helena Fernandes,theodororodrigues@example.org,2025-08-17,Duarte Alegre,MS
3d6d3ab4-5a4d-418e-a12d-93069e9e2740,Isabella da Costa,goncalvestheo@example.net,2024-01-10,da Rosa,BA
,Brenda Pinto,davi-luiz66@example.net,2024-07-02,Câmara,PI
36643c68-8f8d-4e5f-91b8-ad555332dd2e,Luiz Miguel Correia,garciaenzo-gabriel@example.com,2024-08-10,da Cunha,DF
bcc93064-5bde-4ac1-b10c-89aa6599035d,Agatha Câmara,britoerick@example.org,2024-05-17,Araújo,DF
36fbff0c-9392-4461-a683-25b9aa8cc1f1,José Pedro Câmara,amandadias@example.net,2024-02-02,Carvalho das Flores,PE
91c9a783-026a-4b7f-9c08-b70d3e9c9a27,Sr. Dom Santos,unascimento@example.org,2025-03-11,Brito,AM
56fe670c-654c-4146-817c-8f540991d93d,Sr. Cauê Macedo,osilveira@example.net,2024-11-18,Pereira Verde,MT
67f36fe1-7818-4842-91b4-e5b535728255,Pietra Guerra,sazevedo@example.net,2024-06-30,Pimenta dos Dourados,AC
8beaeaad-124b-4614-bcf9-8707b04fb154,Maria Julia da Conceição,xgoncalves@example.org,2025-08-30,Carvalho,ES
70872e28-64ec-4fb3-9415-7e366dca386d,Mariana Cunha,fernandaaraujo@example.net,2025-08-17,Teixeira,SC
6052704d-5cb7-4072-a0f8-76744809ae70,Ian Pimenta,bduarte@example.com,2024-04-15,Moreira,PA
29407889-1d64-42d1-a454-4b478daae7ef,Dr. Daniel da Costa,kcassiano@example.net,2024-04-07,Farias,PR
e8689795-c430-4a6d-9c61-a1edfd005f21,Isaque Pereira,cazevedo@example.com,2024-01-09,Sá,AC
ac89c864-5f17-45e4-9333-6f953b1918ea,Gustavo Sales,thomas44@example.org,2024-10-26,Freitas,PI
83f340e5-e63f-40c8-abe5-2b82a109c296,Dr. Matheus Freitas,qduarte@example.com,2025-01-18,Câmara de Cirino,PI
e327f5f3-21ad-4105-a485-e3ff1a7e1bef,Asafe Teixeira,rodriguesjade@example.net,2024-12-20,Câmara,CE
a7400154-4ea5-4363-ad39-3900aec17fb9,Samuel Moraes,rcarvalho@example.com,2024-12-23,Barros do Campo,SE
862fac18-fd2e-4c8c-8fc6-af4974659165,Henry Vasconcelos,jbrito@example.net,2025-01-28,Mendonça das Pedras,PA
bf6e20e8-af5a-4fcd-85e5-4cf6945b8c62,Brenda Rodrigues,jsantos@example.net,2025-02-04,Siqueira,PE
f194d4a5-8182-473f-b09a-04f12e908894,Sra. Eloah da Costa,salesthomas@example.com,2024-07-11,Pinto,SP
153c5c4a-fafb-451c-8355-507d4cce7f60,Marina Vargas,apollorezende@example.com,2025-02-10,Moraes da Mata,GO
f6736d80-3b76-4bae-9c68-7357d56b832a,Marina Duarte,da-costavinicius@example.com,2023-10-11,Câmara,TO
,Hadassa Fogaça,ana-sophiada-rocha@example.com,2024-12-07,Garcia do Amparo,RR
4b6bc601-8063-4ba3-85e3-665311ecd921,Srta. Luiza Gonçalves,thomas90@example.org,2025-06-03,Silva do Galho,CE
925ed5dc-310c-4299-aaa2-c41b5c456757,Camila Cavalcante,aragaomateus@example.com,2023-12-08,Sá da Serra,SC
5198cdc5-cc7a-43c5-9880-9371038a0bf9,Sra. Daniela da Rosa,juliapires@example.com,2024-02-01,Rodrigues Verde,SC
6a5172ef-d8e4-4388-970b-b09040e733bc,Leandro da Conceição,scasa-grande@example.net,2023-11-29,da Cruz,AM
e83cf3bb-6c67-4e58-babc-dcbcadd6c827,Diogo Gonçalves,salesgael-henrique@example.org,2023-12-26,Costa,RR
36686403-a200-4509-8ee5-53e75bfa47aa,Bruna Castro,danilo76@example.com,2023-11-29,Câmara,RN
c90ecf4c-517d-421c-99f7-23e48d54927e,Vinicius Martins,uleao@example.org,2024-02-06,Cirino,PB
6e827a9b-d774-42da-bd11-38793e8158b8,Manuella Jesus,da-pazpedro-miguel@example.org,2025-01-25,Novais,PA
d0a3e332-48af-4e9b-a148-4c4090774677,Natália Moreira,maya13@example.com,2024-03-21,Gomes de Sales,SC
208422c4-7a17-427e-bc40-6d9151da4087,Sr. Bruno da Paz,calebevieira@example.org,2024-01-02,Aragão,MA
4d6e724a-4942-48ee-a674-836e1e08fe97,Maria Júlia Sá,cavalcanteandre@example.net,2024-07-20,da Cunha,BA
7fa7ef21-6e85-4a92-abc6-7cfbc3845e84,Aylla Marques,luiz-miguelrocha@example.org,2025-08-24,Rodrigues,CE
b91cec3b-67cf-43d2-b531-bfac83014a05,Isabela Martins,pachecomaria-sophia@example.org,2024-01-16,Oliveira,RJ
97a3e7f1-6e80-44cd-a679-d6f349721fca,Isabelly Sá,agatha33@example.org,2024-09-25,Vieira de Dias,PI
2884aa35-66a3-45fe-ae3c-0b69692385b5,Lunna Lopes,vpereira@example.com,2025-05-26,Siqueira,PE
fa5e9333-a9f1-4e86-ad33-b55cb7c2bd6d,Luiz Felipe Nogueira,isadora50@example.org,2025-07-07,Cunha,RJ
21d6c392-063a-4021-b38a-833ad252770e,Marcela Mendes,maria-julia30@example.net,2025-02-04,Câmara,MT
738f0303-6ad9-4166-9a29-270e3491861d,Enzo Gabriel Rios,marina82@example.net,2024-07-05,Teixeira Alegre,MG
f0cf79ac-0023-4e46-9c33-a1d5ebe51b11,Ana Lívia Rios,upinto@example.org,2025-08-27,Cavalcante de Goiás,PI
8b9ac070-b41b-4e5b-bc7d-c0f0d63f80ec,Mirella Cirino,carvalhoantony@example.org,2025-01-26,Barros,MS
756ad51d-75aa-46c2-8679-376d5e81950f,Sr. Francisco Pastor,liam62@example.com,2025-01-29,Novaes do Amparo,PR
0d25e096-a35b-4190-a692-73cec89f0f47,Ísis Fonseca,mendesana-livia@example.org,2025-08-15,Marques da Mata,PR
7b2d3b6d-a548-4264-a77b-cd17023f2619,Letícia Costa,augustocarvalho@example.org,2025-05-14,Moreira,AM
57d066fd-68f2-4942-97e1-aafd405032fb,Clara Vargas,ocavalcante@example.com,2024-06-13,Câmara,TO
3941cd75-c9cd-4bcc-a296-9d7f3d00f291,Vicente Campos,gabrielada-cunha@example.com,2025-07-02,da Rocha,ES
78041ee6-15dd-48ef-b7c2-fc98f4993a57,Isabelly Moreira,evelynsilva@example.com,2025-06-03,Souza de Lopes,SP
153b9182-18e7-4ed0-89cb-ae013b5ef0a5,Catarina Moraes,jesusjuan@example.org,2024-07-26,Siqueira,SE
a1269c98-16a7-4813-b0e7-8b2536aedb62,Dra. Lorena Souza,cavalcantejade@example.net,2023-12-03,Gomes do Sul,PA
9fdcec84-5625-4687-9038-2006a9daaebf,Dr. Henrique Garcia,rebeca56@example.com,2024-07-18,Nunes,RR
22d01f72-085e-4a51-9712-7cecd8a91b1b,Sra. Laura Abreu,fernandovasconcelos@example.net,2024-08-31,Abreu da Serra,RJ
20add467-b364-4671-91cd-9dbfd8bbf5a8,Lucas Gabriel Siqueira,npinto@example.org,2025-07-03,Vieira dos Dourados,BA
d2a7a418-ea23-4210-8579-444e1f147726,Sr. Anthony Campos,heloisa99@example.org,2024-01-28,Rezende,SP
444cdf3f-eafc-4158-9175-8ed770a4ea3b,Yuri Mendonça,,2025-05-07,Peixoto de Borges,AP
3420d5b4-54c0-4c84-bdd8-3658d1207a6b,Isabela Cunha,,2025-05-25,Dias das Pedras,GO
eca3e424-43d1-44e6-b095-62758d14d244,Breno Aragão,dpimenta@example.net,2024-01-27,Cassiano,MT
9b1b3c91-4da8-4608-87b6-e125f37e32fa,Jade Cunha,da-cruzjulia@example.com,2024-04-12,Souza,TO
9880657d-dba5-4f06-9a68-cd5c9dad4be5,Liam Barbosa,matteo02@example.org,2024-01-15,Martins das Flores,PR
a11d77c0-715d-45de-86ab-cf9f39ee44d7,Pedro Miguel Correia,marcos-viniciusda-paz@example.net,2025-05-05,da Rosa,RR
0cd062af-4f7d-48f1-9e73-c420805c428d,Manuela Rezende,qda-rosa@example.org,2024-05-16,Nogueira,ES
79e1951e-e416-43ec-98ee-b3dc2c924402,Maria Cecília Barbosa,jesusdom@example.com,2024-09-18,da Luz,MA
f608b1ea-e597-4c59-b3e8-6ad78b0cce2b,Giovanna Macedo,anthony-gabrieloliveira@example.net,2024-06-09,Pires,RS
d37a5351-fd98-48fc-8357-22d0304e1932,Otto Leão,portodanilo@example.org,2024-01-17,Azevedo do Oeste,RS
6f82bd8c-4355-442f-ab25-ee7807b4857f,José Pedro da Rocha,yasmin46@example.org,2025-04-27,Azevedo do Amparo,MT
b466b2f2-a994-44fe-85d4-ec2432b1cede,Maria Isis da Cunha,zalbuquerque@example.org,2025-05-26,Pereira,RO
db32e7c8-6f09-4c3e-9729-91f9270875fb,Sr. Alexandre Cardoso,barbarapeixoto@example.net,2024-07-28,Lopes de Minas,PB
90b1295c-4230-497f-aa35-fb87bdc370a3,Guilherme Novais,nicolascavalcanti@example.net,2025-04-10,Pacheco,ES
2e62d56c-b1d1-4ad7-9605-e35dfd4075d9,Bianca Cavalcanti,joao-guilhermepereira@example.org,2025-07-26,da Cunha,CE
c7a9a2db-acba-4fea-83ee-467495e46bbb,Zoe Marques,joao-guilherme08@example.net,2023-12-21,Cassiano de Vargas,MT
5132a80f-2cdf-4c37-96de-52029e1d35d0,Lorenzo Martins,ravida-rosa@example.com,2025-06-22,Souza da Mata,RS
79910121-96a0-4e2f-b030-29b91dce9792,Isis Cavalcanti,gaelcavalcanti@example.net,2024-11-08,Aparecida do Amparo,MA
c41773d5-a948-4132-a301-e6c87f2ae319,Maria Laura Rocha,marcelo56@example.org,2024-03-01,da Cunha,RN
2d660c95-694f-4268-866c-cace01132aa8,Leandro Moreira,hellenaaparecida@example.com,2023-09-22,Peixoto do Sul,AL
85505726-f94c-41fd-ac11-1d70763dc001,Marcela Castro,saana-luiza@example.org,2024-09-05,Ramos do Galho,SC
4b67eb8b-068d-423b-9525-d4bc7649d0f8,Eloá da Costa,,2024-02-07,Brito de Minas,CE
6600ab84-447d-403d-9011-3b10c08f3985,Sr. Carlos Eduardo Lima,gomescarolina@example.com,2024-05-16,da Mota,AL
f0e472f2-1290-4410-a005-54474d54d055,Rafaela Rios,da-luzrael@example.net,2024-11-29,Aparecida do Norte,RS
7931b14d-bd70-4383-a366-41ead45e2f70,Luiz Fernando Silveira,jose-pedro39@example.com,2024-07-11,Cavalcante,SC
000a700a-c49f-4155-ad3b-5b2520a57c8d,Luana Novais,nascimentomaria-sophia@example.com,2024-06-19,Alves do Campo,RJ
8e0686d9-cf0f-407d-b68a-8c76122e566a,Enzo Gabriel Aparecida,abarros@example.org,2025-05-01,Montenegro,BA
09187d84-3525-490d-9938-2940a3c55a71,Benjamim Azevedo,novaesbella@example.com,2023-12-26,Fonseca da Praia,RJ
c9492bdb-a641-42a9-a99e-844e48606043,Luana Fernandes,thiagoazevedo@example.com,2025-01-22,Ribeiro Verde,SP
0de4a28f-b305-493b-9b8b-0523b2a27a2a,Hadassa da Conceição,maysaleao@example.com,2025-04-30,Farias,TO
e4204031-6023-4d5c-a114-fd2c72843023,Mariane Rios,cardosobenicio@example.org,2025-02-08,Peixoto,AL
e7542bfb-10df-40e3-a901-e53796295e2d,Stella da Paz,aragaovitor@example.net,2025-03-26,Nunes,PR
a59079dc-2835-4648-82ce-d5a1fe92f997,Sr. Noah Silveira,jose-miguelsouza@example.net,2025-04-01,Pastor de Minas,GO
1fd3d3e5-27d2-4454-80de-2824375dc33d,Luana Pinto,nathansiqueira@example.org,2025-02-18,Cassiano de Borges,RR
814233a8-48f1-4ed8-bfb0-bcf9b9eebe32,Srta. Mariana Cunha,ana-liz81@example.net,2025-05-24,Montenegro do Oeste,RN
80e1547b-8aa2-4648-9304-05657b9acd73,Maria Flor Machado,xda-paz@example.com,2025-07-17,da Paz da Mata,AL
e57c38f5-8a6f-4290-b398-21757d2ba623,Manuella Vargas,clara93@example.net,2023-11-22,Rocha da Prata,RN
a6abfa4c-d56c-4c8e-afae-826aacc93478,Srta. Nicole Sousa,ester59@example.net,2025-03-27,Aparecida dos Dourados,SC
29b34cde-c1cc-4314-af27-a55f28bcfa3d,Dr. Danilo Duarte,vargasayla@example.com,2023-09-25,Lima do Campo,MG
b5fdc352-6ba0-4d92-9707-9577deaebba0,Diego Alves,ana-laurada-cunha@example.net,2025-06-22,Azevedo Alegre,PA
df5dc6ab-959d-477e-8639-9783da21a0f1,Arthur Gabriel Novais,,2024-03-20,Alves,CE
c42c34be-2950-45be-ad66-aeaee74efc80,Hadassa Jesus,sabrina74@example.org,2023-11-02,Gonçalves,RN
724b5481-5aea-4d4f-b06c-5278db153426,Anthony Araújo,ida-conceicao@example.com,2023-11-08,Rocha,PE
ae2085c8-6b73-45f5-bc12-bad52b46b06d,Sr. Guilherme da Mota,cavalcantemaria-luisa@example.org,2025-07-26,Cavalcante da Prata,CE
8067b256-82fa-4896-b54f-7651a3b66776,Marcela Campos,cunhamaria-cecilia@example.net,2025-09-01,Novaes Verde,RR
4a528641-096b-4762-81a4-546be8ca53d0,Davi Luiz Costela,ecarvalho@example.net,2025-05-16,Santos,GO
31c321f3-0b13-43be-b56e-d7de2f930bce,Stella da Luz,lizmendes@example.org,2025-03-23,Caldeira,AC
af750a8f-878f-4929-871c-979b6b3a9a9b,Maya Silveira,franciscoribeiro@example.org,2023-12-28,Rodrigues,MS
,Carolina Pinto,ana-laurafarias@example.com,2024-08-10,Lopes da Prata,SP
d7de2416-a07c-4f5d-a472-849af61e4f34,Yuri da Cruz,barrosgabrielly@example.com,2024-11-28,Jesus,PI
60c062d4-85cf-48fa-a5d7-a53235a3aeee,Allana Rocha,stellaabreu@example.net,2025-04-01,Cardoso de Santos,SE
1a3a8ff0-aea0-4e33-b1eb-c2dd82ae9ab3,Srta. Hellena Cunha,da-cruzcecilia@example.com,2025-08-13,da Luz Paulista,PB
60786c35-fd63-4bac-b9a2-3b26b8ff69e2,Ana Carolina Abreu,isabella04@example.net,2025-09-12,Rezende,MG
bc0f983d-9d37-4efb-af4a-06d446029008,Sra. Maria Fernanda Sampaio,,2025-04-02,Azevedo,RN
51d3898c-7eb5-4f74-91f9-64a7ea116e5f,José Pedro Moreira,dduarte@example.com,2025-05-28,Siqueira da Serra,SE
ff3a0b37-d7bf-47f2-91b9-8b033cad4f1c,Dr. Lucas Gabriel Novais,nda-mata@example.net,2025-04-29,Cavalcanti,AL
9eaf0aa9-fb77-4ed1-aa37-f09ef6b9a71e,Marcos Vinicius Novaes,esthercirino@example.com,2025-02-17,Brito,SE
e65fb3a3-dce8-4bba-99e5-13847197489c,Diogo Novais,eduardofernandes@example.com,2024-12-15,Pires,ES
1061b529-8154-4f24-8e6f-102dae14b139,Rhavi Ribeiro,maria-fernanda20@example.org,2025-04-28,Barros,RR
8b4c0b20-d12b-441d-b171-d0c2f38a9b68,Luna Guerra,isabel00@example.net,2024-07-20,Nunes da Praia,TO
cd1e5f00-2c6e-4b96-a859-32455bcca176,Dr. Vitor Hugo Ramos,levi73@example.net,2024-05-04,Costa,PB
e0ce7107-e077-4230-bb15-20efa9d2f65f,Yasmin Peixoto,alveszoe@example.org,2025-03-25,Souza Paulista,RS
37d95d2c-3bd9-4ece-87be-c8c092baee7d,Letícia Aragão,lorenzomontenegro@example.org,2025-07-05,Garcia de Santos,BA
39ce1efb-20c3-4c4d-ba7a-be6d3dd8ad60,Sabrina Mendes,da-cruzsamuel@example.net,2025-05-19,da Mata de Caldeira,PB
300eb70f-d127-4caf-af84-23108354bfe1,Emanuelly da Cruz,nfreitas@example.com,2024-02-22,Gomes,PA
ebc5860a-d013-461e-a5af-d58a21b46ff2,Sra. Isabelly Costela,,2024-03-19,Pastor,PB
8a18e31a-e895-47d8-89a1-4e4410afcfe1,Ana Liz Moreira,amanda14@example.com,2023-09-20,Fogaça,PI
8edc0364-016b-48b1-bc7b-dbbc586da76e,Camila Jesus,igor98@example.org,2024-07-14,Ribeiro do Amparo,MA
6fec9c73-3eda-4d03-8b5c-5b8f40494310,Dra. Ana Clara da Cruz,guerratheo@example.net,2025-05-07,Aparecida Verde,AL
6051ca7b-90ef-4058-8399-2bca89a81f50,Antony Leão,dmartins@example.net,2025-04-25,Ramos de Minas,AP
,Júlia Oliveira,brendada-paz@example.com,2025-08-09,Albuquerque,PB
0457160a-19f6-47d2-a490-67edf92fed91,Breno Costa,,2024-10-14,Martins Paulista,DF
bb0877fe-dfa8-4ae3-a36b-f598513dacf6,Stella Fogaça,lpeixoto@example.org,2025-07-09,Moura de Sales,MT
89fd5bbf-8ae7-4ddb-b979-ee7c20b1ddbd,Anthony Fonseca,,2024-03-02,Macedo de Aparecida,RR
5d162879-f9cf-4f5d-bff8-e61f1e0dc35a,Carolina Sá,manuellapacheco@example.org,2025-06-18,Martins Verde,MA
837f2f23-71f8-46a7-84fc-3a33691ae64a,Ana Rocha,anunes@example.net,2025-01-17,Dias,PI
6e4e791b-ac1d-4402-bfb4-92c1471b4f7e,Levi Viana,nalves@example.com,2024-05-07,Castro de Nogueira,SE
9111c020-5c81-4048-b811-7dc5911c5721,João Vitor Alves,davi-miguel90@example.com,2024-12-15,Rodrigues Alegre,MS
26980791-8e12-4d27-a424-912f11bec8a0,Maitê Montenegro,britomaria-isis@example.net,2024-02-20,Fonseca,PA
d46a9ed4-33a8-4946-9212-f33ec8c95f07,Emilly Rodrigues,luisafogaca@example.net,2025-03-23,Casa Grande de Fernandes,MT
01b5b846-952b-4dd1-8091-10048bdd0d21,Srta. Cecilia Caldeira,,2025-09-14,da Conceição do Sul,TO
8e6ddac4-ee22-4d35-9ac1-0b936ad20511,Liz da Mata,maria-luisa71@example.net,2024-09-15,Santos de Machado,AM
c6212653-dc48-4e81-9d3d-b42e19dd619b,João Vitor Rios,nascimentoluara@example.net,2024-02-21,Rocha,PB
b840f8c2-4752-45ae-9cec-a0f8b567dee5,Bruno da Conceição,da-costaester@example.com,2024-08-23,Silva,PA
c96eafec-58eb-4baf-9f06-7e45f3d15c5e,Bruna Nogueira,ana-carolina61@example.net,2025-03-14,Almeida,SC
859f60d9-e28c-4af4-bece-13e784774a0f,Maitê Carvalho,emanuella54@example.com,2025-03-07,Silva de das Neves,SC
31e12562-9751-41b5-84c6-6510a9d6e318,Henry Gabriel Andrade,bsampaio@example.org,2025-03-05,Campos,SE
89e97299-e62f-4c05-9649-bf17a6e93345,Yago Peixoto,isis21@example.net,2024-06-23,Almeida,TO
,Jade Fernandes,epereira@example.com,2025-03-14,Machado,SE
4445c6e7-4e58-4772-927a-697feffc5088,Ravi Mendes,camargodiogo@example.org,2025-09-10,Pacheco de Goiás,AM
74402c39-d8e5-4e98-b60f-4b1ac9035b6d,Benjamim Pastor,renan75@example.net,2024-02-24,Costa,PI
72d1f353-a5b3-4d8f-b99b-38411b6ed343,Maria Luísa Farias,gabriellyfarias@example.com,2023-12-12,Castro,CE
889a5931-dff2-47eb-87dd-fab5fede7a8e,Lucas Gabriel Câmara,hadassa41@example.org,2023-11-29,Farias,AC
d7b26088-b587-4470-94f5-da6b3da1bf48,Sr. Daniel Rocha,yribeiro@example.net,2025-07-06,da Rosa do Sul,AL
1ffd3032-6a08-432e-9014-f669df554a91,Henry Gabriel Campos,,2024-10-11,Moreira de da Luz,PB
57edd1f6-8387-4ca5-8426-16c5a7c407ba,Hadassa Rodrigues,enzo-gabrielcamargo@example.org,2023-11-09,Carvalho de Fernandes,PE
7a946ad9-ed3c-42e2-a5e5-6f82d86ac198,Lara Garcia,nina23@example.com,2024-10-01,Cunha da Prata,AP
6b2ef03d-32f3-4763-8f6d-e32f60ccdc4e,Rafael Fernandes,limaliam@example.com,2024-02-11,Correia,AP
3f3007f0-a272-4ee6-8c28-8596f6737154,Sr. Gael Henrique Sales,rochadiogo@example.org,2024-04-01,Farias da Praia,ES
eeae02fa-6418-4f7c-b328-fa18ff0bce94,Sr. Henry Gomes,caleb25@example.net,2024-05-10,Martins,SE
7edae996-a8d3-4acc-b158-63cad7b105a9,Isabela Correia,hmoraes@example.org,2024-11-09,Andrade,BA
e982aa1c-f6cb-4578-95ed-de93805b3093,Eloá Moraes,clarice94@example.net,2025-07-22,Azevedo do Sul,GO
2baad1bb-20ed-4511-850b-5702baa43809,Camila Silveira,souzathiago@example.com,2025-09-05,Farias Grande,RR
cc7fb5df-8ce8-48c4-91b3-e326ed801886,Kamilly da Rocha,pbarros@example.net,2025-09-07,Carvalho Paulista,RR
03085bae-8699-4b35-97b6-76564af5b02c,João Miguel Dias,ravirocha@example.net,2024-10-02,Cassiano,AP
574d7d8c-7fb9-4f83-a5ca-33ed32d8e1a8,Luiz Miguel da Costa,hpastor@example.com,2024-05-17,Ferreira da Praia,RJ
68dcf6ad-0c1c-4840-88c3-c3e68cd446b6,Dr. Breno Pimenta,eda-cunha@example.net,2025-07-03,Sales,AL
f44eb6a2-e187-4e65-b3a5-72658727ed3a,Maria Vitória Fogaça,,2023-12-02,das Neves,PR
d92db9a7-4a9a-4e36-91cf-8c0dae0d1f97,Luiz Felipe Ramos,ycasa-grande@example.org,2025-09-13,Pires,SP
88ec34f0-9fa9-43bc-b778-3b0511e49702,Sr. Ravy Machado,noah16@example.org,2023-09-24,Jesus das Flores,GO
f5fb7faf-611b-4e0d-b2a3-fedc7c1a46ef,Catarina Guerra,dsouza@example.net,2025-01-03,Borges,AP
167e88d8-a4bf-4aec-ae5b-60795bfefbd3,Dr. Ian da Rosa,ayla54@example.net,2025-03-07,Oliveira,MG
1f12172b-e8f5-4e4c-92b4-0325f4e359bf,Emanuella Câmara,alicia92@example.com,2024-01-21,Vasconcelos de Ramos,PA
a4f64c7f-65b2-41af-85e2-16d9d1c617b7,Ana Laura Sampaio,scassiano@example.com,2025-04-11,Azevedo do Campo,AC
82eda985-180d-42f9-89fb-5bf16777855c,Cauã Freitas,joanacavalcanti@example.org,2024-01-02,Aragão do Oeste,MA
7ef71a0f-58b4-46f1-8227-60e52fb652f2,Raul da Cunha,fonsecaluna@example.com,2024-12-26,Novais,MS
c722f191-8857-4f5f-b7ce-b841ecfaa082,Hellena Ferreira,martinsdavi-lucas@example.com,2024-11-29,Gonçalves,RS
c746730b-ced2-4c42-a302-2191fc97d793,Lara Freitas,freitassabrina@example.org,2025-02-25,Moraes da Mata,TO
08e02d99-a5bc-4009-8fd2-df77c7af57d4,Davi Lucas Câmara,yasmin16@example.com,2025-03-19,Vieira de Nunes,TO
2ca7ec0e-7406-4d67-96c4-4ee3feb241ad,Hadassa Carvalho,imendonca@example.com,2025-08-14,Pastor da Serra,RJ
98f6f232-8dda-4ba6-bd59-4ec1c67983b0,Nathan Jesus,yporto@example.com,2024-02-26,Sá,BA
4c3ec77b-199b-40df-9c14-c3ee5cde5d4c,Guilherme Teixeira,barrosrebeca@example.com,2024-07-16,Leão,RO
aa5cc748-323f-4148-b737-a6a16e04abda,Ayla Barros,vianavicente@example.net,2024-03-02,Cardoso,MT
08b096d5-2429-4786-90bb-c3f198a75cf3,Eduarda Vasconcelos,rezendeagatha@example.org,2024-02-10,da Costa da Mata,PB
d15e7f14-4de4-4233-b862-40c312a72cba,João Lucas Correia,da-cruzleonardo@example.com,2025-01-07,Porto Verde,SP
de98de61-994f-419b-abbc-a323d8aba936,Clara Rezende,qjesus@example.com,2025-01-18,Farias,MT
123b768f-a8bc-4fda-9a4a-5afbc921c277,João Garcia,,2025-05-12,Gomes,AP
a0fc473d-c65b-4650-b30b-bd2d514c8390,Srta. Maria Luiza Dias,vianarafael@example.com,2023-12-19,Santos,RN
be4b4cf4-885e-43fb-a82e-adcae261e88b,Mariana das Neves,davi-miguel72@example.com,2025-02-05,Farias do Amparo,PA
0fa7dded-0bc7-45a4-86b9-ffd7250d0b74,Fernanda Rios,,2024-02-28,da Costa,SC
c64618e1-bc45-4147-b2de-387066b0925e,Srta. Maria Flor da Mota,cmendonca@example.net,2024-01-31,Borges da Praia,BA
fc760777-5f19-41ad-bc7d-452fe9953cb9,Enrico da Mota,bellacarvalho@example.net,2025-08-03,Garcia do Campo,TO
478b8019-112b-440c-9311-dfae9139a56c,Emanuel da Cruz,camposgustavo@example.org,2024-12-09,Ribeiro de da Costa,RJ
0b3e02f4-66e7-4991-b549-a763500e826c,Lorena Borges,lucascasa-grande@example.org,2024-03-04,Silveira Paulista,MT
44d9eb8c-3e65-4546-bbba-edb9f5a61b72,Maria Laura Monteiro,maria-alice73@example.net,2025-01-08,Brito da Serra,SP
d3fe2466-c160-450c-b271-8ab1587c6dee,Laura da Rosa,casa-grandejuliana@example.com,2024-03-15,Cavalcanti da Praia,MT
995efe16-595d-4f2d-8800-783a7eed6004,Joana Melo,marquesantony@example.org,2025-07-01,Borges de Lima,PI
46a35f2a-41dc-46f3-b752-a05283426edc,Dr. Liam Silveira,da-motalevi@example.net,2025-04-21,Campos de Viana,AL
0af673ba-185d-4d66-9a9a-4142783a6d04,Maria Luísa Cunha,cecilia24@example.net,2024-07-08,Câmara,RR
674dc2b2-b99f-4cb0-a7d9-07aee09985b8,Anna Liz da Luz,rfernandes@example.com,2024-02-15,Sampaio de Freitas,MS
602aa23a-1892-459a-8f46-a5f2765dbfb4,Evelyn da Cruz,portoluara@example.org,2024-10-15,da Rosa,PB
9ea76c95-cf98-45a2-8396-b8e1ec73f8b6,Maria Alice Aragão,eduardonunes@example.net,2025-08-07,Carvalho,SP
51845028-f43a-4a60-b9ad-f591895819a7,Dr. Kevin Mendes,brenda32@example.com,2024-03-21,Garcia do Oeste,AC
3d89ed98-d782-4a70-9c0c-da791662495a,Srta. Ana Liz Sá,umoura@example.net,2025-05-08,da Cruz,SC
b7f3900a-d729-4392-b1f6-4b7264232348,Srta. Nina Casa Grande,thales62@example.net,2024-01-25,Campos da Mata,DF
b970dc56-2c20-4a5c-8b4d-f35f94da93ae,Kamilly Moraes,emillymartins@example.com,2025-08-01,Marques,PA
9d62b123-e101-4970-af6d-bbd9ce8911b8,Dr. Enzo Gabriel Rios,moraesliz@example.org,2025-02-04,Santos,MA
0273c756-973f-428b-9df8-6e3ca8ec7356,Maria Liz Gomes,danielviana@example.com,2024-11-18,da Mota,PI
e46a9d97-4199-4819-b6b5-74d6c8bf7f5e,Sra. Maria Júlia Aragão,maria-fernanda28@example.org,2025-08-21,Dias,AC
624a6782-dfca-48b6-8967-45b4a381f96a,Dr. Ravi Farias,fernandesolivia@example.org,2025-02-10,Sampaio,CE
d51918f7-e5b2-43ea-824d-98ab491d78b7,Carlos Eduardo da Luz,mirellarocha@example.com,2024-11-09,Albuquerque,ES
ba8bff9a-2218-4dd8-9be1-491545e72078,Matheus Abreu,ribeirocamila@example.org,2024-11-20,Novaes do Norte,GO
2c96250f-36b2-4649-b252-87dd24853cd3,Ana Laura Novais,camposluiz-fernando@example.com,2024-07-14,Pacheco Grande,CE
86ff0352-7a83-4956-9db9-9aa775236e45,João Fernandes,lorenzocarvalho@example.org,2025-01-24,Melo,MA
eb0d9dd2-e60c-4515-a1fc-1c4869342a5b,Henry Montenegro,calebe19@example.org,2024-01-31,Ramos,RO
f7ce3a4d-0f34-4f4b-b978-56c91683c150,Fernanda Mendes,da-motajoaquim@example.org,2024-11-06,Gonçalves das Flores,DF
dc0e7458-e6ee-4716-b25c-d8362e42a9d4,Stella Macedo,jose-miguel34@example.org,2024-08-03,Garcia,CE
ebcde351-b7ea-4644-8e63-1e8e96f8767f,José Miguel da Costa,limaluisa@example.net,2024-03-25,Melo,RN
41882d81-05a7-4d75-8d18-3f9c2f8a66fc,Emanuella Gomes,cassianopedro-lucas@example.net,2024-10-19,Guerra,MG
52742057-ac81-44b8-8f36-47861c614d06,Luiz Henrique Brito,wmoraes@example.com,2025-07-24,Aragão,RS
5e2935e0-ed98-471f-a6d0-254ce1e80d12,Maria Júlia Gonçalves,vasconceloshellena@example.com,2023-11-16,Aragão,RO
8d5fa947-68b7-49c4-adeb-dbf5a8124241,Levi Silveira,zvasconcelos@example.com,2025-05-21,Freitas de Gonçalves,PB
2c5193e6-8b55-4834-b39f-b75772bdcaed,Sr. Marcelo Aragão,nicole84@example.com,2024-01-17,Souza,ES
21eb3421-cc9f-4f40-bdb6-4ffa3a6ecdca,Bernardo Pimenta,lizfreitas@example.com,2025-02-06,da Mata do Sul,PI
e8b61e5f-d742-45a3-ba1d-64588c2da38b,Enzo Gabriel Abreu,ceciliaribeiro@example.net,2025-08-25,Pires de Brito,AC
039aa6c2-a7f2-4620-b854-c2bde0db3285,Enrico Pereira,jose-miguelmoreira@example.com,2023-11-07,Albuquerque,CE
c460dfb3-2c1c-4253-9a69-02a24952f109,Sr. Francisco Viana,nunesclarice@example.org,2024-06-22,Fogaça de Macedo,DF
c1718c87-d7f6-4699-a18f-3a3365797285,Pedro Henrique Pereira,nunesvitor-gabriel@example.org,2025-03-27,Moreira Verde,AL
113eb261-2657-48ad-b922-c39b021a402a,João Lucas Novais,maria-liz93@example.org,2025-02-05,Rocha,AP
be1d27e0-db0e-4671-b5d6-1edc24a58a21,Julia Barbosa,caparecida@example.org,2024-04-10,Sales,MT
e8d66edc-0b0f-4171-aa80-e469e4d5ac0d,Mathias Pinto,noahcampos@example.net,2023-12-10,Novais,RS
000d886e-14b2-4fa4-a165-ce57a19f6cde,Noah Oliveira,joao-gabriel19@example.com,2024-09-19,Nunes de Mendes,RJ
49f25db0-c76f-4c0b-b022-8841671004ce,Lucas Gabriel Novaes,benicio89@example.com,2025-07-01,Rocha Grande,MG
b1805665-47ac-4da3-a72b-7be5aa65172e,Guilherme Machado,guerralucas-gabriel@example.com,2024-02-22,Marques das Flores,MT
4a79063e-3251-4f2c-a6ba-5205b5a14158,Alexandre Macedo,leo35@example.com,2024-10-05,Novaes do Norte,MT
3327e571-7ba0-4034-899d-41991076d96c,Natália Novaes,rnascimento@example.net,2023-12-17,Pimenta de Gomes,MT
543d702b-5980-4f83-ae54-dfb0a7c44e2f,Dr. Ravi Moura,mpereira@example.net,2024-02-05,Siqueira,AL
17d86d1c-b953-4c7c-87c4-79696a2193bd,Maria Julia Castro,vcavalcante@example.org,2025-08-03,Costa do Campo,MG
4c8358d6-c28f-4177-9d97-6375c20b41e4,Murilo Caldeira,leo42@example.com,2023-09-19,Oliveira Grande,PA
7095acd4-2786-496c-a5ae-ba2b07619f24,Ian Cavalcanti,joana53@example.com,2023-12-23,Pastor do Sul,GO
7841ff6d-e788-488d-9b54-2d2f625dc45a,Dra. Olivia Sousa,isismendonca@example.net,2024-01-20,Sá do Galho,PI
edd605f4-8721-4d68-82fc-765198533894,Cecilia da Conceição,aparecidajulia@example.com,2023-11-14,Alves de da Cruz,SP
51acbac6-1f27-4f87-9224-aa823cc22e6a,Luara da Paz,caue50@example.net,2025-01-14,Vasconcelos,DF
9363d1a9-da3e-4dd2-bdfa-7c2798b36f1c,Yasmin Cavalcanti,lorena44@example.com,2024-10-04,Dias,MT
eddc4ecf-c6ba-41c0-8065-ad675e94aefe,Ísis Silva,silveirabreno@example.org,2024-03-08,Rios,BA
,Vitor Rios,pintolucas@example.net,2024-12-04,Pacheco de Machado,ES
7b35641e-3b1d-403b-a1b9-f973946bbb8f,Natália Mendonça,nda-rocha@example.org,2025-06-26,Câmara,DF
747dee31-f991-492b-b31e-703dd84b4811,Dr. Yago Pacheco,marcela06@example.net,2023-12-29,Azevedo,MS
6928bf3f-9ddf-463b-9009-dd1b16ab7756,Dra. Maria Fernanda Cassiano,ryan45@example.com,2024-08-15,Porto de Pereira,PE
0d264217-e672-4f98-830f-aebb4fcd32e9,Srta. Luana Brito,ida-conceicao@example.org,2025-09-11,da Rocha de Minas,AC
50979523-5089-48dd-bbbe-ea7a556d5455,Elisa Andrade,luanrocha@example.net,2023-11-05,Vieira da Serra,PA
ae65e0d4-98d0-478b-a029-371f7946c67a,Júlia Aragão,urios@example.net,2024-04-16,Cunha,BA
50e5c058-1dfe-4798-a6ce-7af31d73bdff,Pedro Miguel Fernandes,,2024-11-11,Camargo,DF
b212d45d-6363-4891-8a0f-4fefbc455b89,Antônio Teixeira,jose-miguelguerra@example.net,2024-07-29,Silva de Santos,AP
bb4e8a0e-bef2-4989-be52-edfa06618b53,Milena da Rosa,hcavalcante@example.net,2024-07-07,Almeida,MA
c044bb73-4647-4a00-b11d-63eab1fff158,Clarice Silva,andradefernanda@example.org,2024-04-24,Albuquerque,RN
b0472e24-2e7d-4b3d-ba36-d3fbefa3b0b5,João Vitor Silva,ivasconcelos@example.org,2023-11-26,Borges,CE
142089c3-c24f-416b-8adb-9ebd3d683dd5,Luísa Rocha,luiz-fernando81@example.com,2024-05-29,Santos da Praia,MS
5c59f492-8d84-4b64-8691-864a235e3068,Nathan Cassiano,guilhermevieira@example.net,2024-02-15,Cirino de Silveira,RN
7b0c30b0-ccae-40cf-b25f-69da175039c1,Bruno da Paz,igomes@example.org,2024-09-14,Ferreira,PI
922001f4-78bf-43e9-bd4e-89eb6742de72,Otávio Carvalho,ycasa-grande@example.com,2024-10-30,Novais do Galho,DF
9e441df3-e16b-4a71-ac80-77137ca7694f,Luiz Gustavo Costela,souzahenry-gabriel@example.com,2024-12-29,Cavalcante de Peixoto,MA
f120c9b4-5200-421b-964a-968f5bfe5602,Dra. Maysa Caldeira,bleao@example.net,2025-01-05,Pastor,SC
35dfd4f2-5fad-45df-bc89-be6f25dea6f9,Sr. Gustavo Sá,erick07@example.com,2023-12-17,Alves da Prata,MT
50920887-ba05-4e8d-8e02-bb654cb95180,Yan Moura,ralves@example.org,2024-04-18,da Conceição,PA
03a7c739-66f7-422b-a86f-314fb568e357,Ravi Lucca Barros,heitor29@example.net,2024-12-14,Novais de Pastor,CE
a6faa0d0-8180-4679-afd0-a17143cf3114,Lucca Fogaça,nmoreira@example.net,2023-09-20,Carvalho,RJ
00eaed53-2824-47d6-b003-92ff2d23b259,Srta. Nina Almeida,pereiramaria-alice@example.net,2025-06-13,Macedo,RO
d8810f67-9ef6-4ca1-b9c9-6ad99c99dae9,Eduardo Aparecida,joao-guilherme86@example.org,2023-10-05,Sampaio,MS
,Breno Farias,hcosta@example.net,2025-07-26,Vasconcelos,PE
29ede564-70dc-45a7-844b-a23e8b189284,Ana Júlia da Cunha,ecosta@example.com,2025-01-17,Garcia,RS
fb6a6bde-be06-4693-803e-9497abdb9a6f,Sr. Renan da Luz,yago73@example.org,2024-02-02,Rocha de da Rosa,MT
3ffe1389-0fdd-4a9a-b160-b08d31ab76ea,Bernardo Gonçalves,anthony-gabriel18@example.com,2023-10-05,Guerra da Prata,AC
9eacf84d-fda8-42d3-8fda-5fe1265fc148,Lorenzo da Mata,gabrielada-paz@example.org,2023-10-26,Cavalcante de Sousa,MT
aeafeab3-b2cd-49d0-b124-8266b7f30578,Larissa Pires,beatriz46@example.com,2025-08-06,Cunha da Prata,PE
3b125473-e9ee-47e6-8fd4-fbd04f096cf5,Erick Vieira,mouraluiza@example.net,2025-07-08,Ferreira Alegre,PE
e8c1316e-e887-485e-9dba-7646da06bf62,Sra. Beatriz Araújo,hporto@example.net,2025-09-04,Caldeira do Norte,AM
cadaee1d-e0b6-4765-924c-949aa791dcda,Rebeca da Luz,danilo30@example.net,2025-03-06,Viana do Oeste,CE
507802c0-3ea4-4fd3-99f5-2bc12f40e63a,Sr. Otávio Ramos,,2023-12-11,Moura,PR
5583a882-77be-431c-beac-5618a8c6bced,Raquel Barbosa,aurora00@example.org,2024-03-09,Sampaio,MS
7ac9d534-fd2c-4643-99fa-73bd3e313fe5,Mirella Mendonça,borgesotavio@example.org,2025-08-31,Castro de Minas,PA
a9a0c565-da40-4b42-8c42-3f62de8b74ef,Vicente Teixeira,caldeiraluiz-otavio@example.org,2025-05-05,Caldeira,RS
6594c256-b695-47ed-ab4a-34baaea5a0a6,Sr. Benicio da Rosa,sousabenjamin@example.com,2025-05-26,Pereira de Cassiano,MT
9253072a-0165-4132-a7aa-45b91caaadf0,Maitê Carvalho,pietromoura@example.com,2024-10-22,Marques de Sampaio,PA
abd2bbcf-84c7-4a96-a703-c4f961d9f2a8,Emanuel da Luz,scamargo@example.com,2025-05-01,Fernandes,SP
a5bdade0-2b50-416a-b2d8-a56f579625d1,Srta. Ana Sophia Aparecida,pbarros@example.net,2025-01-15,Vieira,BA
f5647bcc-ae76-474d-9ec5-8d427d568f59,Hellena Câmara,leaogiovanna@example.net,2025-06-05,Martins de Leão,RR
3c6ef656-ac4b-480b-91c6-8761a10529fb,Sr. Alexandre Oliveira,maysa90@example.com,2024-12-30,Aragão Alegre,PI
76ff8ac1-0273-44f3-b309-3c31fd0c2029,Heloisa Mendonça,augusto41@example.com,2024-10-27,Mendes,MA
268d3dc7-a1a1-41cb-83a8-63877999303a,Mariah Albuquerque,manuella07@example.net,2024-08-12,Cirino de Goiás,PR
37019e55-aab5-42fa-86d1-e31f4eda21b2,Enzo Gabriel da Rosa,lizfreitas@example.com,2025-01-01,Abreu,PA
2e7b3d08-327b-4538-8ab5-94dd8b0a497b,Noah Oliveira,jda-cunha@example.com,2024-12-30,Azevedo Grande,ES
0e5a1c97-f691-46dd-b3b8-d8b9e6f0f2d6,Igor Silva,joaquim18@example.org,2024-04-13,Melo,PE
3469729c-4f9f-48ee-bb05-d83274866a63,Luísa Macedo,meloluisa@example.org,2024-11-24,Cardoso do Campo,DF
aceb7362-9b5c-4da2-bb8a-0d6f27601959,Luana Alves,xlima@example.com,2025-05-11,Lima,RS
,Luan Nascimento,nogueirayuri@example.org,2024-12-06,Rocha,MS
30adde87-c520-4b25-86b2-ecde377ba962,Kevin Santos,fernanda79@example.org,2023-10-03,da Paz,MG
e3fadfba-d0ec-46f4-b6c6-ef8f0de6004b,Anna Liz Brito,,2024-06-23,Casa Grande de da Mata,PB
44eb1571-eb1d-4ce8-b336-6b065f13073b,Brayan Borges,afreitas@example.org,2023-10-05,Campos do Oeste,CE
555fb922-35d8-42ce-accb-30f2eee328fb,Laura Carvalho,novaismanuela@example.com,2025-03-05,Nogueira,RN
9395fdd0-327d-4eb1-a6c9-efbdec95d146,Agatha da Costa,joana03@example.net,2024-04-11,Pereira,BA
e8a3dab3-8bde-4306-91a7-bf15de1f7aec,Lívia Aragão,manuelamoura@example.net,2024-07-21,da Mata de Minas,AP
a25f2324-08c3-498f-bdb5-b2132198531f,Isabella da Paz,,2024-01-12,Vargas,MT
d00e6164-aac8-4b66-a9fc-db5558ce5e86,Sr. Nathan Fogaça,olivia96@example.org,2024-01-11,Sampaio do Sul,AL
60a606dd-c586-48f0-91af-e2a2ae89dae7,Eduardo Teixeira,unogueira@example.org,2024-01-05,Cardoso do Oeste,RR
39c4f283-0e34-44db-b913-8d69b84cda79,Sra. Ana Lívia Melo,goncalvesmirella@example.net,2025-08-13,Montenegro de Lima,RO
983c646a-94c6-40db-bc37-55f1ea4b41cc,Cecilia Pacheco,mnunes@example.net,2024-01-09,Fernandes,BA
1847dd06-b02f-4702-b6ec-8d0efe9ccccf,Anna Liz Costa,murilosa@example.net,2025-08-07,Rocha de Gonçalves,PB
8fe16fe5-f88b-4911-a02d-efae16e8a934,Dr. Cauê Ferreira,,2025-05-24,da Cruz,RO
c5ee022c-0acb-45a9-9008-446939c1414d,Caio Camargo,esampaio@example.com,2023-09-27,Fogaça das Pedras,MA
6d6838cc-1689-4992-a5e5-cd16d00a7c52,Kevin Rezende,piresluara@example.net,2024-04-29,Pires,MA
6ceec769-336e-48a3-a103-228098091068,Julia Mendonça,da-conceicaobruna@example.net,2025-03-08,da Conceição,TO
15795b8a-b8d2-4de9-9e52-f3aaf35145bd,Marcos Vinicius Costa,iaparecida@example.com,2025-06-15,Ramos Paulista,AL
a28b9a29-94c8-4b41-b0ae-3b3df42fa33d,Luiz Felipe Fonseca,silveirahenrique@example.org,2025-05-25,Almeida Grande,RS
3ce4ebdd-9874-48d2-89b6-a6c2e6d20326,Caleb Vieira,gustavo-henrique07@example.org,2024-01-28,Costa das Flores,AP
da10f9f6-308f-4f4a-a36e-02a523cac516,João Gabriel Nascimento,diogo81@example.org,2024-03-23,Ribeiro do Sul,PA
03b69732-44bb-46f2-b0df-dfe9d7c511e4,Sophia Cunha,borgesfernanda@example.org,2023-10-24,Vargas,PR
91d94592-8e91-4ecc-8177-efcc9a316273,Ísis Siqueira,leosousa@example.org,2025-06-05,Novaes do Galho,MT
a778c01c-5014-404f-9f01-955a45ed7d60,Mariana Fogaça,marquesluan@example.net,2025-06-28,Freitas das Pedras,CE
fae357ea-fe01-4787-9d53-7c5c084affd4,Maria Júlia Sales,uandrade@example.org,2023-10-24,Pimenta,AM
ec1812ec-6e28-478d-9bb3-60bf2f7f387c,Sr. André Costela,ana-liz60@example.net,2024-01-05,Ribeiro,GO
6aa518e6-6ae0-4f07-a140-e16ec4ab4907,Lara Moura,,2024-09-11,Rios,GO
30f2865c-21b6-47e5-9ccb-ab104cfc585b,Ana Clara Fogaça,da-motasofia@example.org,2025-04-08,Silveira,AL
4d737c84-cbb6-45bd-a75f-a91a32aef707,Maria Julia Vargas,camarapedro-miguel@example.net,2024-05-22,da Rosa do Oeste,ES
1d0f9f54-1741-4089-9d25-fd9bbee152b8,Heloísa Moreira,leaoana-laura@example.org,2025-08-06,Lima,ES
474a3290-e4b3-4c5d-a1aa-dd83842e25f5,Eduardo Borges,novaesleo@example.org,2025-06-14,Sousa de Vargas,MG
3a7ec927-35fd-4dcd-8807-34c2c0986e51,Dr. Kevin Campos,rodriguesvicente@example.org,2025-04-18,Nogueira da Prata,MT
f4085768-20bc-4762-ac56-69f73430085c,Giovanna Cirino,ucarvalho@example.org,2025-05-24,Pastor de Minas,RN
9fb19e24-ad95-4214-9797-b41c1f29273f,Ravi Lucca Barros,maria21@example.net,2025-01-27,Ferreira,TO
04503941-9eb8-4adc-a811-75c59d395c5d,Matheus Silva,julia42@example.org,2024-09-27,Cirino,MS
33fe39c8-aae1-4616-b713-efc2328428d7,Rodrigo Pacheco,maria-vitoriabrito@example.org,2024-03-30,Pimenta,DF
3aae9f5c-dfa8-441a-a0a8-a322c7106f64,Sr. Pedro Barros,natalia62@example.net,2024-09-08,da Rosa,RN
566e4651-eb16-493d-9000-a62468bdd4aa,Sra. Letícia Novaes,isabellavargas@example.org,2024-03-23,Lopes,MT
4e35915e-25ec-499d-81d7-292d36232425,Brayan Lima,bgomes@example.com,2025-05-06,Leão,AC
fb33bef9-c3c6-41a0-a0dc-5800b9a4c26e,Sophia Mendes,da-cruzcaleb@example.org,2025-08-16,da Luz das Pedras,PB
eb93ba62-8f4f-414c-b7ca-a318079c1df4,Lavínia Lima,maria-aliceazevedo@example.net,2024-03-18,da Costa do Galho,MA
e19ff56b-96c1-41b5-a37e-4bf5feff35c3,Dra. Maria Helena Casa Grande,yanalmeida@example.org,2024-06-10,Cardoso da Prata,SP
6e26356e-2d14-4ec7-a968-3056963e4db4,Vicente Novais,isabelda-cunha@example.com,2025-07-29,Viana da Prata,DF
ae96169a-4286-4c1e-a907-8a324e3ef622,Carolina Abreu,luan95@example.net,2025-02-24,Sales Alegre,DF
b1cd9deb-8cca-4391-af21-e6ef7f8a27f6,Heloisa Ferreira,gustavo70@example.org,2024-02-21,Moreira das Flores,PE
dd2f823f-878c-4e7b-9f63-c63e72903dd4,Alícia Marques,piresalice@example.org,2024-10-16,da Cruz,RR
e9c33857-f8ff-4f15-b803-c77ea08c2a50,Manuela Dias,da-conceicaomariane@example.org,2025-03-02,Moreira do Amparo,GO
bcd51e60-373a-4077-92ee-c84f5b2b72bd,Sr. Ryan Martins,xjesus@example.org,2024-04-19,Vieira,PI
010e219d-b7aa-4475-9325-e46b00ed97af,João Vitor Rezende,da-conceicaoemanuelly@example.com,2024-04-25,Ribeiro,AP
c294d722-b763-4193-8a7d-83854b2bc53f,Maria Julia Leão,duarteluiz-otavio@example.org,2025-04-26,Castro de Novaes,DF
37cdd68f-bfeb-48f4-953c-f81c88b41a9d,Jade Nascimento,ferreirapietra@example.com,2025-06-19,Costa,MG
0fd20065-16b5-47a9-8972-6d0c7be635ce,Maria Fernanda Câmara,gferreira@example.com,2024-07-06,Martins,SE
2febac77-838d-4c9d-9fdd-250fdfea6083,Cauê da Rosa,elopes@example.org,2024-12-14,Aparecida,PI
1beb3247-6cc8-480c-bc31-4ba16e1b7bf6,Catarina Montenegro,luanfogaca@example.org,2023-12-18,Ramos Verde,GO
244d3ab7-bc2d-4f98-b359-269e3ca0f0fc,Léo da Mata,heloisalima@example.net,2023-12-11,Silveira,SC
,Ravi Silva,,2024-03-13,Borges,MG
7c25ac22-4318-42d7-9e60-38a09afcc742,Sr. Caleb Cardoso,vasconcelosdiogo@example.net,2024-07-24,Rocha,PR
0d08887f-3866-43e5-994a-f3f68cf0a8ce,Maria Júlia Ramos,maria-helena06@example.com,2024-06-06,Rios,AP
e6791804-670d-48ef-a2bd-44a863e1321c,Oliver Aragão,ysiqueira@example.org,2025-08-09,Rezende de Dias,ES
2679a492-390a-4476-b2f7-3ac5ff012a0c,Noah Siqueira,samuelgomes@example.com,2024-01-18,Sá,PI
f6fb21cc-da38-4936-96b5-09ede5a9f729,Dr. Noah da Rocha,paulorocha@example.org,2024-03-19,da Costa da Prata,RO
38eeb88d-2580-4b29-bca3-1eb5eba84a2d,Henry Souza,fariasbento@example.org,2025-08-17,das Neves do Oeste,MS
ceac0895-793c-42d5-b9b5-2d7f93aa2274,Srta. Lavínia da Costa,pedro-miguelfonseca@example.net,2024-05-29,da Cruz das Flores,MA
3540dca2-7e16-453d-a05d-9558c7704def,Dra. Valentina Sampaio,ana-carolina40@example.net,2024-03-07,Nogueira,GO
acdd01bf-b14d-4cef-8fbc-804713e878bc,Sr. Yago da Cruz,rezendeemanuel@example.net,2023-10-25,Lima,SE
21cdd8eb-594e-4638-abf2-3b4cb4223351,Maria Helena Leão,gcardoso@example.net,2024-03-28,Siqueira,AP
269a9b77-9d9b-4754-9f0c-4ce08afa3046,Theo Leão,aylla80@example.net,2025-06-22,Casa Grande do Sul,RN
ec8d792d-74e8-4616-b0fd-ca7ba6ab2642,Maria Vitória Moura,raelcardoso@example.org,2024-09-02,Borges Grande,RO
74d35e00-5ed4-4616-b85b-7c742c454f9d,Davi Lucas Gonçalves,cavalcantesarah@example.org,2025-07-16,Nunes,AP
c5d28b4c-6940-4cf5-ad91-d9282c5f74b5,Srta. Luísa Nunes,cunhajoao-felipe@example.org,2025-06-11,Duarte de Goiás,PI
e5308466-d438-4f18-b7a3-01b25bb384ce,Ana Beatriz Gonçalves,pereiramaysa@example.com,2025-06-26,Cassiano,PA
981ce3c9-d0da-4d1f-bc9c-999a54023e2b,Maria Luísa Jesus,sda-mota@example.net,2025-06-21,Araújo,GO
c6a5d75b-9dc5-4bf0-baa0-e2262fce9fa3,Ana Beatriz Brito,pirescarolina@example.com,2024-05-26,Caldeira,BA
d46a84cc-e5b6-4aed-9a22-c039a65874a0,Srta. Rafaela Novaes,iguerra@example.com,2025-02-10,Pacheco de Rezende,MT
735403a0-dfbb-49b7-aa62-9d6b37d11b9f,Maria Flor Gonçalves,renanfernandes@example.net,2024-07-09,Gonçalves,MG
3e44e46e-b482-4590-862f-b5fa89512ae7,Asafe Lima,stephany70@example.org,2023-12-27,Alves do Norte,SC
f2714eb2-6e89-41bb-955a-3e8826c60d3e,Jade Andrade,noahleao@example.org,2025-08-06,Monteiro,AM
e9d3e7ce-aaa0-4734-98d9-8a0a3f522926,Dr. André Cassiano,aurorada-conceicao@example.net,2024-09-18,Albuquerque de das Neves,PE
71393634-cfd8-490a-b3aa-888613873dfa,Lucas Câmara,beniciomarques@example.org,2024-12-18,Souza,BA
64ce34d4-6bad-4fbf-bc16-9343ee73a398,Ana Beatriz Dias,eduardomacedo@example.org,2025-03-02,Cavalcanti,PA
268b9c3e-858a-4294-a59c-25360190545d,Augusto Novaes,cassianojoana@example.org,2024-07-15,Campos,AL
6629bed1-7d05-4074-aad8-ed92f0457121,Miguel Casa Grande,brayanleao@example.net,2025-06-22,Dias,AP
c30ada12-a67d-4e42-858d-86c45883b9f8,Heloisa Monteiro,salesmaria-laura@example.com,2024-07-28,Novais de Castro,CE
fc87b8fe-fd77-469b-a0f3-7459a46dd47e,Murilo Oliveira,wmoura@example.com,2024-11-05,Aparecida da Praia,MG
0220793e-3421-47b5-aa42-4504d3869d88,Sr. Antônio Teixeira,luna55@example.org,2025-01-02,Fernandes Paulista,PE
c778ee67-6f8a-4ea2-a41d-b5ff5b401565,Nicole Vasconcelos,fogacagabriel@example.net,2025-05-10,Silveira,AM
c2827ab7-da75-461a-8bd5-4251b6d39c04,João Lucas Souza,theo17@example.com,2025-02-09,Barros,MS
bb8108fe-c286-4d25-85f3-55e0c98d461f,José Miguel Castro,aurora29@example.net,2024-11-20,das Neves dos Dourados,PR
05fc2b10-00b8-4690-a965-a0b3ea29e961,Dom Pires,bryan87@example.com,2024-06-14,Sampaio,PR
1371f322-fee8-4d60-86ae-4a82ff052a6f,Sra. Clarice das Neves,pietro05@example.net,2024-05-07,das Neves,AP
b39f05d4-e7a5-42ed-8fb5-089822754ba7,Apollo Novais,vrodrigues@example.com,2024-05-08,Sales do Campo,SC
f26075c5-218c-454c-b6cf-ae4471d5dc93,Gustavo Campos,marcelopereira@example.com,2024-10-25,Dias do Campo,AP
7b8770fe-a4b0-4c08-b4dc-cd2042503b9d,Arthur Gabriel Araújo,beatrizmendes@example.net,2025-07-09,Farias Paulista,DF
4ce0d3a2-a1c0-4ae7-969b-b1a12e847744,Calebe Cirino,mateus37@example.net,2025-06-13,Machado das Flores,MA
91ba6a20-fde2-4785-8bfe-f62f356979f2,Sr. Bryan Araújo,martinsana-liz@example.net,2024-02-09,Moreira de Casa Grande,BA
79a07e18-d759-47eb-b621-c7d6f6ddea71,Cauê Aragão,mariana41@example.com,2023-12-06,Cassiano,SE
0f979438-3592-48f4-b2b7-50bbc6fbeb03,Ana Carolina da Mata,leonardocamargo@example.org,2024-10-04,Cunha do Amparo,RO
8c98a878-9367-4cc1-b829-09134ad50f72,Maria Casa Grande,ccamargo@example.org,2025-07-21,Pereira da Mata,RO
,Isabella da Conceição,daragao@example.org,2024-02-27,Vargas,AC
b18b1a03-85e1-4cfd-bb2d-bf3bc4fb8bb1,João Guilherme Aragão,ana-vitoria88@example.org,2025-08-29,Abreu Verde,PB
159b6bd2-5630-440b-a961-665b013196e3,Dra. Bárbara Pinto,enzo72@example.net,2024-06-16,Guerra,MA
89f0c5ee-2e8c-455d-9fde-c340a3ae5090,Dra. Eloah Moura,liamfernandes@example.org,2024-09-03,Abreu,AL
018c09c3-e6a6-4c8c-8a00-7931621b6880,Sra. Ana Cecília da Conceição,fernandesgabriela@example.com,2024-08-31,Oliveira de Rezende,ES
7ced1110-5f14-4a9c-9473-beab9d024179,Ravy Nunes,isaque01@example.com,2024-07-30,Vargas do Amparo,PR
b82617c5-13a5-478c-a4d7-ae10dbe2b3a8,Sophie Pereira,alvesisaac@example.net,2025-08-06,Almeida Paulista,ES
061fa4a5-9a17-4bd3-bcca-bca3778f468b,Sr. Pedro Henrique das Neves,rezendenathan@example.com,2024-09-17,Rezende,RO
b5078eaf-a322-467f-bc72-981cf62d8469,Igor Mendonça,freitaslucas-gabriel@example.com,2025-07-08,Sousa,MG
8190d095-5d83-45e8-a848-9fd60253663b,Henry Gabriel Caldeira,meloana-cecilia@example.org,2024-07-15,Cirino dos Dourados,PR
e81d1ad5-e72c-496d-aa7b-d508f525eb54,Gabriela Melo,martinsmaria-liz@example.org,2024-06-27,Cardoso de Cardoso,SE
84c64426-7e56-4bad-8ded-5eb92c1cd553,Antônio Rios,yabreu@example.org,2025-01-05,Pimenta do Norte,TO
ced1b803-b24f-4f98-b397-a50e00eb129a,Joana Duarte,da-costapedro@example.com,2023-10-03,Cavalcanti,PI
7b66580b-45d9-47a2-8f15-f26af352c84d,Sr. Matteo da Rocha,anthony-gabrielcardoso@example.com,2025-08-03,Montenegro,RS
cfa6f1e3-914d-417e-b79d-4bd020f1cb5c,Eduardo Sousa,aragaothiago@example.com,2025-03-31,Sampaio de Vasconcelos,PA
ea00cb06-69f3-4cc7-baf1-d9c8d2ede80a,Marcos Vinicius Fernandes,arthur34@example.com,2024-03-06,Caldeira,PA
d2d47b25-5dac-4b5e-8b1e-b0c00ada5dc4,Nathan Sampaio,qpeixoto@example.com,2024-11-09,Rezende,SP
00c58c1c-8d5f-435c-9711-d9d3db25e0c8,Lavínia Siqueira,camaraguilherme@example.net,2023-11-03,Fogaça Paulista,TO
f933942d-3c3a-4bf5-b6f1-0a1af3d84916,Valentina Marques,hnascimento@example.org,2024-08-13,Pires,PI
97b5226c-2346-4db7-ad2b-735ffe761584,José Camargo,cnovais@example.net,2025-01-10,Pastor,AP
0ccc7b7a-b0b8-4c11-98c0-bf7d90288ec5,Pedro Miguel Costa,aporto@example.com,2024-05-15,Caldeira,PR
3c4bd491-75b7-4991-8b60-e99bb801b689,Asafe Vasconcelos,,2024-04-14,Gomes das Flores,TO
b973a81b-4bcb-4464-8aa8-14e27099941a,Gael Henrique Pereira,xmarques@example.com,2024-06-24,Cunha,AC
5fa6a772-92ea-454d-809d-699b581e87f3,Marcelo Ramos,,2025-05-04,Casa Grande da Praia,AM
8b747b45-d2f9-44fb-aa93-a5f247350ebf,Ana Liz Porto,eduardasantos@example.com,2025-04-19,Pastor,SE
3f8d5c58-6099-4062-813b-72b6b1f8fa99,Eduardo Aparecida,vmonteiro@example.com,2024-03-08,Albuquerque,CE
769bbaa1-c4b1-463d-9ef5-1bfe5677f941,Renan Rezende,mda-cruz@example.org,2025-09-03,Moreira da Praia,BA
e7862af1-171e-4fb4-8791-09275faa51bc,Isadora Cavalcanti,jesuscamila@example.org,2024-06-22,Azevedo de Minas,AC
cb447db5-7d5b-43c5-aa8c-d242df75a909,Sr. Gabriel Vieira,danielacostela@example.org,2025-07-05,das Neves,RJ
f5492032-17df-4c56-ad77-ab10ad2cf429,Théo Jesus,lorenaabreu@example.org,2024-07-30,Alves da Serra,MS
3939151a-16fb-42e7-9943-2e44782a0207,Marcelo da Rosa,kda-cruz@example.net,2024-01-12,Ramos,BA
e6a999df-b6b7-4d6f-af71-6fc52203dffc,Daniel Fonseca,ndias@example.com,2025-05-08,da Cunha,RN
af34e1bc-eb27-4bdc-9099-d9e16e038682,Rodrigo Garcia,peixotoana-sophia@example.com,2024-03-16,Moraes,BA
eec09f74-c997-4f5c-8cf5-8dcfa06e0d30,Dra. Isadora Brito,beniciorocha@example.com,2024-12-30,Araújo Grande,MS
0d571950-400a-49c6-a510-529b9e132e31,Ana Laura Ramos,nicolasda-paz@example.net,2025-07-22,Peixoto do Amparo,BA
cd75cc24-4fb0-436f-81f5-3256928fb5fe,Davi Lucas da Mata,castroisabelly@example.org,2025-01-11,Pimenta,PI
0e352f33-6c4c-419c-b160-2575c703f76c,Vitor Gabriel Ferreira,oliviacamara@example.com,2025-01-28,Teixeira,MA
550f34bb-73b3-455f-8f4f-8d7f17dfb66f,Otto Campos,nathanpinto@example.com,2025-03-02,Freitas das Pedras,AM
c650496a-6684-485e-9f03-90eacf6369f8,Gabriel Peixoto,pmachado@example.com,2023-10-29,Cavalcanti,GO
589a333b-2036-4d30-a172-111657dfc66a,Alana Moraes,gabriellyandrade@example.org,2023-12-21,da Mota de Sá,SP
025118de-8ba1-4529-afda-5a1ea9b51606,Benício Borges,andrevargas@example.com,2025-04-18,Carvalho,MS
c81434be-d081-4554-b88a-454a17103cea,Lunna Nogueira,levi58@example.net,2024-05-10,Cardoso da Prata,RR
cb3b28fc-ed40-42b0-b8f1-c75770bcd042,Augusto Lima,omarques@example.org,2024-06-30,Borges,MA
20748069-ea11-4550-a197-af0731f39ab7,Jade Monteiro,benicio27@example.net,2024-03-04,Porto,PI
58b22b24-e55f-459b-9cbd-ad46d42415b1,Dom da Cunha,dmendonca@example.net,2024-08-30,Guerra,PA
b443bf53-39dd-405d-8b85-8befcd7100c1,Mirella da Cunha,monteiromarcos-vinicius@example.net,2024-06-06,Souza da Praia,AM
e7856b8c-fc5f-43b4-8742-221832e56f8c,Ana Lívia Teixeira,ybarbosa@example.com,2024-08-20,Gonçalves do Oeste,PB
4141de6f-d048-4154-aaee-d24d1108f25d,José Pedro Garcia,,2025-03-13,Martins do Galho,PE
4e07e7a6-7d04-4895-bdbb-827733906fd7,Isabelly Garcia,caleb15@example.com,2025-02-02,Correia,ES
e3041fed-c69e-49e8-8b42-3e14c13532b3,Dr. Igor Borges,isabelada-mota@example.org,2023-10-22,Andrade,RO
9b806b9f-d2cd-4230-90f0-d54e6cd109a4,Arthur Miguel Siqueira,jvargas@example.com,2024-07-25,Castro,SP
24678b54-bd7a-4fea-a045-3690783d80da,Dra. Ester Porto,hgarcia@example.net,2025-07-15,Pacheco,MA
16e5a5d9-e5f8-4b5d-a18f-14214c628e79,Eloá das Neves,henry-gabrielsilveira@example.org,2024-06-30,Barbosa,RR
d6178d99-f593-4e4c-88db-6d08a1c7acac,Sara Farias,,2025-08-31,Novais do Amparo,ES
bde59d7f-20a9-4f7e-97fb-fd682130c087,Valentim Sousa,mariacavalcante@example.net,2023-10-15,Abreu Paulista,AP
138a7897-6338-42a0-9c94-3b9730a23d2a,Sra. Maria Eduarda Albuquerque,ryansiqueira@example.net,2023-11-20,Castro,SE
627c206f-4974-4138-aa2e-a3a7e95f4a65,Maria Julia Mendonça,jesusdavi-miguel@example.com,2023-10-29,Jesus de Goiás,SC
c4d5263c-7797-48f1-8446-1941141b458a,Murilo Pacheco,macedoaugusto@example.com,2024-09-01,da Luz,AP
d902d2d7-1674-46b0-a759-6ee8e6ca8841,Yan Sales,maria-juliaporto@example.org,2024-02-09,Farias,PI
c6843c54-621f-41c6-a4ba-041bf8a0ee0d,Sra. Hadassa Duarte,garciaana-cecilia@example.net,2025-08-12,Albuquerque do Sul,MS
4bf7967c-bba0-49d9-bc6e-6a244b884218,Enzo Gabriel Fernandes,da-luzanna-liz@example.net,2024-10-04,da Cunha,SC
0ca654c2-4197-429d-9a4f-5ca2fcebc020,Ryan Monteiro,manuelaalmeida@example.net,2024-01-21,Novais Verde,AM
6fb499d2-16c2-4488-91d2-3634e5c80ce6,Isabelly Jesus,nunesmarcela@example.org,2025-04-20,da Mata da Mata,PA
652e2dd3-97f3-48a0-a142-d4dfed9a11b0,Maria Fernanda Carvalho,noahfreitas@example.net,2024-01-01,Fogaça,SE
1931d009-6e5f-4a65-aafe-c82df2094417,Dr. Calebe Cunha,maria82@example.org,2024-01-25,Vargas das Flores,SC
e32cc651-eabb-4c60-b137-b98d990fe170,Heitor Costa,vaparecida@example.com,2024-12-01,Ribeiro da Prata,RJ
6ce5bf69-9362-4f03-9ecf-a27db0a839c2,Isabella Cavalcanti,santosthales@example.org,2023-10-26,Brito da Praia,RS
270daa7b-aea3-4bc3-8523-97b6449d4b63,Bella da Paz,sandrade@example.net,2024-06-08,Azevedo de Goiás,MA
,Vitor Hugo Rezende,ana-juliagoncalves@example.com,2025-01-15,Gonçalves de Martins,MG
5bb0dbd1-e51d-48dd-bff9-459dd8f64612,Maria Júlia Cardoso,rpinto@example.net,2023-12-17,Monteiro,SP
aa7a3aea-02e0-4c6d-a8bf-2513a85efb67,Asafe Brito,caua27@example.com,2025-02-10,Marques,SP
dad8bf1e-0f34-4014-8291-972bf96bbd4c,Maria Oliveira,fernandesjoao-felipe@example.com,2024-05-20,Sales do Norte,PB
0ebe49f2-bd80-48b0-bfa6-e6d8266830c9,Davi Abreu,kcaldeira@example.net,2025-08-19,Pereira,RN
2334bb89-5767-4d01-8e8d-121ba6e3cc19,Srta. Emanuelly Camargo,npimenta@example.org,2023-10-09,Aragão do Norte,AM
f1f389fb-c538-493c-86ea-b96223505658,Antony Cirino,ana-vitoria77@example.org,2025-06-01,Vargas,MS
1aa4b52e-0847-4a0e-b1e8-552fc994c515,Sr. Renan Machado,hadassa09@example.net,2025-08-25,Rios de Pastor,SE
815995c7-4ba6-4fe7-951c-e2d5b7f58485,Enzo Gabriel Machado,vitor-hugosilva@example.com,2025-08-14,Gomes do Campo,ES
8a89c1fd-d7aa-4d2c-be96-74d38733f584,Nina Castro,camaramaya@example.org,2023-12-10,da Conceição da Mata,PA
ea751176-ec41-449c-8921-e5ea955c85d9,Fernanda Câmara,costelapedro-lucas@example.org,2023-09-21,Pimenta da Mata,PE
5ebe3f82-2628-4bc7-9c55-f489baab3522,Raul da Mata,,2025-03-02,Barros Alegre,TO
2e62da82-438c-4880-914a-09bc673e0388,Benjamim Novaes,hpeixoto@example.org,2023-12-12,Porto,TO
6660ee57-fff9-4a57-8a44-25efc0753d71,Davi Lucas Lima,livia23@example.com,2025-04-17,Vasconcelos Grande,ES
d172558d-1eef-4629-9a3f-b6b74b5a9e68,Felipe Albuquerque,theomachado@example.com,2024-10-20,Pimenta,TO
567c1de7-23ac-427d-bb0e-92afca0ce668,Nina Azevedo,joao-felipelopes@example.com,2024-09-15,Pires de Alves,RJ
740fd601-a31d-471a-baab-d67ffb06fa1d,Henry Gabriel Duarte,xabreu@example.net,2024-07-01,Cavalcante,RO
c4535676-889e-45ab-9c35-16fbf0e61516,Luan Araújo,isabella09@example.org,2024-04-11,Aparecida,BA
bba83fc7-5dc8-4554-9258-2509b3941683,Sra. Sofia Azevedo,ninaramos@example.org,2024-01-01,da Cruz,MS
c9230336-7caa-48cd-931a-717969212ac0,Otávio Aparecida,lucca26@example.com,2025-06-30,Abreu da Praia,RJ
f4995bfa-a434-4697-94a2-c1c139dec5f9,Dra. Sara Correia,brayan10@example.org,2024-10-05,Caldeira,GO
213c177e-c269-4760-86b9-1ac36328af62,Sra. Alice Silveira,spastor@example.org,2023-11-01,Pastor da Prata,PE
19cabf80-a9bc-41fa-89f0-96cc9ec6570b,Sarah Teixeira,viniciusgoncalves@example.net,2025-01-16,da Rocha,AM
f97c58dd-9ad9-45e4-bce2-cac3172497c4,Nicole Barbosa,,2025-05-08,Farias do Campo,TO
e75a000c-cfb5-49ee-9e4a-8b129be6c8db,Sr. Antônio Rocha,wcarvalho@example.com,2024-08-28,Silveira,AP
ae4fee1f-859f-4f44-b4d1-b3a31a4970f8,Luigi Leão,bruna54@example.com,2024-01-24,Pereira da Serra,RJ
666de15e-1984-4e37-a821-892e6a2a51ff,João Felipe Sales,estherdias@example.com,2025-07-28,Ramos do Amparo,PI
3ce7578b-e3e6-4c67-a411-86d9906bddad,Rhavi Costa,maria-flor08@example.org,2024-09-18,Pires,MG
5df60092-9092-4453-80ed-142ea68c7a6b,Henry Garcia,ccardoso@example.com,2025-04-23,Sampaio de Araújo,MS
571f799c-33c5-4d6e-a20c-4ec2f7448fed,Maria Luiza Aragão,lramos@example.org,2024-02-07,Ferreira,SE
5d9739fb-08d9-4848-9e5b-671a33bfed42,Antônio Guerra,saramelo@example.net,2025-02-20,Albuquerque,RJ
a25e4fbf-f883-47e8-a52d-23f94f5c6614,Sr. Vitor Hugo Dias,da-rosavicente@example.net,2025-06-14,Castro de Goiás,TO
227f23c4-56d9-46b1-998e-626aa928714b,Anthony Gabriel Cavalcanti,zcavalcanti@example.net,2024-11-08,Melo,MG
b5d592ab-6c45-4cc8-9161-cf17754f972d,Arthur Fonseca,sampaioemanuel@example.com,2024-05-20,Vasconcelos,MT
,João Miguel Vargas,carolinemartins@example.com,2024-12-01,Moura,MA
76e8f023-b80e-474c-93a4-d1deee91c449,Ágatha Teixeira,vieiraclarice@example.com,2024-02-27,da Paz Paulista,RO
54f5c5b6-f095-4d4f-bd30-31aa146c47a8,Isaac Montenegro,joao-felipe91@example.org,2025-01-20,da Luz do Amparo,RS
cb9873bd-26a4-4b0d-92cd-284f7ce43607,Dr. Davi Luiz Sá,leovasconcelos@example.com,2023-11-11,Sampaio,RS
8f4165d6-d261-4c9a-8a02-50fb66d7c6e8,Eduarda Pastor,pcaldeira@example.net,2024-10-31,Gomes,AP
a050b776-260e-4d22-8e92-242404dc775a,Thomas da Paz,da-costasabrina@example.com,2024-04-16,Moura,AM
c415224f-af84-4aa8-9fec-9ac2791ec0c0,Gabriel Viana,zmoura@example.net,2025-08-02,Borges das Pedras,MA
4ae1d6ab-d344-426d-b49d-f7e5bd5c30ed,Ana Laura Sá,henrycastro@example.com,2024-02-01,da Rocha da Serra,AC
fd66f3cd-e911-4154-bc30-88304a49c6fe,Sofia Pereira,castrolorena@example.org,2025-02-25,Camargo,PA
c15218ef-4a0b-4bf4-9739-b49bca30fe25,Francisco Câmara,kfogaca@example.org,2025-01-18,Moreira de Goiás,RO
d6867b0c-66b8-4104-9a43-f95c5604dfb3,Ana Liz Aparecida,juanpacheco@example.net,2025-03-23,Guerra de Mendonça,AP
37676be9-85e1-4ac8-912a-5c1c1e539065,João Miguel Sampaio,vicentesantos@example.com,2025-06-21,Rocha da Serra,AL
94750454-733c-41e2-8d5f-ce9508c0b422,Sra. Milena Costela,guerrasara@example.com,2025-08-01,Vasconcelos,AM
57a478b8-a0c2-40ab-90f8-47f4db124d8a,Emanuel Cunha,kevin09@example.org,2025-05-28,Sousa,MG
48d4cb45-ec4d-4b0e-b071-ef5b6d5dd9a8,Dra. Rafaela da Rosa,macedomaria-flor@example.net,2023-12-03,Melo de Teixeira,PI
f69685e7-69f5-4b1e-9ae9-5fcd31e462b4,Antônio Souza,barbosabernardo@example.org,2024-05-19,Fernandes,AP
1b1305fa-a8c8-44a4-8dd1-fac69449b168,Liz Oliveira,sara33@example.com,2025-05-27,da Mota,AP
ab334717-f005-41ad-a769-d0ed8395a5a3,Isadora da Paz,pietra65@example.com,2024-07-30,Pereira de Minas,PI
8c186f62-740e-4a1c-b26f-50f1df95b6a9,Gabrielly Gonçalves,ramossofia@example.net,2023-11-14,Teixeira da Prata,BA
21c394df-2c6e-4951-bb5f-c085f79e4b9f,Ana Vitória Ribeiro,fdias@example.com,2024-01-30,Cavalcante do Amparo,DF
e6733fb5-9344-47c4-9392-f82e571b2efa,Ryan Aparecida,ana-carolina83@example.com,2023-09-21,Viana,PE
c3bb4f52-c615-4b1c-8125-b87bfcd90e10,Srta. Maria Alice Barros,yasminvieira@example.org,2025-09-12,Casa Grande Alegre,AM
1a7e1ff7-1765-4165-84f7-22e1d36cd334,Dra. Maria Luiza Lima,dante69@example.org,2023-12-19,Freitas,RJ
f6fe10ee-05c6-43d6-91ca-c30b3ebd5bf4,Dr. Thales Pereira,thiago16@example.net,2025-08-27,Pinto,PE
9a4d4d2c-88f6-4b16-b1f0-9cce5b98f35d,Diego Silveira,davi-luiz00@example.net,2023-11-25,Guerra dos Dourados,PB
92720b0a-c455-49de-8cf1-e0fe71c188a1,Paulo Mendonça,silveirajose@example.org,2025-04-27,Montenegro dos Dourados,AL
797c7a4e-6d42-4a95-9e1f-833bfec81c23,Sophie Barros,kevinmoreira@example.org,2025-06-08,Vargas,RO
6cae8c96-03e2-4d4d-ae88-657ea5672cd9,Calebe da Mota,leandro16@example.net,2023-12-04,Novais,CE
996c4cd9-1616-42aa-88b3-47889f098bd6,Letícia Cardoso,vitor-hugo85@example.com,2024-05-06,Lopes de das Neves,AP
aab67abc-8b28-4982-a403-eb5648427dd7,Srta. Luara Brito,livia86@example.com,2024-10-07,Camargo de Araújo,AP
289bcab2-4203-4b9d-ac95-7b8e96b011a6,Liam Vasconcelos,allananovaes@example.net,2025-06-13,Sampaio de Nascimento,ES
2cdb6a30-4891-4c64-b2d4-61c0de66559d,Laís da Mota,siqueirabruno@example.org,2024-08-11,Rocha Grande,PA
a13e268e-ab10-468d-933f-2df584d99deb,Juan da Luz,jda-mota@example.com,2025-09-15,Aparecida,MT
2c7c30fa-6fb4-44d4-a29f-5a062559b427,João Rios,stephanyfreitas@example.com,2025-01-04,das Neves do Galho,PA
73ba3704-2c38-4338-86c4-1f3f696dab4e,Anthony Siqueira,ana-vitoriacosta@example.com,2024-05-09,Rocha do Galho,RO
c1b1c648-c65c-43f0-af72-c27615759bcf,Maria Alice Rezende,diasbella@example.org,2023-12-29,Lima Grande,MA
2c1c29a1-c3a8-44b4-bf90-3cf99a7ab148,Davi Miguel Martins,goncalvesalexia@example.net,2024-01-20,Casa Grande do Galho,PB
678ef51c-055c-49fc-b214-cd297b400da8,Rebeca Peixoto,nicolasrios@example.org,2025-08-07,Guerra,RR
bf4b58e8-f3b8-4a9b-8088-9090352c4fcb,Alexandre Machado,emartins@example.com,2024-07-13,Cardoso do Oeste,PE
29fb1c90-6f3b-4a07-a37f-580cdf928d42,Gustavo Henrique Siqueira,tgoncalves@example.net,2024-03-20,Vieira das Pedras,AM
fa56fb05-2803-47a6-a386-59cfbdf151bd,Dante Campos,pereiraluna@example.net,2025-05-29,Costela do Norte,SE
7815b7d8-8e5a-4c4e-9060-036dd28469b2,Isabel Moraes,fda-luz@example.com,2025-01-14,das Neves do Amparo,SP
4e3b4465-cdfd-4a49-ae72-625a5852ca80,Sophia Abreu,davi-lucas55@example.com,2025-08-12,Abreu,TO
7d5834d4-4107-4cd5-93da-7d6602e1bc85,Vitor Gabriel Vasconcelos,carolina95@example.com,2025-08-01,da Paz de Santos,RJ
16ca9581-0ded-4471-9ceb-0b05569412d1,Hadassa Lopes,cda-cunha@example.net,2024-12-28,Cardoso,MG
fa1fa55e-113f-43ff-8f5e-71129583ca9b,Benjamin Gonçalves,vmartins@example.com,2024-07-05,Albuquerque,DF
b17a9b23-7b6b-49d6-840e-07a19966bc31,Hadassa Dias,tazevedo@example.com,2024-12-05,Araújo,AM
a6ef692f-26e0-4829-8fe0-0725883a0884,Carolina Mendes,,2024-04-12,Silveira do Amparo,PB
15f6d1d3-3754-4b3c-aad3-fdb966c96c69,Pedro Lucas Fernandes,emanuelly18@example.net,2025-01-25,Correia,RO
2248a192-2843-4f9d-89ee-863821c064dc,Caroline Siqueira,mcorreia@example.com,2024-06-02,Cavalcante,PB
9f8b2afd-abfb-44a1-a9a9-b9d9ddcef9ea,Bruno Sampaio,albuquerquemariah@example.org,2023-11-10,da Luz,AC
bd2c39fc-7dc5-4b4c-af9c-7cfbe0fab736,Natália Nascimento,mporto@example.com,2025-05-05,Camargo,PI
86d56c45-73f4-4de9-975b-15b5db14b840,Sra. Letícia Cunha,eduarda73@example.com,2024-07-14,Borges do Sul,MS
1ce5d0bb-fe77-4b2b-81ea-fce06fb7282f,Sra. Maria Júlia Almeida,beatriz03@example.com,2024-11-21,Cassiano do Sul,AC
f86d09bb-1235-4253-a766-3b8ff92954b6,Eloá Nascimento,ujesus@example.net,2024-08-22,Gonçalves,SP
a85d9a64-6e43-4fda-b4d3-bb9e7c32856b,Otávio Melo,ana-lauranogueira@example.net,2024-05-13,da Rosa Alegre,SE
247f6be2-1baf-4ee6-b47c-d9f3df71e68f,Dr. Pedro da Conceição,guilhermecardoso@example.net,2025-04-15,Jesus Paulista,RO
41a61869-2473-4215-80b1-2a2bcb81be9f,Dr. Renan Cardoso,nunesmaria-isis@example.net,2024-01-25,da Cunha da Praia,AP
99ba2c8d-2063-461c-99d2-d9d6eccfdeae,Cecilia Nascimento,,2023-10-25,Ribeiro,AM
a9cd52ce-6326-4442-bb04-0586395a629a,Maitê Almeida,spereira@example.com,2024-09-11,da Conceição,RN
4c651279-047c-47be-9cc9-ddf0f5c0d4cc,Ísis Duarte,antonio28@example.com,2024-03-04,Barros,PE
33b87cff-7b1c-45e0-97b1-61f9d3df8341,Eduarda Nogueira,valentimguerra@example.org,2024-07-09,Ferreira do Sul,RJ
c688add2-a12b-4c12-8080-529bccdf2a42,Oliver da Costa,souzaluisa@example.net,2025-08-27,Novais,GO
6691d53d-e124-4a44-8233-af83b59d5029,Sr. Vinícius Castro,cnovais@example.org,2025-02-08,Cunha do Amparo,CE
aa540d2a-a025-44ab-a152-60e9bf152184,Esther Pastor,kda-cruz@example.net,2024-03-10,Nascimento,AP
5807320a-7c17-4d9b-b8a7-a458bf0599dc,Sr. Davi Luiz Teixeira,melinapimenta@example.com,2025-01-07,Azevedo,SP
b61e5c29-486d-4580-9391-d063d495d429,Isabelly da Conceição,melissa63@example.net,2024-06-14,Lopes,AP
048b15dc-7e33-4b16-a564-42d5aee939d0,Sra. Bella Porto,saana-beatriz@example.com,2024-09-16,da Luz Verde,ES
43cdfa2c-8357-4704-a57d-f3d59301e6a9,Ian Monteiro,eloahpastor@example.com,2023-09-18,Oliveira do Amparo,RO
4d33ce8d-cbe7-4c2d-b3ab-586d89998984,Amanda Monteiro,jviana@example.net,2025-03-15,Campos,CE
f1a5b936-3027-4317-8b99-27e8f910719e,Milena Campos,manuellaguerra@example.com,2025-02-18,Costa,RJ
9ee0803a-8d84-4131-99a4-2aa97bed69ea,Clarice Teixeira,hadassa81@example.org,2024-08-03,Macedo,PB
08eae5e8-b671-437d-b48f-65ca18896fee,João Pedro Cirino,hcassiano@example.com,2024-09-24,Cavalcante,DF
3cb85484-cabd-4ce1-837f-535eb9430b25,Pedro Lopes,catarinarocha@example.net,2025-05-23,Farias de Martins,SC
da7045b4-2fd3-4572-9ea9-67eb7abcc23b,Ana Luiza Cirino,jcarvalho@example.com,2024-06-11,Mendonça,RR
7df84176-7c72-42ae-b0a5-a52a54dfd19c,Dr. Vitor Andrade,theoda-cruz@example.com,2024-02-05,Cardoso do Galho,SC
087615fa-da0e-403d-ad74-29d8a52dec7e,Vitor Hugo Pimenta,otto10@example.net,2025-07-28,Vieira do Norte,PE
47521ad6-aa24-4864-a2a8-45286eaf8d09,Daniela Araújo,breno30@example.com,2024-03-24,Garcia,RJ
df2c4e2f-a63f-475b-8512-3c1fdf223ea3,Sra. Luiza das Neves,melina87@example.org,2024-07-12,Montenegro,DF
451b9bbe-67bb-4aad-8b93-eb5e63691cec,Josué Costela,henriquemonteiro@example.net,2023-11-12,Martins do Oeste,MT
f110ed48-fd73-4dca-8ed1-fccd24127243,Luigi Silveira,bda-mota@example.com,2024-01-28,Macedo,AP
a0aef7d0-9ada-4a9c-944f-57ab207419b4,Sabrina Peixoto,,2023-09-19,da Rosa,PI
1a6c40e7-6694-4c86-b5f1-872c2c0da01c,Mathias Lima,mcirino@example.net,2024-02-22,Rezende Alegre,RO
,Kamilly Marques,llopes@example.com,2024-04-07,Nogueira,AL
370fb823-043b-4da2-b61d-7b85a493535f,Sra. Aylla Fernandes,nmarques@example.net,2024-11-04,Machado,MS
6e0b5121-51cb-4ae8-b481-a611569dbb3c,Luísa da Rosa,theofarias@example.net,2024-08-25,Carvalho,PA
5fc5b416-e8ec-4927-82cc-a7859cdc5908,Fernanda Lopes,cassianoleonardo@example.net,2024-05-10,Vasconcelos,BA
3db7bfc4-a633-4863-aada-8c78ae3a9781,Dra. Maria Vitória Mendonça,mendoncarael@example.org,2025-08-19,Leão,AP
1155c191-8c84-41af-92cc-4dd9e860034f,Maria Liz Casa Grande,bcorreia@example.net,2024-01-31,Farias,TO
f642d076-312d-4420-a70e-9602473d3baa,Davi Miguel Lopes,otto74@example.org,2024-09-26,Borges Verde,MT
604f726e-1479-45ec-a504-cc8c49afaa75,Alana da Conceição,peixotokaique@example.net,2023-10-05,da Conceição,MG
333184ae-2d80-423a-8038-ab32a535e92d,Allana Campos,joao-gabriel85@example.com,2024-09-12,Vargas de Garcia,CE
ee6895db-cc86-4846-a8b5-3f7474be3335,Heloísa Pastor,cda-costa@example.net,2024-04-12,Souza do Oeste,RO
af8e18cc-b21b-4b3e-a034-fea1007c6f31,Yasmin Leão,gmendes@example.org,2024-03-25,Brito,RR
673e076f-965b-4193-9e40-da6350230eec,Manuella Correia,antony11@example.com,2025-04-03,Moraes,SP
19674880-1655-4ba2-899b-86d475852529,Felipe Santos,inovais@example.org,2024-08-11,Correia do Amparo,MA
7366ffb3-3de2-482e-91fc-2a5af2706664,Daniel Melo,ivieira@example.org,2023-11-03,Abreu da Praia,PI
deff47d9-17ee-41e0-bf3b-f19b5ceb0672,Dr. João Felipe Cirino,caue85@example.com,2024-06-16,Novais do Galho,PA
5632c524-0a34-4e7b-a690-d014d12c439a,Ana Cecília Lima,biancalopes@example.net,2024-08-17,Marques de da Cruz,SP
f1bb4490-1e68-46a7-bb17-05c17da6c355,Cauê Andrade,pfogaca@example.net,2024-10-01,Nascimento,TO
b45e1895-8917-49cc-b5ad-b04ee4391220,Maria Júlia Carvalho,larissa61@example.net,2024-07-29,da Mata de Novaes,RS
8889c11c-5079-4fd7-8041-13278fef6828,João Guilherme Novaes,auroraduarte@example.org,2024-08-13,Leão de Monteiro,TO
25831415-9e1a-4573-a0a1-8a5835cb0484,Alice Sá,ada-costa@example.org,2025-05-05,da Rocha,CE
9919aba6-1eaf-4513-a12f-b5f1dbb82945,Sr. Gael Gomes,amandaalbuquerque@example.net,2024-10-06,Albuquerque de Minas,PI
fb4584af-3989-4436-8089-d98c4f63d227,Maysa Farias,emillygomes@example.net,2025-03-26,Lopes,RR
583c54cd-e958-4293-99df-4dd79a71987b,Lorenzo Moreira,eloanovaes@example.org,2024-12-22,Pereira,RR
2f2c0e1d-7169-4102-be4c-b2edf6572a86,Pietra Nascimento,araujoana@example.org,2024-02-23,Gonçalves de Martins,AC
43fdf5ef-a191-4f35-bd48-be43b8dcb005,Arthur Gabriel Montenegro,britorafael@example.com,2024-02-11,Fonseca,GO
b9d0c12d-462b-46cc-aa03-37c3d6e040d0,Srta. Maria Fernanda Nascimento,lara93@example.com,2024-12-04,Nascimento,MS
35bd46f1-71ac-4f86-8b82-98a069ed818b,Sra. Maria Julia Cassiano,ccamargo@example.net,2023-12-19,Porto,PB
d9f2e6b0-3757-4a17-9ba0-aa2c451c8fe4,Larissa Fernandes,goncalvesana-clara@example.net,2025-08-07,Macedo do Campo,RR
fcfdb61e-5cf1-4812-ad17-51bfb3f43361,Sr. Luiz Fernando Ribeiro,ida-paz@example.net,2024-11-28,Montenegro dos Dourados,PA
fd2a086b-96fb-4ebb-908a-039bdb0bc957,Sr. Vitor Gabriel Aragão,cassianogael-henrique@example.net,2025-01-21,Brito,MG
20fdbc3c-1b44-4846-ad2a-f57099bd73cb,Ana Liz Costa,maria-juliaoliveira@example.net,2024-10-28,Camargo da Serra,DF
d3652fd9-d7c3-4735-be63-8f8488cc5419,Juliana Carvalho,ypastor@example.com,2023-09-19,Cunha do Campo,AC
58ca799c-7804-4649-b347-73b88c2650e4,Nicole da Costa,duartearthur@example.net,2025-04-04,Ferreira de das Neves,RO
2b2f6c91-77ac-40df-9830-3730b702d085,Maria Helena Siqueira,,2025-02-17,Teixeira do Campo,CE
c63218d2-0e2e-4d25-b495-6069798a9049,Lunna Pires,maria-laura79@example.org,2024-01-06,Moreira da Serra,SP
,Sr. Apollo da Paz,mbarros@example.com,2025-03-02,Moraes,GO
b0e141b6-d56f-452d-8709-f0d6e748f68c,Emanuella Nogueira,viniciusmartins@example.org,2024-03-18,Rodrigues,AM
645eed92-fb0a-4e76-887a-44281ccc9534,André Lima,brayan30@example.org,2025-01-14,Marques da Prata,PA
b7812086-166e-40f8-a1f5-f864b782e72c,Bernardo Carvalho,emanuelly45@example.org,2025-03-16,Barbosa,AM
e40ed33b-fea5-4f3d-8dde-bb0b5fac660a,Srta. Melissa Campos,novaesclara@example.org,2024-02-16,da Mata,MT
4092a5d6-1791-4822-bb14-a34983d10c37,Luara Novais,carlos-eduardo17@example.net,2025-01-02,Rocha,RN
7044349d-335a-41b5-9e20-5492d6f435f2,Yuri Pacheco,kcastro@example.com,2024-11-07,Sales,MA
d9689f85-58af-4385-95ca-b9e151ca5d18,Vitória Porto,otavio30@example.net,2024-07-19,Fogaça,DF
cb092d41-4576-4db5-9d8f-862055cb3a7b,Théo Rocha,fernando44@example.org,2025-06-23,Oliveira de Duarte,CE
72957094-f31e-4d8b-b205-b82a30112369,Dr. João Felipe Farias,karaujo@example.com,2024-03-18,Freitas,AC
5043051f-9ff1-4c5e-8ae0-2d42cc3126b9,Daniela Lopes,maria-ceciliada-conceicao@example.org,2023-09-28,Moraes Verde,PA
0145e4eb-0340-4a8b-a992-5f5c6a11c16d,Diego Campos,rebeca26@example.org,2025-02-21,Azevedo das Pedras,MS
abb577ed-fff6-4343-944b-a7ff63470ed0,Valentina da Luz,lcassiano@example.com,2024-07-15,Gonçalves,AP
1912758d-7062-44fe-855c-8bb8235b7293,Nicolas Santos,siqueiraana-cecilia@example.org,2024-06-06,Andrade,PA
61fb3734-3e2c-446c-b713-d6bcc10739a9,Lorena da Costa,joao-miguelaraujo@example.org,2024-08-19,Carvalho,AM
4509e89b-9468-408f-8f95-2c9b336750b6,Dr. Ravi Barbosa,tnovais@example.com,2025-09-01,Vargas,BA
76bfd94d-e214-4358-b5bf-4813fc4d7d68,Theodoro Moura,ravisales@example.org,2024-02-26,Pereira de Minas,PR
bf523f3e-380c-400f-93d8-e0674869b7f2,Caroline Rocha,paulodas-neves@example.com,2025-04-08,Sales,RN
548bac5e-00ea-46b4-9dbb-6dd537007de1,Dr. Gael Cardoso,camararavy@example.com,2025-04-09,Cunha das Flores,ES
186ca800-1765-4bdc-8267-ec7ebe5f9f55,Liam Martins,mouragabrielly@example.com,2025-05-21,Costela,PB
fca552d3-5699-475f-87a1-c9b311da4caa,Benjamim Gonçalves,sofiasiqueira@example.org,2025-02-08,Caldeira,BA
4c052636-681a-4aeb-9a48-7195b85359ae,Isaac Machado,nrios@example.net,2024-12-24,Farias,TO
e5d4c037-2f67-4e6d-bdad-a302d8984845,Sra. Júlia Pacheco,,2024-03-23,Macedo de Pastor,MA
9112084e-066d-49f7-b514-0944c6959d02,Vicente Aparecida,diasjoao-felipe@example.org,2024-04-10,Vasconcelos,RS
6191b256-7fc3-4b0b-881f-bfe3090b26b0,Dr. Daniel Freitas,benicio64@example.net,2024-01-23,Sá de Montenegro,GO
0981f88e-d6ff-4727-af87-939aa7bc6d46,Ana Aparecida,jose-miguelmelo@example.org,2024-03-22,Freitas Paulista,MA
8e34340c-8c9b-4410-8c06-faa2a4c038a3,Daniel Castro,pcirino@example.net,2024-03-02,Nogueira do Galho,AC
710d4bba-b8ac-47fd-ae71-8ac9b5c92e23,Antônio Cavalcante,lda-cunha@example.org,2025-04-30,da Paz,ES
e31955c7-70f6-4d8b-9079-67b4caedff0d,Sra. Brenda Cassiano,larissasales@example.org,2024-04-21,Machado,AP
44b219ca-cb47-4918-842e-1dbfa0d1638d,Ana Júlia Almeida,heitor53@example.net,2023-10-14,Andrade de Minas,MT
7dbab2c3-5fc6-4e31-b0c9-d3ecdf8bf19b,Ravi Vieira,wfernandes@example.net,2025-09-05,Rezende do Galho,TO
ff511d71-aa3c-4d01-ace2-404095af5f92,Isabela Sampaio,elisagoncalves@example.com,2024-07-29,das Neves Paulista,SP
8dea4770-5233-4004-8c94-e7c5811e90cb,Sofia Silva,,2025-05-07,Silva,PB
4c9f1415-23ad-4300-88fd-20df96e2da15,Antônio da Luz,oliviamachado@example.org,2023-10-06,Sousa,SC
9a610c81-490e-405d-a171-edf16dec85b8,Dr. Luiz Henrique Fonseca,,2024-12-04,Vasconcelos do Oeste,PI
f7c54b08-f8cd-45f1-a1a4-5361e6b0f7e2,Vinícius Vieira,bento26@example.com,2025-04-08,Barros do Oeste,BA
37c5a8ce-d391-4d97-b52d-1243ed6578ad,Clarice Santos,heloisamoreira@example.com,2024-05-19,Campos,ES
89af4c41-9ca8-472b-8775-1ed4585a11d8,Vinícius Leão,nogueiralarissa@example.com,2024-10-12,Rocha de Andrade,MA
1f8417a4-304e-4923-8436-33c5a74c1180,Vitor Vargas,hadassaabreu@example.org,2023-09-27,Fernandes da Mata,BA
2e48a44a-6a94-4471-8017-90e70ad0d42d,Sophia Moura,fogacaluan@example.net,2025-09-01,Siqueira,AM
c87ab0c7-0b97-4365-b9c4-95a2cfc2c7a0,Felipe Rios,ana-julia18@example.org,2024-11-06,Fonseca do Oeste,RO
b760a409-0269-4860-933e-0fc694a7a316,Ana Sophia Nunes,bcastro@example.com,2025-07-01,Pinto,PE
719b68e0-14e3-449e-9291-e5b768f9023a,Dra. Caroline Nogueira,raul70@example.org,2024-01-10,da Paz,ES
aa7a105b-e57e-4cb2-8385-07ae8c58bb88,Sr. Anthony Leão,davi-luizsantos@example.net,2025-01-30,Moura,SE
83c0e3b4-cbc1-4b2b-875a-6447a42079f4,Ana Beatriz da Mata,cda-rocha@example.com,2024-08-12,Cirino,PB
3ded73b2-3b10-4062-a8a1-69992fa1a73b,Aurora Cirino,oliver94@example.com,2024-08-01,Cavalcante do Oeste,MA
d8f7817d-b44d-4b80-b8d5-fe7105ec2afe,Laura da Rocha,pedro19@example.org,2023-10-25,Fogaça de Minas,CE
11652c5f-12b6-471a-9ae6-c455db96aad9,Guilherme da Costa,ana-clarada-costa@example.com,2025-09-05,Barbosa de Minas,PI
934c1bf8-9870-4cf5-a0f3-39bab57c81b6,Beatriz Costela,kaiquenovaes@example.com,2025-06-29,Abreu do Oeste,PR
,Manuella Garcia,henriqueduarte@example.com,2025-06-20,Castro,AL
aee276bb-d38f-4c6e-bb79-d715b7015459,Ana Liz Nunes,fmachado@example.org,2024-12-10,Cavalcante,AP
868becc5-4a1f-46b1-a79b-d4e9995d0760,Catarina Brito,,2023-10-31,Souza dos Dourados,ES
36335652-1485-4e67-b772-0b34636fdf2c,Sra. Alexia Farias,da-rochajose-miguel@example.net,2025-01-28,Cunha Grande,SP
15d445b9-466d-41de-8826-85d53252e377,Hadassa Montenegro,gael-henriquemartins@example.org,2025-03-11,Rocha do Amparo,MG
5cfa2fc1-dcf6-458c-8b7c-54ff31c8a8d3,Theo Câmara,sophiaramos@example.net,2024-10-31,Rezende Grande,AL
f7d79af6-b047-491e-a103-97fb85d5de9f,Ester Montenegro,,2024-11-17,Fogaça,MS
1063ae27-4eff-4d75-a8d3-e7f07de9b15b,Luara Cavalcante,ucunha@example.com,2024-08-16,Araújo,DF
dd20a2ca-bada-471d-8312-cdef34b556c4,Eloah Vieira,wcastro@example.com,2024-06-09,Vieira de Rocha,AL
a0260450-f615-4fa2-99c9-22bc78bba189,Kevin Gonçalves,paulo52@example.net,2023-12-01,Moura,MG
4b67b20b-c58b-4399-8535-52457cf1c6d5,Manuela Dias,hsilva@example.net,2023-11-17,Câmara de Costa,GO
bc0246a1-8e1c-48e2-9c86-847fae8bdb37,Diogo da Conceição,guilhermelima@example.org,2025-05-17,da Mata do Galho,AM
1e51f309-d3a7-485b-a8d8-98375f19d108,Enzo Gabriel Ferreira,aragaocecilia@example.net,2024-10-01,Pereira,PR
a46d9cbe-a284-4e29-a944-e1eab6f9a939,Fernando da Paz,jfarias@example.com,2024-01-06,Sales,AP
344fcecc-d283-43aa-afb1-7dfcccb14ff5,Letícia Moraes,thiago81@example.com,2025-01-15,Gonçalves da Praia,RJ
fc292f1b-b493-44c4-a5e8-7e9cd3b94b7a,Asafe Borges,caua90@example.org,2024-09-27,Camargo,PR
c42777f9-9b02-465b-b96b-220adb22c9ae,Elisa da Mata,theoaraujo@example.com,2024-07-05,Rodrigues de da Paz,PE
df22edc3-77b5-41e4-9f84-468b7f752b11,Raul da Rosa,da-pazjuan@example.org,2024-07-13,Nunes,ES
a076940c-b86f-4d41-849c-6a974ae236e9,Sara Monteiro,erick16@example.com,2024-11-27,da Mota,SP
3193c9cc-bd59-4f29-9834-dad36a55bc61,Manuela Martins,nina10@example.net,2024-05-17,Alves,CE
a2e5eb45-4fa1-42d8-8f36-d13572267344,Zoe Sá,,2024-10-29,Vargas,DF
02807401-a2c4-4054-84f8-9fe878283877,Srta. Ana Carolina Peixoto,laura49@example.com,2024-06-11,Mendes,SC
238712da-808a-4bab-8f7c-5e6467275b2d,Paulo Sales,da-matajoao@example.net,2024-03-05,Costa,PE
490a7363-4615-4b9d-aa52-54e96098f09d,Marcelo da Mota,mendesraul@example.net,2025-08-09,Monteiro de Novais,AC
386d2571-5130-4a6b-975f-4ddcb4d6f95f,Dra. Eduarda Peixoto,lunna90@example.com,2025-06-13,Sá da Serra,CE
65f55f6b-e496-4664-b481-250d0f1558e3,Maria Liz Mendonça,borgesmariane@example.com,2025-09-13,Oliveira,AL
7b2b85ed-5fd4-4b31-8ea2-4fa9650885f6,Lunna da Cruz,machadodiogo@example.net,2023-12-11,Freitas da Praia,PI
e52a7c08-fb39-446f-a146-9d09d1ca3604,Thales Silva,yan92@example.net,2024-02-03,da Luz da Prata,ES
8d831728-cf47-4c2f-a676-a2eb1a78e474,Mateus Almeida,davi-lucasbrito@example.com,2025-06-08,Porto do Sul,RO
457de455-da35-4d4b-9e88-8ecc9e763466,Yasmin Moreira,pmacedo@example.net,2024-05-07,Andrade,PB
6494edec-73cc-44d1-b13e-b336575cce71,Vitória Mendonça,yoliveira@example.net,2024-06-20,Sales de Minas,AP
,Pietra da Rosa,nunesmilena@example.net,2025-04-11,Nogueira,MS
9ee7b59c-47e7-4062-841a-4ec6ab2b4bf5,Alana Jesus,kcavalcanti@example.net,2024-02-25,Cardoso Alegre,AM
e7cd304c-f275-4222-8b9a-e407c2eaeffe,Ísis Borges,emanuellanunes@example.com,2025-04-16,Albuquerque Grande,RS
67cb1c85-c9e4-40fa-bf32-23764657fcad,Bruno Farias,larissacunha@example.com,2025-07-18,Sousa,MT
8b3a620b-e635-43e9-95d9-d648621a7eeb,Fernanda Nascimento,tleao@example.com,2025-05-22,Aragão do Norte,CE
c10294ef-ff98-4f01-8360-8662984748e4,Bianca Andrade,melina58@example.org,2025-09-14,Costela do Oeste,RJ
7d55603a-7ce7-4fd0-8d34-02923c572bbb,João Miguel da Rosa,eduardoviana@example.net,2024-04-17,da Luz,SE
862ccf5a-cf2c-4492-bb2b-18a50298eba7,Maria Laura Sales,camilamacedo@example.org,2024-04-11,Fernandes de Martins,PB
f6781496-7c73-4288-b76a-d85686d1f711,Dr. Liam Vargas,ottolima@example.net,2024-03-05,da Mata,CE
55cbd516-2744-4ec7-9594-88b276ff2fe1,Luiz Gustavo Nogueira,rebecada-mota@example.net,2024-08-02,Albuquerque,SE
5bc02eba-e076-4c86-91b1-864f91e0b6a5,Nicole Lima,auroraramos@example.net,2025-01-14,Silva,CE
b94ae191-370f-4104-a2bf-5cfc8416aa0c,Ana Julia Gonçalves,almeidagiovanna@example.org,2025-03-07,Oliveira,RR
d246f7f5-534a-424f-913e-941b7da58610,Henrique Melo,tsouza@example.com,2025-03-12,Macedo de Porto,SC
c0e52ae9-ac21-4c01-8f0c-a13b88323229,Davi Miguel Azevedo,davi-luizbrito@example.org,2024-09-16,da Conceição,PA
d251e0da-7132-4c50-90e3-c2739517d3d3,Marcela Novais,jalves@example.org,2025-05-01,Gonçalves de Castro,AC
6bc9a683-cef4-483b-8b9b-9e0384f5eb18,Sr. Pedro Lucas Cassiano,iduarte@example.net,2025-06-20,Oliveira de Santos,PE
59c3a5c4-9fb6-4435-8756-8108b7517d75,Vitória Camargo,joana71@example.org,2024-08-25,Cavalcanti,RS
0910a92b-0b93-4ff3-ac63-833db7380049,Eloá Sales,ana-luiza83@example.com,2025-06-24,Pereira do Oeste,AP
eb2eaa0f-e05d-40e8-8758-6699ebe17855,Daniel Câmara,castromaria-helena@example.org,2025-05-15,Mendes,PE
365fe2ab-27c6-4578-832f-bda52002ef60,Sra. Luna Castro,woliveira@example.org,2025-03-07,Martins,ES
10d69bed-ace9-498a-9af4-9124e10f64ea,Olivia Lima,da-mataolivia@example.org,2024-05-27,Vieira do Norte,PE
70e698c9-8c97-4bd5-ba67-57478f363f5b,Erick Lopes,koliveira@example.org,2025-08-17,Monteiro de Goiás,SC
5d696183-d910-44f9-b240-a583f310cb04,Pedro Sousa,diegosousa@example.org,2024-01-25,Pacheco do Galho,RR
c27b6db9-5c0b-44fc-857f-ade96575fbd0,Nicole Cassiano,casa-grandesarah@example.net,2025-07-23,da Conceição,MT
d7b3aa95-6630-4d9a-ba58-743e9082ed5d,Henrique Costela,jdas-neves@example.org,2024-05-22,Alves,BA
88e8159a-b671-48ba-b5ec-74f45d93c6cb,Otto Ferreira,,2025-05-08,Alves,MA
5cb4e6d7-fd74-480d-87c8-0229361b124e,Rodrigo Cirino,eda-conceicao@example.com,2024-10-08,da Cunha Verde,PE
87882e2a-36b7-4520-915c-af24d844908d,Dr. Lucca Machado,babreu@example.org,2023-10-02,Costa,PI
4023dfb2-2456-422e-b49e-cbffada3550b,Sra. Bárbara Lopes,oliveiravinicius@example.org,2024-11-29,Silveira do Oeste,PR
e2f901c2-08da-4b1b-a24a-d308180348f9,Davi Miguel Dias,bcardoso@example.com,2024-08-01,Sampaio,CE
901b2c5d-839b-43d3-81ee-732054f3c053,Gael Henrique Novais,pvieira@example.net,2024-01-27,Macedo,RS
203bf840-8d96-461a-97b1-0e0745f99784,Arthur Miguel Moura,da-costaisaac@example.net,2024-08-20,Monteiro,BA
7c8d48a1-c3b7-4bc9-bbd2-08510e241583,Gael Henrique Castro,dmontenegro@example.net,2023-12-03,Pastor Alegre,PA
252177c1-89ae-4693-8f72-e93103f2cac5,Dra. Helena Azevedo,bborges@example.net,2025-08-17,Barros,RS
,Esther Sales,maria-liz06@example.net,2023-12-24,Garcia dos Dourados,RO
afa3e444-af9d-4f35-a13a-5b0578e7af2f,Emanuel Correia,cviana@example.net,2025-05-30,Novaes,AL
c8109a6c-1437-4db3-a8a6-bfa0d32b25f4,Dr. João Sampaio,nmoura@example.com,2024-09-17,Câmara do Norte,SC
aa046edc-8341-4cf0-97db-5cfed576e704,Julia da Paz,erick81@example.net,2023-11-12,Viana do Amparo,PE
58d71aa0-a488-4387-be63-87e5b0fc20b4,Vicente Almeida,emanuella76@example.org,2023-10-01,Costa,MS
0cf2b619-0618-4e28-9a7c-f69c2c894172,Augusto Aparecida,agatha08@example.org,2025-07-15,Aparecida do Galho,ES
c2fdd74b-23f0-4000-84b8-70376aa78e5f,Nicolas Alves,tmelo@example.net,2024-11-19,Sales do Amparo,AC
1a0d3176-c4e3-4f9c-8376-f93694281509,Allana Teixeira,livia06@example.com,2024-08-03,Garcia,PA
132d6098-d65f-4148-9b04-932f3bc81cfb,Arthur Miguel Pires,davi-luccadas-neves@example.com,2025-02-12,Ribeiro,ES
4b9cc237-9a64-469a-83f2-b8bf28ae6a30,Luan Peixoto,sophiapires@example.com,2025-04-18,da Paz do Oeste,MA
09b96c17-2aeb-474a-bf6d-9ccd9c8fd4d1,João Miguel Porto,marcos-viniciusdias@example.net,2024-03-22,Pinto de Caldeira,PE
4908c477-9eb7-4803-95b0-8a2f5482d604,Laís Fernandes,joao-guilhermecassiano@example.org,2024-04-26,Fernandes de Moura,PR
0d4ad786-665a-4bae-93fb-e3ff546b8a5f,João Pedro Monteiro,qcunha@example.org,2023-12-02,Albuquerque Grande,AP
028bbf13-0890-4298-8f0a-4910d103a17b,Apollo Moreira,pimentaalexia@example.net,2024-08-23,Macedo,RN
aaa16334-6e0b-49ff-a2aa-ce5e817e4f00,Caleb Silveira,qnovais@example.com,2024-05-25,Câmara,AL
2de6ccad-31ea-401c-aca8-c2458c8edef0,Sr. Ryan Sales,ksa@example.org,2023-09-16,Garcia,DF
98033aae-d252-4916-a1e4-f64a33d9053b,Nicolas Vargas,juanrios@example.net,2024-04-03,Sales,BA
e6bf1bd4-a0fc-4301-a4f4-12614929a289,Sra. Maya Dias,maria-isislima@example.com,2023-12-04,Aragão Grande,BA
6c5c9706-7592-4d4e-9752-c6f1041a1ff9,Raquel Duarte,,2025-02-07,Vieira,SE
e2093e23-39e9-4bbe-a6a4-1c697c7141be,Juliana Ramos,fonsecamanuela@example.net,2025-08-04,Montenegro do Galho,PA
f7020370-a3e4-4bc6-be59-6b9497da499c,Dr. Carlos Eduardo Camargo,vsa@example.net,2024-03-11,Guerra das Pedras,PA
a8082e77-f4ab-40ac-b85d-acfec0ed6715,Lucas Caldeira,marcelo92@example.com,2024-07-08,Ribeiro,RS
e030fbdd-071c-4e68-b741-96f580cac5db,Rafaela Pereira,emanuellacostela@example.net,2025-03-12,Ramos,RS
b4478cb6-211a-428b-976c-8f50b6db6898,Sr. Joaquim Caldeira,riosvalentina@example.com,2024-01-31,Machado,SE
c60765ef-ca0c-4e14-849c-3744f4d6faeb,Heloísa Siqueira,hcavalcanti@example.org,2025-02-09,Nunes da Prata,RJ
d68bf669-0e49-46bf-9387-eda2669051e0,Nicolas Correia,caldeiraluna@example.org,2024-11-10,Costa da Praia,RS
f722c118-4226-44e4-81c3-f92fef469301,Camila Silveira,asilveira@example.com,2023-10-15,Rodrigues do Campo,CE
341fbe8b-1ddc-4399-8622-f5dd0787f236,Sr. Yago Porto,joao-pedro53@example.org,2024-09-25,Cassiano do Galho,PB
5562c6f4-e432-46a3-9105-609ff267afa0,Gustavo Henrique Gonçalves,,2024-07-30,Silva do Galho,AC
b69d9b36-1cbe-45cb-ad9f-e20277cc8510,Caroline Pereira,cda-rocha@example.net,2025-06-10,Albuquerque do Amparo,GO
3bc6def2-b52b-451b-a6ae-15919d1cfd60,Leandro Cavalcanti,maria-flor55@example.com,2023-09-30,Mendes,TO
2361a00c-7bed-41eb-8817-3a7a4def50a8,Maria Julia Rocha,maria-fernanda66@example.net,2024-01-29,Casa Grande,BA
d510a964-76fd-4ddc-bad4-3bf46c421450,Dr. Augusto Garcia,dpacheco@example.org,2023-12-15,Cunha da Praia,RO
94166053-ddbb-4d98-a71d-ea4c6c9a21ee,Kevin das Neves,ysantos@example.net,2024-06-17,Melo,MA
58e8a3b8-bcc6-49ef-8230-0c84d601479e,Dr. Henrique Albuquerque,bdas-neves@example.net,2025-06-17,Souza,SE
5edeb0c3-ef9d-4eab-b561-d483150d28af,Léo Viana,,2025-08-03,Ferreira de Correia,MA
ac302710-b5c1-4f9b-895a-d64220839b5c,Alana Freitas,mendeshenry-gabriel@example.org,2024-02-06,Sá de Goiás,BA
8cc98a57-ed84-4574-a476-94b818f1d016,Dra. Rebeca Leão,pereiraluiz-fernando@example.com,2024-11-02,Sales da Mata,AM
30906fdd-d71f-4806-974f-4c181ba878b6,Luísa Sousa,enzo-gabrielda-rocha@example.org,2025-03-05,Teixeira,RJ
73afa646-69b3-4a17-b4be-bf1d6d3d50e7,Dr. Kaique Peixoto,augusto62@example.com,2025-02-20,da Mata do Oeste,PI
15e10c5b-59e8-47b9-8c46-f0d166a47b8b,Luiza Costela,paulo36@example.org,2023-10-06,Monteiro da Prata,SP
8f63e14e-1e82-4358-9662-9660b12616ab,Gael Henrique Jesus,bfarias@example.org,2024-08-05,da Mota,PI
be7fff05-2169-4f07-aa67-55d51464859c,Dra. Stella Sousa,gabriela76@example.net,2025-04-07,Araújo,PB
ee2d65e6-3957-4fd4-b4f8-196e31bda6ca,Bárbara Rezende,murilo94@example.net,2024-03-12,Sá da Prata,RJ
04ce16a1-c48e-43c2-8b26-1281376dfe8a,Bella Almeida,,2023-12-23,Dias das Pedras,PI
4f92ae35-87d1-4ea4-990e-f550fb262298,Rael Freitas,hsiqueira@example.org,2025-01-20,Lopes da Praia,SP
f8878666-cd60-4ccf-b102-5caf24812381,Sr. Breno Machado,gda-cruz@example.net,2024-09-06,Melo,MT
4ac8cc2c-7d66-47ad-bb85-b08264340df6,Bruna Lopes,ycirino@example.com,2024-07-21,Santos,RN
32516c54-9885-4bb7-ac52-89f498289842,José da Mota,amachado@example.net,2023-11-17,Gomes,PA
c1f6c52e-e9ac-4d17-8b3d-64f592d4cf07,Clarice Câmara,gda-cunha@example.net,2023-12-11,Cardoso de Pastor,AM
370d17e3-43fc-4529-8245-d1e3167f27a0,Gustavo Henrique Machado,mpereira@example.net,2024-11-05,Barbosa,RJ
d1a0ab4e-e298-4ffb-bafd-73fc2e3de0ab,Ana Luiza Teixeira,cirinoana-cecilia@example.com,2024-06-05,da Rosa de Goiás,PR
c5062be0-bab4-4693-8871-42404e9ef41b,Lunna Cirino,jda-conceicao@example.org,2025-03-28,Brito de Sampaio,AM
6b8e5076-a55e-4dc6-9b5f-d9b0289f0334,Carlos Eduardo Cunha,bnogueira@example.net,2024-02-18,Almeida do Oeste,MA
3cb754af-e62e-4d11-b8d1-9ad5063abc42,Lorenzo da Luz,joao-felipe37@example.net,2025-02-11,Pimenta,PB
b0fe6d8b-578a-406f-97be-395564f53e84,Esther Rezende,acamara@example.org,2024-06-11,Cunha da Praia,BA
a8d4a3f2-c15d-4874-8d1c-a87b79e5397e,Hadassa Guerra,abreuisis@example.net,2024-05-31,Borges,PR
c18d2911-a840-49ae-843a-b3eb365a59eb,Gael Henrique Duarte,isabelly90@example.com,2025-01-24,Freitas,PB
ce1acb83-0d68-4d95-a8f1-c5498c7b7754,André Leão,kamilly81@example.net,2025-05-04,Ribeiro,MS
8caf7518-71da-4fbd-a4a6-24829b0057ac,Dr. Rafael da Paz,gcampos@example.org,2023-11-25,Pimenta,MS
a9d0c4b7-2bb3-4a3d-bb66-c7325bee5577,Giovanna Novais,almeidafernanda@example.org,2024-03-16,Abreu do Galho,TO
e77b83f2-a8a9-4143-bdcf-d6dae7843af6,Luara Vieira,ncardoso@example.org,2024-12-28,Barros de Pinto,AL
9b7a907f-3a0e-4abe-bf90-d634ed18065a,Srta. Isabelly Borges,julianovais@example.net,2024-11-21,Mendes,RS
3d0e4db3-5730-4ab6-9310-198630892bbf,Sr. Matteo Ramos,anogueira@example.org,2024-07-16,Viana,PA
24f1d2b0-7f5c-4a18-b537-6f770d937ecc,Ágatha Mendonça,diassophie@example.com,2024-03-19,Viana,PE
f02e1e6b-74a2-4146-b9a0-6327c4595698,Ísis Silveira,rodriguesyasmin@example.com,2025-07-09,Fernandes,PE
571c0b08-363b-45eb-a42e-101245c86cc6,Maria Alice Souza,felipe03@example.net,2025-06-24,Viana,RR
c03ebc1d-f1e5-457b-93af-53839c686671,Danilo Caldeira,gabrielmelo@example.com,2024-04-07,Camargo,RO
09213321-b598-43fb-9e8c-d66c70bb77fa,Luiz Miguel Cassiano,wpeixoto@example.org,2025-02-09,Sá Paulista,DF
cec50bdd-9e4c-4df2-ab9b-0d4fa827fd41,Pedro Miguel Garcia,casa-grandevitor-gabriel@example.org,2025-01-22,Cunha,MS
2a4bf0bb-6bd2-4b73-971e-e3364572723c,Dr. João Felipe Lima,augusto53@example.org,2025-02-08,Carvalho de da Rosa,AL
e0fdb823-dba7-4c6f-917f-699f663a2010,Gabrielly Gonçalves,andradepedro@example.org,2024-06-26,Pinto da Prata,SE
6c02ad75-fd90-4534-a26e-0df8cf4f4fca,Sr. Pietro Rezende,yuri22@example.com,2024-09-28,Sá do Galho,TO
e38da518-129c-49fb-b90f-efea7c50e550,Ana Clara da Rosa,,2025-03-17,Siqueira das Pedras,SE
6f801bb8-4dfa-4ac8-aede-116421d7344f,Vinicius das Neves,ceciliada-paz@example.net,2024-08-04,da Paz,RO
5b2a98b4-97a4-47f0-bc92-fc6a5f22c3dd,Thomas Almeida,marinada-mota@example.net,2024-03-12,Macedo das Flores,RS
5e8a48c4-57f7-4fc3-b563-83bb95cccd8a,Isis Machado,beatrizjesus@example.com,2025-07-14,Cavalcante,SP
e5f61afd-7da5-4ef7-956b-339f3d52ddc0,Augusto Câmara,uazevedo@example.org,2023-10-19,Sales das Pedras,MA
ae2e7305-b9b4-4ca2-a732-67643143628d,Davi Luiz Lopes,luiz-fernando50@example.com,2024-10-25,Macedo de Minas,GO
6080a38b-fff3-45ba-910e-a064b03323d7,Leandro da Mata,emanuelly89@example.net,2025-04-30,Moreira da Praia,MA
4ce920c4-3080-4386-ab75-78a2ee4052ed,Dr. Emanuel Fernandes,joao-vitorcavalcante@example.com,2024-02-09,Aparecida do Oeste,AM
4c31ced7-4c51-4f20-8bfc-4bd0ffa9026a,Daniel Novais,caldeiramelissa@example.com,2025-04-29,Camargo,AP
e3997025-fcfb-44bf-9300-bf5c3940e28a,Lucca Monteiro,isabela54@example.com,2024-12-11,Martins de da Luz,ES
c00f2f64-c1b4-47c8-b2b3-cfb5bb94416e,Maria Cecília Sampaio,esther59@example.net,2025-04-05,Azevedo de Goiás,AL
a55d83ff-06b1-4dad-ab11-a3db3ee6ea70,Sarah Lima,gabriela83@example.com,2024-10-04,Rodrigues,RJ
204a8772-d98f-497b-8553-6487f8520c3d,João Monteiro,joao-guilherme06@example.org,2024-09-10,Leão,PE
d5035326-76e3-4dd9-96e9-24e76127bcc7,Benjamim da Conceição,maria-florfernandes@example.com,2025-04-26,Teixeira,DF
06a837d1-4b14-4a56-914d-691980c6accf,Henry Pastor,xsampaio@example.net,2025-07-04,Rodrigues,ES
4477f715-762d-4028-bf28-ff6fdd8fda21,Emilly Albuquerque,joao-miguel05@example.org,2024-04-26,Azevedo da Serra,AM
818f2244-377c-43b7-b125-4c8024a71709,José Miguel Albuquerque,ccassiano@example.com,2024-05-15,Pastor,AC
0a225525-94d7-4f58-b98c-e76a9f373fc1,Luara da Rosa,levi03@example.net,2024-06-08,Macedo,MS
d106a0c0-7e64-46c8-82ac-e00f481691cc,Srta. Clarice Albuquerque,uvasconcelos@example.org,2025-01-11,Aparecida,PI
d5582c1a-03bb-45e2-87b9-5e81136e9167,Maria Laura Rezende,albuquerquemilena@example.com,2025-08-13,Siqueira,BA
e79bf898-06a4-49d2-8db7-64ae38b030f0,Dra. Alexia Pinto,dmartins@example.net,2024-06-06,Souza,DF
b802135f-ed6c-44fa-9700-afa0749431ee,Juan Macedo,leonardocampos@example.com,2024-03-24,Silveira do Oeste,TO
b02a2c22-0399-4782-b0e4-ec4610f6b589,Miguel da Rosa,nina22@example.net,2024-11-22,Campos Paulista,MT
ea68d28b-8fc6-43e5-8af6-f67d9b3aaadf,Stephany Barros,vieiraemilly@example.org,2024-11-13,Fogaça,PB
46e91a72-8210-42c4-bc39-29139306e3d0,Henry Pimenta,maria-laura64@example.net,2023-12-14,Costa,PE
929d94c5-a7af-45e6-a720-2f86cb365c27,Alana Mendes,carolinaaraujo@example.com,2025-06-05,Ramos de Monteiro,CE
e5f12cf3-fb8b-4c5d-91d8-50aac7c34178,Renan Pastor,valentim96@example.org,2025-01-17,Alves do Norte,GO
b4ad8533-44cd-4c44-a55a-7df928f79f35,Vitor Hugo Araújo,liviacasa-grande@example.net,2024-12-25,Andrade,PE
d3e249c8-9dea-430c-862a-4d35be184e8b,Henrique Jesus,isis56@example.org,2024-07-28,Alves,ES
43df3a0a-5641-47f9-9e99-dcfe1d49588b,Dom Marques,ravi-luccajesus@example.com,2024-12-13,Porto,AC
61fb52c6-ae16-496e-aafc-e61549ebafa2,Luiza Andrade,moraeseduardo@example.org,2025-09-15,Pinto do Norte,TO
a8a5e399-117f-4780-b73a-6719d57488ae,João Lucas da Luz,xcunha@example.org,2024-12-04,Costa,MA
8bed545a-5c1d-4937-ad98-d234423169ea,Cauê Mendonça,xmacedo@example.net,2025-06-07,Sampaio de Goiás,RO
4982276a-8e92-40a2-b834-28fee75d6685,Alice Peixoto,,2024-03-21,Machado das Flores,MS
144fe382-326a-49d0-812d-a42af187aac6,Dr. Arthur da Mata,nramos@example.org,2023-09-24,da Rosa do Oeste,MT
031cc7b5-5edb-498e-8276-d5af25132e15,Laura Aragão,emanuel46@example.com,2025-03-28,Castro,AM
fe3af041-0475-499f-a6cc-aea6f9705384,Sr. Asafe Sá,,2024-07-21,Pires de Minas,TO
4bc6be49-34ad-4bc3-acab-75ea45b542ca,Dr. João Pedro Fonseca,goncalvesyuri@example.org,2024-05-06,Vargas,GO
28888057-4ca4-4d74-9d0f-2deb5f89ac74,Ravy da Mata,enascimento@example.org,2025-05-03,Guerra Paulista,RR
46171070-e366-4974-a63f-9de83673e1f9,Mateus Azevedo,jpires@example.com,2024-08-31,da Costa da Prata,RR
e215fc85-526f-42c6-958f-402f90e647d2,Luna Monteiro,luccaramos@example.org,2023-10-08,Pacheco,AP
44ea3b7c-1d7b-4b3d-a292-04ff5406f7c3,Heitor Montenegro,mcaldeira@example.org,2025-07-26,Moreira,MG
64dd40f6-9920-4dfe-b105-c233320dd021,João Pedro Nogueira,mcorreia@example.com,2025-05-26,Borges,PR
88002371-4be9-4b98-a67e-34d775e86303,Dr. Benicio Teixeira,costelafernando@example.org,2025-04-01,Barros,AM
50a4d0c8-e63d-454b-aa65-d271485d2de6,Sra. Ana Luiza Montenegro,lunnacardoso@example.com,2024-02-18,Vargas,PA
55c4516b-450e-43fd-8e00-ed589a456c1e,Kamilly Monteiro,lporto@example.com,2024-12-03,Macedo,PI
b2fa0927-741c-48a9-b2d2-34ec52dd9074,Sophie da Rocha,ravi75@example.org,2024-06-19,Farias,CE
a095fbfa-78d1-486a-9e9c-3d37f14722f7,Mariane Fonseca,maria-vitoria16@example.net,2023-11-10,Pinto,PE
7b7fee33-418a-48a6-a9df-e636533f85c0,Kamilly Rios,gomeshenrique@example.org,2025-08-08,Borges,PB
d8332f8b-9f07-4b6d-bd8a-ab2f70aa07c3,Dr. Samuel Porto,,2024-02-01,Siqueira,RR
bfa91cfe-3540-4512-99f5-401ac20eaba6,Laís Aparecida,maria-clara90@example.net,2023-09-16,Castro,MT
982c884c-3078-4847-a091-952cf9e83592,Eduarda da Conceição,marcelagomes@example.net,2025-06-07,Gomes,CE
c076b45c-c1e0-4ddd-959c-562c75e86ff9,João Gabriel Moura,garciaanthony-gabriel@example.com,2024-04-11,Nogueira de Caldeira,MA
4ca1c25b-d0fd-422f-87ed-7fc0f30bf783,Apollo Souza,larissaguerra@example.com,2025-03-07,Costela,PA
ce9812a0-ed19-47a8-92d7-9a58d5ce82b9,Raul Pereira,iguerra@example.org,2025-05-28,Abreu,MG
697c56e8-dd4c-46e7-90a2-efafb539dab8,Luiz Henrique Aragão,hlima@example.org,2024-10-29,da Luz,ES
0132a3d9-24f2-4d39-a286-87f988adeb2c,Isabel Aragão,mirellamoreira@example.com,2024-05-20,Costela,AL
f491b19f-89ab-4558-9595-b539901c2348,Samuel Andrade,maria-helena94@example.com,2023-10-20,Borges,TO
4c88341c-538c-467b-ab95-087d9a6c45c7,Dr. Paulo Barros,abreucarlos-eduardo@example.org,2023-12-01,Moreira,SC
0d8212cb-17fc-449f-a85c-ff9de854dd57,Maria Luísa Nascimento,mendoncaisaque@example.org,2024-02-26,Fonseca de Rocha,PI
75c6283a-1644-42de-bbb6-158f4599002a,Stephany Borges,theodoro62@example.org,2024-02-20,Almeida do Campo,RR
d6b2577f-6f71-4d8c-adc1-01eecc6ab109,Luiza Peixoto,elisacavalcante@example.org,2024-09-05,Oliveira da Praia,AL
d11c8693-ea10-4502-8fcf-1111238abba4,Anthony Brito,miguelmonteiro@example.org,2024-03-10,Lima,CE
12e233da-a4fd-4225-8a31-7a842932f825,Dr. Luiz Otávio Viana,zvargas@example.org,2024-07-07,Cardoso de Lopes,SP
66eda6fc-876e-4dcb-a830-e4c4b7b59aeb,Isabella da Rosa,,2025-03-13,Silveira,SE
903ae148-6ce2-4f47-a106-c1c1876be9c5,Rodrigo Pastor,tda-rocha@example.org,2024-05-07,Teixeira de Sá,ES
451b0d17-3b9e-4c46-9f22-0bb82005fec4,Sr. Caio Gonçalves,mirella02@example.net,2025-08-09,Montenegro,PI
08851d18-461b-4118-86bc-4c12d8f7898d,Lavínia Pastor,da-pazrafaela@example.net,2024-06-06,Lima,ES
f32766a8-378e-4a8d-925e-87a209bff4bc,Joana Freitas,hcirino@example.net,2024-08-06,da Cunha das Flores,PB
59df68dc-df9d-4b40-b5d2-3b5ae1438689,Isadora Costela,fcamara@example.net,2024-05-10,Rios de Pastor,TO
2dc9d456-17fc-4e1a-b261-929119d2b4ba,Dra. Alexia Montenegro,caldeirajoao-guilherme@example.org,2023-09-17,Duarte,CE
2c461bc2-ed1f-4e03-a729-216a4363dabc,Sra. Maria Sophia Brito,riosisaque@example.com,2024-07-22,Gomes,PI
4608ee12-bf2a-4370-a026-ef76d7e7ac7b,Nicole da Costa,benjaminpires@example.com,2024-08-17,da Mota,TO
6e8f2965-ff1e-4fc0-8e88-25c947e557c6,Mariana Rodrigues,da-cruzjulia@example.org,2024-06-30,Novaes de Câmara,CE
c2b7c895-67c0-4003-a415-6ef138913c75,Dante Andrade,maria-alicesampaio@example.com,2025-06-05,Moura dos Dourados,BA
d51c8eb6-e2f6-4d43-ba60-24f0acd8a924,Dr. Diego Pires,heloisaduarte@example.net,2025-07-26,Vasconcelos de Goiás,TO
009d6c74-5eaa-4c20-a32a-7e569bb8c8fc,Brayan da Luz,hsampaio@example.net,2025-05-20,Pimenta de Pires,AL
bc9b7467-639c-485d-8df1-c20c92bd147e,Dr. Pietro Guerra,marianalopes@example.net,2023-11-02,Rocha,RS
c6afb707-e82d-4d5d-9ff1-c3ab1bbe2690,Camila Cassiano,lda-rosa@example.net,2025-07-02,Cavalcanti da Mata,RO
56b5eaec-6d59-4ff5-8120-f1df9a458abe,Dra. Ana Julia Brito,gabrielnascimento@example.net,2024-09-22,da Rosa das Pedras,AP
eb688a2a-37ba-40d5-8782-133979be55ee,Yan Santos,asafe54@example.net,2023-10-07,Andrade,PI
acb62c13-50fd-46e8-8df1-891f236a8665,Maria Julia Fernandes,eloah26@example.com,2024-11-23,Azevedo,SC
1333c94c-1efa-461d-b238-e80bccbf856e,Sr. Mathias Lima,evelynpimenta@example.com,2025-07-11,Silveira,PB
26a3b16c-9b18-435c-9911-75ce820747bc,Heitor Andrade,noahbarbosa@example.com,2025-07-24,Melo dos Dourados,MS
095cecd5-976d-4e1a-b868-749f59306e18,Pietro Mendonça,mpimenta@example.com,2025-06-08,Marques,AL
8b34258e-35e0-4193-8d65-27fd1ecf2410,Sr. Gael Henrique Rodrigues,camposalana@example.net,2024-07-04,Barros do Galho,RO
84bb083b-a8b4-4c1c-a300-bcd0d89bb027,Raquel Campos,sousagabriela@example.net,2024-12-17,Melo,RR
099afa88-2d9b-4a2e-ae1e-fa4e95e22bd2,Lorenzo Fogaça,moreiraliz@example.net,2024-12-09,Pastor da Praia,PR
b8eedc39-6a90-4e4e-aab6-fb4f721fe1a3,Sra. Hadassa Pires,jsales@example.com,2023-10-08,Caldeira do Sul,AP
aa4d5bdb-26b2-4349-a98e-51500e64c097,Cecilia da Mota,caueguerra@example.com,2023-12-16,Andrade,ES
1c4abd2c-90b8-442f-b1a3-28dd6d9dcd67,Dr. Davi Miguel Sousa,liviapacheco@example.org,2024-07-29,Rezende de das Neves,RO
f677da43-a4d9-4e9a-b2c1-62e590474895,Alexandre Gomes,casa-grandesophie@example.net,2024-02-17,Montenegro de Leão,SC
121eca96-6f0d-4f2a-bf5e-5cd19b5bef9d,Maria Luiza das Neves,mfonseca@example.org,2025-03-02,Almeida Grande,AC
33bf1158-37fa-442c-ae9c-35a7d3bd6bd1,João Lucas Sampaio,hcampos@example.com,2025-05-01,Vasconcelos da Praia,DF
3cfa7f68-40fe-4395-92b6-7fe4c6a128c9,Renan Pereira,piresamanda@example.org,2023-10-06,Oliveira,AP
,Dr. João Felipe Albuquerque,camaralarissa@example.com,2023-12-17,Melo dos Dourados,ES
82bb7757-6bb4-4a86-8c85-24ced9ea6690,Eduardo Rodrigues,aurora08@example.net,2024-12-31,Ribeiro,RS
79e40a71-5466-4667-b950-a4815f8f0b45,João Miguel Fernandes,sousaarthur-miguel@example.org,2024-11-10,Barbosa,SE
4e20205a-cfec-4c56-92fc-30bc95f0f146,Maria Helena Oliveira,rodriguesanthony@example.com,2025-04-26,Duarte de da Conceição,RN
55561e28-b61a-47c2-9152-491c127c6bfe,João Pedro Almeida,ecassiano@example.org,2025-08-05,Correia do Sul,SC
4522ec01-e803-43c2-a063-4476dd884fba,Srta. Elisa Campos,diego20@example.net,2023-12-25,Rios,GO
ae39e74f-fc5f-4cf4-8d5c-5a703e0392b9,Arthur Brito,mateusvasconcelos@example.org,2025-07-24,das Neves da Mata,PR
fefab14a-bbf4-47bb-b83a-8a3b65ccf9ca,Luiz Henrique Fernandes,martinsbrayan@example.com,2025-08-04,Melo,MA
2c13d31b-4d4e-4dfb-9c86-dcf75070690c,Ana Luiza Machado,aragaoemilly@example.org,2023-12-18,Fernandes,ES
041c132f-bb5e-40cb-b48d-e83d0713cf1b,Miguel Silva,joao-lucasda-mota@example.org,2025-02-09,Barbosa do Campo,PB
827618f2-a527-4729-95bc-483781886384,Elisa da Mota,tda-mata@example.net,2025-08-26,Macedo,BA
13cccd79-75c3-4bd8-8974-c1b07ac681dc,Dra. Maria Luiza Borges,brenda17@example.com,2024-03-27,Abreu,BA
691a459f-5c5b-4dbb-a59c-1b221fd3cfa4,Juliana Cavalcante,camargohelena@example.net,2024-12-07,da Cunha,SP
29d04680-915a-4094-a434-770677f7b0df,Murilo Costela,ana-carolinacorreia@example.net,2024-07-30,Mendes Paulista,MA
47d735f8-853c-444b-bdc8-a9e29980799a,Breno Sousa,rleao@example.com,2024-04-26,Barros do Amparo,AM
2a527546-7802-46e1-bb95-f923f149b129,Juliana Cardoso,henryaparecida@example.org,2023-09-20,Barbosa Paulista,RS
1a50266c-761b-408a-9823-29cce3a6d350,Dra. Isabel Macedo,gcostela@example.org,2025-08-26,Mendonça,PI
a198f070-edea-411a-b632-998f38e9d935,Sr. Davi Lucca Leão,goncalvesthales@example.com,2024-02-04,Vieira de Freitas,RN
86cff18e-51eb-4abf-8023-de1d072f583b,João Miguel da Luz,sophiedas-neves@example.com,2024-08-29,Cavalcante,PR
79ccb868-9b2c-439b-be67-c6a00e1d6c70,Igor Lima,nsilva@example.org,2023-12-23,Barbosa das Flores,MA
35344815-54a7-40a1-a11a-e65138687d79,Luigi Pastor,tporto@example.com,2024-11-12,Araújo,MG
2c3fe722-80c8-4919-9f58-5a980363c528,Isaque Silveira,emanuelly66@example.org,2024-03-02,Mendonça,MS
3e07da67-ec92-494e-b106-40fa5150bc82,Dante Cirino,pimentalucas-gabriel@example.net,2025-02-21,Fogaça Verde,PE
215864e0-2794-4b13-b5f6-52745b9aab71,Sr. Antony Costa,da-costayan@example.com,2025-05-13,Câmara,AP
dfddbfaf-f752-4556-a119-6f2d810d216e,Beatriz Costa,felipe59@example.org,2025-03-13,Pires de Oliveira,MG
,Caleb Abreu,ryan56@example.com,2025-04-05,Freitas de da Paz,SC
64f47e9b-9b06-4231-b2c3-69cd3798eeca,Luiz Otávio Dias,ayllarodrigues@example.com,2025-05-09,Pinto do Oeste,MA
cbf3fe27-f756-4005-9079-e5ee1fd709df,Cecília Monteiro,beniciobarros@example.net,2025-04-26,da Mata Paulista,PE
e405893d-c8b9-439b-9c64-dcff6e928fa3,Dr. Kevin das Neves,machadomatteo@example.net,2023-09-16,Pires Verde,SE
565bc354-3a64-4009-a7a6-0a2b1b0df87a,Ian Ferreira,yago49@example.org,2023-09-25,da Rosa Alegre,MS
bf098fb7-b3a1-4e44-9ffd-346ceec3ce9b,Renan Mendes,miguellopes@example.com,2023-11-18,Almeida de Freitas,GO
087718da-2864-46af-b188-7ecc1fa5946c,Davi Luiz da Luz,manuella78@example.com,2023-10-18,Siqueira da Mata,TO
,Cecília da Cruz,sgomes@example.com,2024-01-01,da Cunha do Sul,MG
789321ed-d8bc-41ba-95f4-eb01a21c4eac,Laís Caldeira,mda-paz@example.com,2024-12-22,Dias,MA
91dc7327-82a1-4d0b-8f5f-1e38811e8d46,Valentina Farias,oliviadias@example.com,2024-02-06,Costa do Galho,AM
6fdb651e-5450-4a2d-b08f-d8a69077991d,Fernanda Cardoso,davi-lucasmoraes@example.net,2024-03-14,Nunes Grande,RN
73beb180-34e4-42d2-8cab-30fd13ff512d,Valentim Câmara,bryanpastor@example.net,2025-03-03,Montenegro de Goiás,AM
f50c4727-23a1-4e65-8aaa-0178d5f46621,Vicente Costela,novaispietro@example.com,2024-10-27,Barros da Serra,RS
ab6304d6-48e2-4770-bfa8-b93f10b49a22,Vitor Hugo Jesus,wdas-neves@example.org,2024-06-20,Rezende,TO
e9e18090-e341-4f2a-a441-1a6a21a5e6a7,Emilly Caldeira,aragaoguilherme@example.com,2024-03-21,Pereira Verde,RR
553e8c9d-43be-4999-8fbb-7beeacf09201,Dr. Enzo Gabriel Dias,joao06@example.org,2024-09-28,da Cunha Alegre,PA
0024b25d-c2ea-40bf-8c9c-03b5aa9423cc,Ana Sophia Sampaio,,2025-08-03,Barros,SP
66df91c0-1bb4-46e9-aee9-1b2349fb8b43,Sr. Isaac Silveira,da-pazjoao-vitor@example.net,2023-10-02,Mendes,MS
33f6fd82-2671-4f1c-9b5b-f6b53ff4b43c,João Lucas Souza,pireshenry-gabriel@example.net,2024-05-11,da Luz do Campo,PI
4b04a467-9880-48da-a4a1-ef241602b221,Marcela Albuquerque,danilorezende@example.net,2024-02-10,Sampaio da Praia,MT
c14814bd-ce73-4fd7-80d8-5bd10f69319b,Yan Vargas,arthur-gabrielferreira@example.com,2024-01-01,Araújo do Sul,AP
2b2fe485-deba-4644-b593-46222d6957dd,Leandro Farias,paulobrito@example.com,2025-06-27,Vieira do Sul,PR
cc27813a-f8cb-4095-8b11-9629d0dc477c,Luara da Rocha,emilly34@example.com,2023-10-16,Leão Grande,PA
240f3964-693a-4b51-adf3-45c38db73fd5,Liz Macedo,jesusisis@example.com,2023-11-02,Duarte,RJ
6eeed95e-59ff-4bc0-9f8b-1e538f6f99b0,Marcos Vinicius Garcia,joao-felipe97@example.com,2024-04-13,Aparecida dos Dourados,RJ
99bdbc33-9467-4866-989b-55a9ee5bac16,Clara Pires,maria-luisacamargo@example.net,2024-05-05,Pastor,AL
10ddbf6a-bc86-4a03-9f7e-427dbcf84b27,Calebe Carvalho,mendesluiza@example.net,2024-05-12,Leão,GO
bfb995bb-5767-4b50-9fce-8c63306d512b,Oliver Sousa,xandrade@example.com,2024-05-18,Montenegro,PB
5ee7d251-b203-4e81-8ea7-5dfb4e1fa01e,Helena Castro,lucca93@example.com,2025-06-20,Rios Verde,MT
cbe4ef47-95d6-4115-a90f-5bec7aeb25ac,Srta. Aurora Pires,vieiraluiz-gustavo@example.com,2024-03-26,Camargo Alegre,PI
0ea754d2-0e01-4c52-bb8f-231ad1acc373,Brayan Vasconcelos,pedro69@example.net,2025-06-29,Caldeira,ES
22de2b1d-e84c-41e1-9b80-96b76e4b4bd9,Matheus da Rocha,bnovais@example.com,2025-08-12,Nunes de Castro,RR
125448ca-e421-4b54-9d5b-ed41d4fdd903,João Guilherme Correia,dda-rocha@example.net,2024-01-23,Camargo,MT
0d996cdb-8b14-4a53-bd2d-111a3f776c76,Maria Fernanda Silva,esther11@example.net,2024-02-29,Caldeira,SP
f1584e36-d77e-48e1-82d7-2f0bf5f48ddc,Ana Luiza Azevedo,leticia87@example.org,2025-04-04,Porto,RS
af0f6896-a561-4e96-9d8f-0c1c67531bd3,Maria Helena da Cruz,maria-isis47@example.org,2025-08-15,Sousa do Oeste,MG
20a690fe-0d8e-459f-88c6-8273cec1f221,Sr. Apollo Fernandes,jose-pedromelo@example.net,2024-02-21,da Paz,PB
5f6d4b9c-894d-4f92-a648-95bf1aac91a8,Dr. Luiz Otávio Peixoto,xribeiro@example.com,2024-04-02,Moura,AL
9f2da218-39d0-4ebf-b2b2-7c5e39a5419d,Isadora Cavalcante,raul72@example.net,2024-03-15,Andrade,RO
15102abb-8ef8-4518-a05d-66a10a07a1ce,Noah Pires,lsousa@example.net,2025-09-09,Pacheco das Flores,ES
8267aace-9274-4ac2-83cb-6da62759167c,Luiz Otávio Silva,nogueiramarcela@example.net,2024-12-28,Novais,PB
d1ff5f0b-2f2d-4317-8f25-0f9f67f2bfac,Arthur Gabriel da Luz,asafeleao@example.com,2024-12-18,Aparecida,MA
9e66dfcc-8fa1-4c3f-9a5e-c8d849a4b81e,Srta. Clara Rocha,,2025-03-19,Vargas Paulista,MS
c9992440-1f6c-4227-a6d2-62cd977a9996,Juan da Luz,ucavalcanti@example.org,2024-03-18,Ferreira da Serra,DF
4105ce87-0c31-4be5-a70e-cc883a3c61c4,Heloisa Nascimento,qrios@example.net,2024-06-26,Silva,PB
199e77a0-b352-44c3-aec0-f62a5cc59bfb,Sra. Amanda Andrade,noah19@example.com,2025-03-27,Almeida de Guerra,PI
891a23dc-a7c6-4ea3-a38b-b485dcbd678f,Stella Mendonça,borgesliz@example.org,2025-09-14,Vargas,RS
6a3a5a0f-87d6-43a8-bf0d-fe66ead9b67c,Guilherme Dias,csilveira@example.org,2025-05-01,Duarte do Norte,ES
8140aa38-7034-4fd6-b7e0-eb028fdf4bdd,João Guilherme Cavalcanti,helenacamargo@example.com,2024-10-26,das Neves,RJ
ce4771da-9be2-4222-b42e-5649f55e567f,Ísis Novais,tfogaca@example.org,2023-10-06,da Cruz de Nunes,MA
15e66184-33da-4057-953c-a594fb9b1b71,Luna Peixoto,kpereira@example.org,2024-09-14,Rocha Grande,MS
1c56d8eb-9f8d-46cb-a628-df0a0819d94f,Vitor Hugo Fonseca,joao-gabrielcosta@example.org,2024-12-10,Carvalho da Prata,CE
7fc826be-6251-4113-869e-3d1d386505c8,Vitor Marques,,2023-12-13,da Cruz do Sul,PA
83de53fa-1710-4cc3-843c-68a765476951,Sr. Théo Câmara,sofia24@example.com,2025-01-11,Macedo de Minas,PE
71618c73-5934-4a24-b5d3-04f8c5370f25,Yago Farias,carvalhocarlos-eduardo@example.org,2024-02-17,Moura de Minas,RN
8d4642d7-17df-4105-b664-6c477c701157,Cauê Pereira,vargasluiz-henrique@example.org,2023-11-05,Brito,SP
ec853bba-c6ae-482d-9d45-0212b1b1eeb7,Raquel da Costa,apolloporto@example.org,2025-04-06,Leão,GO
362bf360-7e67-4b40-a382-694d25ea51f9,Antonella Lopes,,2025-01-26,Andrade Alegre,PR
d77af8cc-06f0-4f7e-af37-80241a278a79,Francisco da Rosa,pedrocampos@example.com,2025-04-01,Cassiano das Flores,RN
463ce4bb-d9d5-4222-b781-698d9655a883,Pedro Viana,silveiraotavio@example.com,2023-10-08,Sá do Norte,SP
6694a90b-1074-48d5-8c46-f07e6e8f7bef,Dr. Luiz Felipe Costela,nabreu@example.org,2025-04-30,Correia,PA
0990e8ae-f575-4474-ae96-19f6be3963e3,Hadassa Fonseca,luiz-felipecostela@example.com,2025-05-14,Novaes de Moreira,GO
e37af844-509b-4a37-a039-00b3f1e1f0b4,Oliver Fogaça,tduarte@example.com,2024-04-05,Sá,TO
43d2dde3-dbd9-4787-9d6d-305bf1080802,Yuri Viana,luna75@example.net,2024-07-06,Moreira Verde,RR
df96ec5e-71db-4b6b-a2d8-75a1ea1d1de7,Valentim Lima,fernandosiqueira@example.com,2024-02-20,Novais do Oeste,PA
108e99e1-7a65-4869-93bb-debd5ed9f162,Aylla Nunes,dante25@example.org,2023-12-26,Araújo,PA
d3138581-26b7-417d-833e-b4eb02883501,Joana Santos,gcamara@example.org,2025-09-02,Carvalho de Rocha,PA
f101759c-e568-4f16-8cd4-123a6029e90c,Henry Sá,olivia37@example.org,2024-01-15,Cunha,SC
45a83bab-f8eb-4572-ab7f-a9bf6e0dd2da,Sr. Ravi Viana,nunesgabriel@example.net,2024-11-04,Nascimento,PE
ddb5cc2a-7560-483f-8db9-b386408f3826,Arthur Miguel Camargo,levialbuquerque@example.net,2025-06-17,Barros,RR
72025c7e-c7f6-41d9-a540-25035dc24094,Sr. Thales da Rocha,da-cunhabenicio@example.net,2023-11-25,Pereira do Norte,RN
40ea2377-0def-4723-bc17-f1ae2168f387,Caio Azevedo,maria-sophia38@example.com,2024-01-10,Alves de Goiás,ES
3ac595d1-7a51-4634-ad97-b0ed141a89c2,Dr. Benjamim Peixoto,mateusaparecida@example.net,2025-06-04,Vasconcelos do Amparo,PA
41c6f107-6539-471f-be39-612dc739028c,Dr. Benicio Montenegro,andraderavy@example.com,2025-09-03,da Mota,RS
577ac51b-b35a-4662-81b1-fbe127b66dc4,Dr. João Felipe Costela,machadobento@example.net,2024-04-17,Dias do Sul,RJ
240f3964-693a-4b51-adf3-45c38db73fd5,Liz Macedo,jesusisis@example.com,2023-11-02,Duarte,RJ
5562c6f4-e432-46a3-9105-609ff267afa0,Gustavo Henrique Gonçalves,emilly21@example.net,2024-07-30,Silva do Galho,AC
aa7a3aea-02e0-4c6d-a8bf-2513a85efb67,Asafe Brito,caua27@example.com,2025-02-10,Marques,SP
862ccf5a-cf2c-4492-bb2b-18a50298eba7,Maria Laura Sales,camilamacedo@example.org,2024-04-11,Fernandes de Martins,PB
b4478cb6-211a-428b-976c-8f50b6db6898,Sr. Joaquim Caldeira,riosvalentina@example.com,2024-01-31,Machado,SE
64dd40f6-9920-4dfe-b105-c233320dd021,João Pedro Nogueira,mcorreia@example.com,2025-05-26,Borges,PR
153b9182-18e7-4ed0-89cb-ae013b5ef0a5,Catarina Moraes,jesusjuan@example.org,2024-07-26,Siqueira,SE
0457160a-19f6-47d2-a490-67edf92fed91,Breno Costa,rebeca36@example.org,2024-10-14,Martins Paulista,DF
b443bf53-39dd-405d-8b85-8befcd7100c1,Mirella da Cunha,monteiromarcos-vinicius@example.net,2024-06-06,Souza da Praia,AM
c18d2911-a840-49ae-843a-b3eb365a59eb,Gael Henrique Duarte,isabelly90@example.com,2025-01-24,Freitas,PB
c9992440-1f6c-4227-a6d2-62cd977a9996,Juan da Luz,ucavalcanti@example.org,2024-03-18,Ferreira da Serra,DF
70e698c9-8c97-4bd5-ba67-57478f363f5b,Erick Lopes,koliveira@example.org,2025-08-17,Monteiro de Goiás,SC
238712da-808a-4bab-8f7c-5e6467275b2d,Paulo Sales,da-matajoao@example.net,2024-03-05,Costa,PE
50979523-5089-48dd-bbbe-ea7a556d5455,Elisa Andrade,luanrocha@example.net,2023-11-05,Vieira da Serra,PA
f5492032-17df-4c56-ad77-ab10ad2cf429,Théo Jesus,lorenaabreu@example.org,2024-07-30,Alves da Serra,MS
e6733fb5-9344-47c4-9392-f82e571b2efa,Ryan Aparecida,ana-carolina83@example.com,2023-09-21,Viana,PE
d51918f7-e5b2-43ea-824d-98ab491d78b7,Carlos Eduardo da Luz,mirellarocha@example.com,2024-11-09,Albuquerque,ES
3e07da67-ec92-494e-b106-40fa5150bc82,Dante Cirino,pimentalucas-gabriel@example.net,2025-02-21,Fogaça Verde,PE
e79bf898-06a4-49d2-8db7-64ae38b030f0,Dra. Alexia Pinto,dmartins@example.net,2024-06-06,Souza,DF
a9cd52ce-6326-4442-bb04-0586395a629a,Maitê Almeida,spereira@example.com,2024-09-11,da Conceição,RN
c15218ef-4a0b-4bf4-9739-b49bca30fe25,Francisco Câmara,kfogaca@example.org,2025-01-18,Moreira de Goiás,RO
6af6c917-da31-4d39-b228-04ee095b87dd,Breno Farias,hcosta@example.net,2025-07-26,Vasconcelos,PE
bd2c39fc-7dc5-4b4c-af9c-7cfbe0fab736,Natália Nascimento,mporto@example.com,2025-05-05,Camargo,PI
78041ee6-15dd-48ef-b7c2-fc98f4993a57,Isabelly Moreira,evelynsilva@example.com,2025-06-03,Souza de Lopes,SP
0af673ba-185d-4d66-9a9a-4142783a6d04,Maria Luísa Cunha,cecilia24@example.net,2024-07-08,Câmara,RR
b0e141b6-d56f-452d-8709-f0d6e748f68c,Emanuella Nogueira,viniciusmartins@example.org,2024-03-18,Rodrigues,AM
20fdbc3c-1b44-4846-ad2a-f57099bd73cb,Ana Liz Costa,maria-juliaoliveira@example.net,2024-10-28,Camargo da Serra,DF
15102abb-8ef8-4518-a05d-66a10a07a1ce,Noah Pires,,2025-09-09,Pacheco das Flores,ES
cfa6f1e3-914d-417e-b79d-4bd020f1cb5c,Eduardo Sousa,,2025-03-31,Sampaio de Vasconcelos,PA
5c59f492-8d84-4b64-8691-864a235e3068,Nathan Cassiano,guilhermevieira@example.net,2024-02-15,Cirino de Silveira,RN
837f2f23-71f8-46a7-84fc-3a33691ae64a,Ana Rocha,anunes@example.net,2025-01-17,Dias,PI
88ec34f0-9fa9-43bc-b778-3b0511e49702,Sr. Ravy Machado,noah16@example.org,2023-09-24,Jesus das Flores,GO
c1718c87-d7f6-4699-a18f-3a3365797285,Pedro Henrique Pereira,nunesvitor-gabriel@example.org,2025-03-27,Moreira Verde,AL
4c9f1415-23ad-4300-88fd-20df96e2da15,Antônio da Luz,oliviamachado@example.org,2023-10-06,Sousa,SC
05fc2b10-00b8-4690-a965-a0b3ea29e961,Dom Pires,bryan87@example.com,2024-06-14,Sampaio,PR
ce4771da-9be2-4222-b42e-5649f55e567f,Ísis Novais,tfogaca@example.org,2023-10-06,da Cruz de Nunes,MA
6c02ad75-fd90-4534-a26e-0df8cf4f4fca,Sr. Pietro Rezende,yuri22@example.com,2024-09-28,Sá do Galho,TO
3c4bd491-75b7-4991-8b60-e99bb801b689,Asafe Vasconcelos,siqueirajoao-gabriel@example.com,2024-04-14,Gomes das Flores,TO
4a79063e-3251-4f2c-a6ba-5205b5a14158,Alexandre Macedo,leo35@example.com,2024-10-05,Novaes do Norte,MT
d3138581-26b7-417d-833e-b4eb02883501,Joana Santos,gcamara@example.org,2025-09-02,Carvalho de Rocha,PA
d92db9a7-4a9a-4e36-91cf-8c0dae0d1f97,Luiz Felipe Ramos,ycasa-grande@example.org,2025-09-13,Pires,SP
03a7c739-66f7-422b-a86f-314fb568e357,Ravi Lucca Barros,heitor29@example.net,2024-12-14,Novais de Pastor,CE
cc7fb5df-8ce8-48c4-91b3-e326ed801886,Kamilly da Rocha,pbarros@example.net,2025-09-07,Carvalho Paulista,RR
e32cc651-eabb-4c60-b137-b98d990fe170,Heitor Costa,vaparecida@example.com,2024-12-01,Ribeiro da Prata,RJ
0220793e-3421-47b5-aa42-4504d3869d88,Sr. Antônio Teixeira,luna55@example.org,2025-01-02,Fernandes Paulista,PE
b973a81b-4bcb-4464-8aa8-14e27099941a,Gael Henrique Pereira,xmarques@example.com,2024-06-24,Cunha,AC
268b9c3e-858a-4294-a59c-25360190545d,Augusto Novaes,cassianojoana@example.org,2024-07-15,Campos,AL
922001f4-78bf-43e9-bd4e-89eb6742de72,Otávio Carvalho,ycasa-grande@example.com,2024-10-30,Novais do Galho,DF
9ea76c95-cf98-45a2-8396-b8e1ec73f8b6,Maria Alice Aragão,eduardonunes@example.net,2025-08-07,Carvalho,SP
2c5193e6-8b55-4834-b39f-b75772bdcaed,Sr. Marcelo Aragão,nicole84@example.com,2024-01-17,Souza,ES
